user_id,name,address,phone,email
user0001,Adelheid Card,1287 Manitoba Pl ,5648742865,AdelheidCard@yahoo.com
user0002,Jemimah Bazzi,3061 Diana Way N,2535882441,JemimahBazzi@icloud.com
user0003,Micheline Sidur,2120 Merrill Dr NE,5099640251,MichelineSidur@icloud.com
user0004,Chryste Fetterly,6426 Gansvoort Ave ,3606582395,ChrysteFetterly@outlook.com
user0005,Ermentrude Schifo,7444 Mountain Dr ,5030928564,ErmentrudeSchifo@icloud.com
user0006,Marney Mcmurtry,5903 Lander Ave SW,5037514171,MarneyMcmurtry@aol.com
user0007,Valencia Sukhram,1312 Green St W,4251208586,ValenciaSukhram@gmail.com
user0008,Caressa Waddy,4637 Decatur Ave NE,5645725782,CaressaWaddy@outlook.com
user0009,Darcee Mcculloh,3490 Phelps Dr N,2066891573,DarceeMcculloh@gmail.com
user0010,Evangelin Robbin,5964 Melrose Ave NW,2063471037,EvangelinRobbin@yahoo.com
user0011,Janie Goossen,8077 Wadsworth St N,4251035401,JanieGoossen@icloud.com
user0012,Alanna Ceretti,1390 Milwaukie Ave N,3605785267,AlannaCeretti@icloud.com
user0013,Melanie Hartert,2443 Thirty-Fourth St E,5092433665,MelanieHartert@icloud.com
user0014,Clarinda Delongis,5145 Government Blvd SE,5095418326,ClarindaDelongis@icloud.com
user0015,Ulrike Bockelmann,5903 Russell St E,4250789078,UlrikeBockelmann@icloud.com
user0016,Erna Brackman,3827 South Dr NE,5099872251,ErnaBrackman@icloud.com
user0017,Odella Bordner,3960 Oriental Ave N,5416895137,OdellaBordner@aol.com
user0018,Evvie Berge,7520 Bradner Blvd NE,5030360478,EvvieBerge@yahoo.com
user0019,Antonina Hanville,1591 Eaton Way S,4254311827,AntoninaHanville@outlook.com
user0020,Prisca Dates,6494 Lander St SE,4250291087,PriscaDates@gmail.com
user0021,Nancey Franklin,1630 Mulford Pl ,5032882994,NanceyFranklin@gmail.com
user0022,Diane-Marie Mase,1187 Twenty-Second Dr ,4257863615,Diane-MarieMase@aol.com
user0023,Winny Hauze,4249 Campbell St ,5648087563,WinnyHauze@yahoo.com
user0024,Kellia Albe,3563 De Forest Blvd E,2535525752,KelliaAlbe@icloud.com
user0025,Halie Beech,5361 Ferry Ave NE,5094019935,HalieBeech@hotmail.com
user0026,Maureene Simonds,5320 Erie Way ,5643021810,MaureeneSimonds@yahoo.com
user0027,Jeni Ganfield,2315 Twentieth St ,5031821620,JeniGanfield@aol.com
user0028,Rosaline Hopfer,5659 Helen Ave ,5030913108,RosalineHopfer@hotmail.com
user0029,Etti Liss,1623 Mitchell Dr SE,2068166414,EttiLiss@icloud.com
user0030,Kip Skeldon,8625 Eighth Way ,4259785288,KipSkeldon@aol.com
user0031,Cathrine Powskey,2160 Thirty-Fourth Pl ,2539804986,CathrinePowskey@yahoo.com
user0032,Wendi Eames,7006 Twenty-Ninth Pl NE,2065124475,WendiEames@aol.com
user0033,Jaquenette Deida,7632 Fontenelle Ave NW,4251432203,JaquenetteDeida@hotmail.com
user0034,Ariella Kersch,4547 Warren Blvd NW,5646589072,AriellaKersch@outlook.com
user0035,Flossy Revay,8133 Pleasant St N,4250999998,FlossyRevay@aol.com
user0036,Cele Curiel,8401 Mcgill Blvd ,3607372356,CeleCuriel@hotmail.com
user0037,Chelsey Fosdick,8571 Pike Blvd SE,2532264425,ChelseyFosdick@outlook.com
user0038,Eddy Boensch,3548 Dearborn Blvd N,2530252789,EddyBoensch@yahoo.com
user0039,Dorisa Morishito,1898 Summit Ave E,2534702623,DorisaMorishito@hotmail.com
user0040,Halimeda Dellaca,4592 Fifth Pl W,2539830267,HalimedaDellaca@yahoo.com
user0041,Janette Cawthon,1903 Stirling Pl ,4251257086,JanetteCawthon@icloud.com
user0042,Minny Abron,2411 Twenty-Ninth Way N,3606433196,MinnyAbron@gmail.com
user0043,Claudina Hornby,4882 Marmion Dr W,5091101782,ClaudinaHornby@outlook.com
user0044,Beulah Abaja,5341 Clarence Dr E,3600543270,BeulahAbaja@aol.com
user0045,Correy Wamhoff,4245 Marion Dr SE,5414050793,CorreyWamhoff@gmail.com
user0046,Wenona Dresel,5827 Sheafe Pl W,3603486420,WenonaDresel@yahoo.com
user0047,Nichol Bitto,4900 Highland Ave E,3607889832,NicholBitto@outlook.com
user0048,Ilise Johansen,5565 Quinault Pl S,5094662311,IliseJohansen@hotmail.com
user0049,Ambur Meuse,4533 Cove Pl N,5039839094,AmburMeuse@aol.com
user0050,Gretal Pascoe,4553 Waite Blvd SE,5034833403,GretalPascoe@hotmail.com
user0051,Andrei Manecke,6072 Twentieth Pl N,5419644489,AndreiManecke@aol.com
user0052,Sandy Haggin,4616 Green Way NW,2534751910,SandyHaggin@icloud.com
user0053,Janel Kurtzeborn,3878 Roy Blvd NE,4256856327,JanelKurtzeborn@icloud.com
user0054,Bethina Rembold,6464 Valentine Pl E,5036478111,BethinaRembold@icloud.com
user0055,Laverna Farnham,3614 Galer Blvd ,5097290914,LavernaFarnham@hotmail.com
user0056,Caterina Demchak,2309 Herschel Pl SE,5095379493,CaterinaDemchak@icloud.com
user0057,Sybilla Brillon,8145 Mine Ave ,3605134048,SybillaBrillon@gmail.com
user0058,Dee Burchett,8512 Crawford Pl NW,4255628940,DeeBurchett@icloud.com
user0059,Carley Moraitis,4378 Frank Pl W,5030466016,CarleyMoraitis@yahoo.com
user0060,Morganne Krane,2203 Republican St ,2065340077,MorganneKrane@hotmail.com
user0061,Constanta Livington,2593 Bradner Ave N,2062216667,ConstantaLivington@yahoo.com
user0062,Constanta Santy,5342 Ithaca Ave W,2063463669,ConstantaSanty@aol.com
user0063,Randi Thometz,8865 Colima Ave ,4257600071,RandiThometz@icloud.com
user0064,Emelia Risner,1199 Hyde Pl SW,5647897673,EmeliaRisner@hotmail.com
user0065,Crista Overbaugh,2700 Gould St N,5648799780,CristaOverbaugh@gmail.com
user0066,Ora Stoyer,5721 Mary Way N,5644058863,OraStoyer@outlook.com
user0067,Marina Buczak,2398 Olive St NE,2531006485,MarinaBuczak@outlook.com
user0068,Deb Liberty,4307 Prince William Blvd NW,5417466294,DebLiberty@gmail.com
user0069,Oralee Janis,4057 Crockett Way E,5098325474,OraleeJanis@gmail.com
user0070,Ladonna Nadal,2877 Box Pl E,5414172235,LadonnaNadal@aol.com
user0071,Reeba Henriguez,6816 Marietta St SE,5038374011,ReebaHenriguez@icloud.com
user0072,Noelle Derenzi,8622 Colfax Dr NE,2062776095,NoelleDerenzi@gmail.com
user0073,Marcy Terri,6173 Durward St W,3608439522,MarcyTerri@yahoo.com
user0074,Clarinda Kaushal,5276 Herschel St SE,5093204051,ClarindaKaushal@outlook.com
user0075,Ros Halstead,2415 Thirty-Fifth Blvd SW,5418566557,RosHalstead@outlook.com
user0076,Kassi Taborda,4176 Lamar St E,2060422425,KassiTaborda@icloud.com
user0077,Sophia Marriott,5762 Quilcene Dr W,5410052943,SophiaMarriott@outlook.com
user0078,Jesse Munning,6555 Ashland Pl NW,5412057102,JesseMunning@icloud.com
user0079,Regina Swierenga,4332 Harrison Ave N,5034090390,ReginaSwierenga@icloud.com
user0080,Ede Deremer,1919 Lakeview Dr NE,5092168224,EdeDeremer@icloud.com
user0081,Brandice Schlenker,6306 Idaho Way ,2065405957,BrandiceSchlenker@gmail.com
user0082,Ariella Langness,2869 Pearl Blvd E,4254887213,AriellaLangness@aol.com
user0083,Anita Demarini,7443 California Way NE,5096106036,AnitaDemarini@outlook.com
user0084,Jillian Montalvan,5146 Rural Pl ,5094042608,JillianMontalvan@outlook.com
user0085,Buffy Schnarr,8812 Birch Ave ,2066845240,BuffySchnarr@yahoo.com
user0086,Saree Plum,8370 Twenty-Fifth Ave S,3609423945,SareePlum@outlook.com
user0087,Beatrix Mikulich,6349 Mcgraw Blvd NW,4251982723,BeatrixMikulich@icloud.com
user0088,Ann Diamico,8186 Tremont Way ,5098078244,AnnDiamico@gmail.com
user0089,Shandeigh Sanderford,5928 Case Way S,4259069954,ShandeighSanderford@gmail.com
user0090,Celinda Eriks,2296 Sander Dr NE,4254796950,CelindaEriks@outlook.com
user0091,Celisse Resse,1541 Newell Pl N,5413441200,CelisseResse@yahoo.com
user0092,Jannelle Mcclaine,1351 Blakely Blvd NE,4250526050,JannelleMcclaine@icloud.com
user0093,Arlana Cherven,7250 Wiley Blvd W,2530986613,ArlanaCherven@hotmail.com
user0094,Drona Zwanzig,6765 Canal Ave N,2534064477,DronaZwanzig@yahoo.com
user0095,Mufinella Campillo,3591 Cullen Dr ,4250752480,MufinellaCampillo@outlook.com
user0096,Birdie Spender,2264 Lander St NE,5640839148,BirdieSpender@outlook.com
user0097,Asia Lefever,1180 Chicago Blvd NW,5030592518,AsiaLefever@aol.com
user0098,Nell Leroux,8660 Benjamin Dr E,3609095281,NellLeroux@gmail.com
user0099,Gretchen Bykowski,2172 Charlestown Pl ,3605386983,GretchenBykowski@yahoo.com
user0100,Harriott Usie,4417 Roy Way ,2538352317,HarriottUsie@yahoo.com
user0101,Tabby Teller,5158 Armour Blvd SW,4256199895,TabbyTeller@outlook.com
user0102,Kacy Riesen,8766 Fifth Way ,3608991533,KacyRiesen@hotmail.com
user0103,Stephie Persch,6314 Water St NE,3602216866,StephiePersch@outlook.com
user0104,Fernandina Stephany,4362 Pine Ave SW,5093002502,FernandinaStephany@yahoo.com
user0105,Etta Throop,6317 Frederick Dr W,3609241235,EttaThroop@outlook.com
user0106,Vikki Harmsen,5634 Havens Way S,5098946872,VikkiHarmsen@yahoo.com
user0107,Fredrika Demartini,3079 Illinois Pl E,2068705531,FredrikaDemartini@icloud.com
user0108,Lilian Vansyckle,6497 Depot Blvd W,2062486212,LilianVansyckle@hotmail.com
user0109,Vonni Strasburg,4358 Vashon St W,4256394027,VonniStrasburg@aol.com
user0110,Gwenni Reinhold,4512 Frederick Way NE,5096948129,GwenniReinhold@aol.com
user0111,Blair Revering,7612 Seattle Way S,5090714158,BlairRevering@aol.com
user0112,Starlin Clemen,1225 Eighteenth Ave E,3602289301,StarlinClemen@gmail.com
user0113,Leia Hayslett,7857 May Dr ,3600428439,LeiaHayslett@aol.com
user0114,Petronia Widhalm,4066 Cullen Ave SW,2060052230,PetroniaWidhalm@aol.com
user0115,Gisele Safron,5061 Bluff St NE,5095439916,GiseleSafron@outlook.com
user0116,Maryanna Brager,6579 Howe St NE,2060198771,MaryannaBrager@aol.com
user0117,Cesya Guccione,2147 Squire Blvd ,3604271382,CesyaGuccione@hotmail.com
user0118,Myra Enamorado,3538 Twenty-First St NE,5410929572,MyraEnamorado@yahoo.com
user0119,Rafaelita Leasher,8139 Havens Blvd W,5644010808,RafaelitaLeasher@aol.com
user0120,Mallissa Feagan,6573 Western Blvd ,5090893158,MallissaFeagan@yahoo.com
user0121,Lissy Sattel,7639 Taylor St NE,5096247162,LissySattel@yahoo.com
user0122,Chicky Nordwall,1005 Choat Ave E,5417739461,ChickyNordwall@hotmail.com
user0123,Rochella Cuzzi,2568 Whitman Way SE,2530571402,RochellaCuzzi@icloud.com
user0124,Alicea Cutia,5730 Forty-First Way SE,5649237180,AliceaCutia@outlook.com
user0125,Mella Thiengtham,6419 Fifth Ave S,5035193722,MellaThiengtham@hotmail.com
user0126,Hedwiga Menter,4039 Douglass Way ,5414979887,HedwigaMenter@outlook.com
user0127,Dre Stallbaumer,3036 Law Blvd SW,3602821863,DreStallbaumer@gmail.com
user0128,Melony Sandefer,1162 Depot Pl NW,5095264477,MelonySandefer@hotmail.com
user0129,Gabriela Greider,1306 Joy Blvd ,5031746283,GabrielaGreider@aol.com
user0130,Hestia Burham,1484 Prospect Ave NW,5410608450,HestiaBurham@gmail.com
user0131,Fidelity Bardoner,6678 Kansas Pl SW,5640074773,FidelityBardoner@yahoo.com
user0132,Kacey Espenschied,8781 Monroe Pl W,2068188746,KaceyEspenschied@yahoo.com
user0133,Ebonee Mercury,1165 Clay Ave E,2065593474,EboneeMercury@gmail.com
user0134,Imogen Alesna,8783 Willow Ave NW,2535393003,ImogenAlesna@outlook.com
user0135,Cleo Fife,2580 Alva St NW,2067232795,CleoFife@aol.com
user0136,Miriam Kincaide,8226 Bellevue Blvd NW,5031375706,MiriamKincaide@yahoo.com
user0137,Deeann Terkelsen,3793 Depot Ave NW,5091028367,DeeannTerkelsen@gmail.com
user0138,Ammamaria Wagy,6865 Melrose Ave NE,5033677482,AmmamariaWagy@icloud.com
user0139,Mala Calix,4879 Smithers Way ,5648447112,MalaCalix@outlook.com
user0140,Janeen Lindner,3057 Connecticut Blvd E,5417364856,JaneenLindner@outlook.com
user0141,Dela Schaffer,3544 Twenty-Ninth Dr N,5411042405,DelaSchaffer@aol.com
user0142,Fenelia Armlin,4986 Wirth Blvd S,5095689409,FeneliaArmlin@hotmail.com
user0143,Alison Fijalkowski,4076 Milwaukie Way ,2539375460,AlisonFijalkowski@gmail.com
user0144,Virginie Pattee,4931 Cullen Pl E,5643934792,VirginiePattee@yahoo.com
user0145,Mari Vickrey,1430 Fourteenth Ave SW,5648166913,MariVickrey@hotmail.com
user0146,Anette Holdcraft,8717 Grange Pl N,2536622668,AnetteHoldcraft@hotmail.com
user0147,Amelina Hoben,2013 Herschel Way SE,5037753720,AmelinaHoben@gmail.com
user0148,Denys Bundi,1511 Keokuk Ave ,4254963894,DenysBundi@icloud.com
user0149,Laurella Powe,2228 Washington Ave N,5648319168,LaurellaPowe@hotmail.com
user0150,Saraann Si,6481 Swim Pl W,3605679122,SaraannSi@yahoo.com
user0151,Jodi Bachler,3786 Lake Union Pl ,2538087608,JodiBachler@gmail.com
user0152,Sondra Mclarney,4068 Lakeview Dr E,5419061832,SondraMclarney@hotmail.com
user0153,Eryn Mrvan,6453 Stacey Blvd E,3609226697,ErynMrvan@gmail.com
user0154,Ophelie Cofer,3573 Johnston Way E,5091605777,OphelieCofer@yahoo.com
user0155,Kristal Rhinerson,8009 Mansion Dr N,3601790333,KristalRhinerson@gmail.com
user0156,Lilith Wilham,1975 Lena Pl ,3606580318,LilithWilham@gmail.com
user0157,Fan Piwetz,1931 Broad Ave S,5648828605,FanPiwetz@icloud.com
user0158,Darryl Leitao,8237 Bay St ,2532002779,DarrylLeitao@gmail.com
user0159,Dniren Woodrome,5090 Fulton St S,4256544701,DnirenWoodrome@outlook.com
user0160,Lurline Lebleu,7548 Malden Way SE,4250936937,LurlineLebleu@aol.com
user0161,Abbi Puffinberger,6009 Ruden Blvd SE,5032138544,AbbiPuffinberger@aol.com
user0162,Peggie Corpus,2122 Alvah Blvd NE,5034707751,PeggieCorpus@gmail.com
user0163,Melissa Brinkerhoff,7318 Forty-First Dr W,5093312475,MelissaBrinkerhoff@aol.com
user0164,Davida Marsek,2593 Summit Way N,5037843465,DavidaMarsek@hotmail.com
user0165,Kathlin Hearst,8846 Rainier Ave NE,2536179474,KathlinHearst@icloud.com
user0166,Georgette Cade,8471 Victory Dr NE,5410874905,GeorgetteCade@gmail.com
user0167,Mora Martorell,6404 Emmons Or Milk Way N,4259786951,MoraMartorell@icloud.com
user0168,Carolann Renn,4070 Charlestown Way E,4257044528,CarolannRenn@gmail.com
user0169,Cora Bester,1442 Andover Dr S,2067382808,CoraBester@gmail.com
user0170,Berry Storz,7938 Scott Way SE,3600773227,BerryStorz@icloud.com
user0171,Korie Piluso,1781 Epler St N,2066778584,KoriePiluso@yahoo.com
user0172,Anthe Auxier,2482 Bellevue St SE,5038076401,AntheAuxier@aol.com
user0173,Tani Stomberg,7536 Marietta Way SW,2062598188,TaniStomberg@hotmail.com
user0174,Adele Plessis,6341 Walker Blvd ,3609184417,AdelePlessis@icloud.com
user0175,Lucilia Reay,6100 Sixth Pl S,2533171941,LuciliaReay@outlook.com
user0176,Leonanie Meury,8749 Fir Dr ,5096008428,LeonanieMeury@yahoo.com
user0177,Deni Valesquez,1126 Lawrence Dr SW,4254011501,DeniValesquez@icloud.com
user0178,Debbie Schwede,2206 Boylston Pl ,5092223313,DebbieSchwede@yahoo.com
user0179,Elise Cornella,8586 Arbor Way SE,5411266376,EliseCornella@gmail.com
user0180,Elli Ede,7058 Government Ave ,5643856492,ElliEde@gmail.com
user0181,Kelli Wantland,3377 State Way ,2531380388,KelliWantland@aol.com
user0182,Jacinthe Vazzana,6369 South St SE,3607013359,JacintheVazzana@icloud.com
user0183,Malissia Rockhold,4731 Crockett Blvd E,4257491696,MalissiaRockhold@outlook.com
user0184,Ray Gildersleeve,7414 Wilkes Way ,5096154178,RayGildersleeve@hotmail.com
user0185,Correy Onsurez,3074 Stephens Ave E,5093320640,CorreyOnsurez@yahoo.com
user0186,Nelie Kron,4425 Clay Dr NW,5645987523,NelieKron@gmail.com
user0187,Cammy Whittenton,8737 Ridgly Pl W,3601292591,CammyWhittenton@hotmail.com
user0188,Hortensia Shephard,8611 Mccord St ,2068372309,HortensiaShephard@gmail.com
user0189,Chrystel Donadio,1095 Ward Dr S,5035585065,ChrystelDonadio@aol.com
user0190,Letitia Toupin,7086 Cascade Dr SE,5418001161,LetitiaToupin@yahoo.com
user0191,Alayne Vormwald,4467 Moltke St ,5038191465,AlayneVormwald@hotmail.com
user0192,Nicol Freise,1811 Malden Way SE,4259067719,NicolFreise@aol.com
user0193,Roanne Scherschligt,1756 Stanton Ave NW,5411768427,RoanneScherschligt@aol.com
user0194,Nevsa Medez,5609 Broad Dr SW,2065838363,NevsaMedez@hotmail.com
user0195,Alane Losee,2811 Queets Dr NW,3605818821,AlaneLosee@outlook.com
user0196,Lauryn Brummell,7205 Mississippi Dr SW,5030609344,LaurynBrummell@gmail.com
user0197,Tammara Templer,2978 Westlake Blvd SW,5033154804,TammaraTempler@icloud.com
user0198,Catlaina Steinkellner,8155 Yakima Blvd NW,2538066345,CatlainaSteinkellner@outlook.com
user0199,Fara Goedde,5128 Grant Blvd ,5091168827,FaraGoedde@yahoo.com
user0200,Bette-Ann Hansford,4814 Winthrop Dr NW,3606721348,Bette-AnnHansford@outlook.com
user0201,Collette Dyll,6618 Smiths Way SE,2537835638,ColletteDyll@icloud.com
user0202,Julienne Laford,2580 Sophia Blvd NW,5418164764,JulienneLaford@yahoo.com
user0203,Arleta Schildt,4964 Duke Way E,5035331280,ArletaSchildt@hotmail.com
user0204,Barbaraanne Orts,6046 Lombard Pl SW,2537162541,BarbaraanneOrts@hotmail.com
user0205,Ailina Ledlie,3022 Mulford Way SE,5098583521,AilinaLedlie@hotmail.com
user0206,Gypsy Manlito,6673 Kenney Dr NE,2539420611,GypsyManlito@hotmail.com
user0207,Jess Nacion,6995 Emmons Or Milk Way ,5640749317,JessNacion@yahoo.com
user0208,Alice Rezak,2983 De Forest Ave NW,3602294327,AliceRezak@outlook.com
user0209,Tawnya Vanhampler,8698 Tremont Blvd SW,3607152657,TawnyaVanhampler@gmail.com
user0210,Debbie Sobiech,5140 Pennsylvania Way NW,3606967801,DebbieSobiech@icloud.com
user0211,Melamie Saulsbery,6245 Howard Dr E,3600574047,MelamieSaulsbery@icloud.com
user0212,Heidie Constance,2430 Taylor St ,2532702951,HeidieConstance@outlook.com
user0213,Cordy Tomash,3401 Quinault St E,4258201313,CordyTomash@hotmail.com
user0214,Chantal Guinther,6066 Avenue St N,5640563286,ChantalGuinther@outlook.com
user0215,Mozelle Sproul,6285 Bluff Dr NE,2530366578,MozelleSproul@gmail.com
user0216,Hope Podolsky,5135 Orleans Ave SE,2536646208,HopePodolsky@yahoo.com
user0217,Suki Schenfeld,6058 Beach Dr ,5417493764,SukiSchenfeld@hotmail.com
user0218,Jerrie Goodling,2873 Diagonal St W,2065896100,JerrieGoodling@yahoo.com
user0219,Carree Hera,1110 Mulford Dr N,2531658668,CarreeHera@outlook.com
user0220,Karia Zapalac,1589 Proctor Pl W,5415535634,KariaZapalac@hotmail.com
user0221,Ayn Reyer,6653 White Pl NW,5099577069,AynReyer@outlook.com
user0222,Wendi Dering,6666 Chester Way N,4252405402,WendiDering@yahoo.com
user0223,Katy Verderber,3119 Ray Pl SW,2531399009,KatyVerderber@outlook.com
user0224,Anica Albany,4966 Thirty-Ninth Ave NW,3600221546,AnicaAlbany@outlook.com
user0225,Hannah Wilcinski,4861 Ithaca Way ,5033911906,HannahWilcinski@icloud.com
user0226,Frances Nalbone,6773 Commercial Dr N,5642455260,FrancesNalbone@hotmail.com
user0227,Lanna Floris,4636 Norman Way ,4256422088,LannaFloris@icloud.com
user0228,Kali Thornsbury,3864 Tennyson Blvd SW,4252240990,KaliThornsbury@hotmail.com
user0229,Lyndel Manlangit,4723 Burgess Ave SW,5099615587,LyndelManlangit@hotmail.com
user0230,Dela Bornstein,1617 Westlake Dr W,5640388337,DelaBornstein@hotmail.com
user0231,Constancy Adcox,4235 Davis St NE,2064069464,ConstancyAdcox@aol.com
user0232,Myranda Rodeman,8938 Decatur St W,3605320519,MyrandaRodeman@hotmail.com
user0233,Abbe Reul,8666 Broad Pl NE,5643673109,AbbeReul@hotmail.com
user0234,Zelma Miccio,4916 Colfax Dr S,3602902039,ZelmaMiccio@outlook.com
user0235,Corella Schuur,8371 Fifteenth Ave SW,2533987682,CorellaSchuur@outlook.com
user0236,Antoinette Wassinger,5212 Northrup Way E,2538008256,AntoinetteWassinger@gmail.com
user0237,Ekaterina Mize,2421 Bismark Ave NW,5412106348,EkaterinaMize@outlook.com
user0238,Alikee Mischo,4265 Light Dr ,2530653003,AlikeeMischo@aol.com
user0239,Camella Kirkegaard,8167 Emmons Way N,5098294981,CamellaKirkegaard@aol.com
user0240,Seana Dingle,5339 Wirth St SE,5099479353,SeanaDingle@yahoo.com
user0241,Venita Ruoho,5016 Central Blvd SE,2535917686,VenitaRuoho@icloud.com
user0242,Kathi Rone,8530 Kinnear Pl N,2068248389,KathiRone@hotmail.com
user0243,Hollie Belin,7848 Wheeling Ave SE,2060482200,HollieBelin@icloud.com
user0244,Leandra Merdian,6909 Williamson St ,3608706158,LeandraMerdian@hotmail.com
user0245,Correy Olgin,1481 Woodstock Ave NE,3607096597,CorreyOlgin@aol.com
user0246,Giustina Treinen,8529 Randolph Blvd SW,2061030033,GiustinaTreinen@hotmail.com
user0247,Dre Reasons,5228 Compton Way ,2067165917,DreReasons@yahoo.com
user0248,Daphene Devonshire,5966 Grant Dr NE,2532135069,DapheneDevonshire@outlook.com
user0249,Merlina Deshazo,8811 Thirty-Sixth Dr ,5413667454,MerlinaDeshazo@icloud.com
user0250,Lisha Haverkamp,5300 Fourth Ave SW,5039333702,LishaHaverkamp@aol.com
user0251,Marris Nahas,2245 Milwaukie Blvd ,3606201901,MarrisNahas@outlook.com
user0252,Katina Librandi,5809 Granada Dr SE,5412534250,KatinaLibrandi@hotmail.com
user0253,Nesta Karl,7774 Market Way S,5039275988,NestaKarl@aol.com
user0254,Tammara Files,7453 Swim Pl SW,4252425155,TammaraFiles@aol.com
user0255,Priscilla Ables,1034 Birch St SW,3600554188,PriscillaAbles@gmail.com
user0256,Brigid Miura,1257 California Blvd N,4254553283,BrigidMiura@outlook.com
user0257,Jojo Stain,7502 Washington Blvd SW,4252147391,JojoStain@icloud.com
user0258,Trula Reh,7305 Kentucky Dr SE,2531369696,TrulaReh@hotmail.com
user0259,Ashleigh Strandburg,3195 Monroe Way W,5415497731,AshleighStrandburg@icloud.com
user0260,Timmy Podolak,8031 Birch Ave W,4254451553,TimmyPodolak@hotmail.com
user0261,Barbara-Anne Wieger,4445 Wyckoff Dr NW,4254792989,Barbara-AnneWieger@outlook.com
user0262,Devondra Kuczma,4360 Valley Pl NW,5037747917,DevondraKuczma@outlook.com
user0263,Flori Caveness,6730 Colima St S,5640476144,FloriCaveness@gmail.com
user0264,Celina Tronaas,3784 Connecticut Ave NW,5093620084,CelinaTronaas@aol.com
user0265,Marris Capezzuto,1134 Lander St NE,5418157091,MarrisCapezzuto@yahoo.com
user0266,Ofelia Rifenbery,8718 Jessie Dr W,2533686737,OfeliaRifenbery@aol.com
user0267,Jennette Schebler,2581 Renold Way NE,5648631690,JennetteSchebler@outlook.com
user0268,Romonda Hosein,8041 Willard St W,3603237037,RomondaHosein@hotmail.com
user0269,Marcelle Daquip,1184 Orleans Pl SE,5031702408,MarcelleDaquip@aol.com
user0270,Doroteya Mclyman,8879 Tennessee St E,2539263632,DoroteyaMclyman@outlook.com
user0271,Charita Kudrna,5936 Queets Way E,2063901983,CharitaKudrna@icloud.com
user0272,Gloria Stratford,1600 Massachusetts Way N,5030630693,GloriaStratford@yahoo.com
user0273,Stephie Conwill,3303 Warren Dr E,4255111581,StephieConwill@icloud.com
user0274,Elisha Pisciotta,2751 Rainier Dr SW,5034692768,ElishaPisciotta@aol.com
user0275,Janith Slingluff,6584 Temple Dr ,5644000572,JanithSlingluff@yahoo.com
user0276,Oona Kelcourse,6089 Twenty-Second St E,5098302546,OonaKelcourse@outlook.com
user0277,Melesa Corsilles,7580 Mulford Way E,4253265364,MelesaCorsilles@gmail.com
user0278,Lorna Paplow,5448 Banner Blvd W,5038359589,LornaPaplow@icloud.com
user0279,Conni Mair,7033 Fourteenth Ave SE,5033191870,ConniMair@icloud.com
user0280,Feodora Titch,4434 Hall St ,2533595672,FeodoraTitch@icloud.com
user0281,Catie Krumbholz,5869 Laurel Blvd E,4257203165,CatieKrumbholz@hotmail.com
user0282,Erminia Mathwich,7208 Holgate St NW,5032794113,ErminiaMathwich@yahoo.com
user0283,Jenda Bakos,5353 Elin Ave NW,2535593739,JendaBakos@icloud.com
user0284,Robina Hrycenko,1864 Sterret Blvd N,2533739776,RobinaHrycenko@gmail.com
user0285,Milissent Blouin,2175 Brook Way E,5037080900,MilissentBlouin@hotmail.com
user0286,Lesya Fabroquez,2430 Pennsylvania Way NE,3604614892,LesyaFabroquez@hotmail.com
user0287,Danette Fryer,7957 Twenty-Sixth Ave ,3601015466,DanetteFryer@outlook.com
user0288,Darcie Harter,2864 Twenty-Seventh Dr SW,5646765412,DarcieHarter@yahoo.com
user0289,Judye Mckellar,7622 Baxter Dr N,5649819740,JudyeMckellar@hotmail.com
user0290,Fredia Petrillose,5756 Smithers Pl S,5410406124,FrediaPetrillose@gmail.com
user0291,Lorrin Birckett,8366 Fifteenth St S,4253385542,LorrinBirckett@hotmail.com
user0292,Maudie Tavana,7141 Keokuk Pl E,3601002898,MaudieTavana@hotmail.com
user0293,Lizzy Daughrity,1281 Sophia Ave NE,2067807566,LizzyDaughrity@outlook.com
user0294,Diane-Marie Lohre,8433 Broad St NW,4259113848,Diane-MarieLohre@aol.com
user0295,Ilysa Arashiro,2116 California Way NE,3608740398,IlysaArashiro@outlook.com
user0296,Lucina Boesel,5077 Marshall Way SW,5034807801,LucinaBoesel@outlook.com
user0297,Lyndsie Rupnick,7110 Liberty Ave SE,3608461021,LyndsieRupnick@icloud.com
user0298,Opal Rievley,4618 Frederick Way NW,2062755183,OpalRievley@yahoo.com
user0299,Fanni Oachs,4205 Twenty-Sixth Ave NW,4254147859,FanniOachs@yahoo.com
user0300,Ailee Friends,2213 Depot Way SE,5093030885,AileeFriends@aol.com
user0301,Lia Gregorich,6064 Government Way N,5092425693,LiaGregorich@icloud.com
user0302,Rikki Rhatigan,6961 Cove St N,5644828187,RikkiRhatigan@yahoo.com
user0303,Adriaens Braud,2954 Fourteenth St SE,3602150520,AdriaensBraud@gmail.com
user0304,Jeannie Rykard,5005 Commercial Blvd SW,5034367286,JeannieRykard@yahoo.com
user0305,Magda Blakeborough,8715 Boylston St NE,5099172960,MagdaBlakeborough@outlook.com
user0306,Rosalinda Wickstrom,5399 Colfax Ave ,5640830967,RosalindaWickstrom@hotmail.com
user0307,Evvy Buchenau,8175 Chicago Pl E,5646458279,EvvyBuchenau@icloud.com
user0308,Robinette Svatek,4361 Idaho St E,5410000064,RobinetteSvatek@aol.com
user0309,Essie Tarlton,6971 Green Pl ,4255348265,EssieTarlton@aol.com
user0310,Alexis Felicien,4200 Phelps Ave SW,5644503424,AlexisFelicien@hotmail.com
user0311,Shir Garafola,7074 Ingersoll St S,2538153153,ShirGarafola@gmail.com
user0312,Alexine Wieboldt,6637 Mansion Blvd SE,5099899689,AlexineWieboldt@icloud.com
user0313,Kim Winterbottom,1755 Prince William Way W,5645757822,KimWinterbottom@aol.com
user0314,Doti Goeldner,6751 Alder Ave NW,5415373369,DotiGoeldner@gmail.com
user0315,Inna Warsager,1200 Ohio St W,5646492652,InnaWarsager@gmail.com
user0316,Raphaela Tyner,1179 Bulwer Blvd ,2534404956,RaphaelaTyner@aol.com
user0317,Nichol Flocco,4681 Frederick Ave ,5641984406,NicholFlocco@outlook.com
user0318,Evangelia Westler,4097 Euclid Way SE,3606438048,EvangeliaWestler@aol.com
user0319,Lynnea Kirner,3646 Bradley Dr ,4252531254,LynneaKirner@aol.com
user0320,Fanny Safa,8994 High Dr E,2062918965,FannySafa@hotmail.com
user0321,Catherine Bardales,7162 Bradley Ave SE,5039755072,CatherineBardales@hotmail.com
user0322,Mara Clower,3618 Thirty-Fourth Dr ,5030069983,MaraClower@outlook.com
user0323,Odelia Schuchat,2231 Helen Way W,2532479997,OdeliaSchuchat@icloud.com
user0324,Crin Wanger,2091 Cullen Dr ,5649532094,CrinWanger@aol.com
user0325,Kassia Agrawal,2975 Marion Pl SE,5640460069,KassiaAgrawal@outlook.com
user0326,Filippa Brodhag,5490 Ridgly Blvd W,3602627401,FilippaBrodhag@hotmail.com
user0327,Beatrice Machover,2186 Forty-First Dr S,2535396860,BeatriceMachover@icloud.com
user0328,Opal Ching,4146 Douglass St ,2532184805,OpalChing@hotmail.com
user0329,Calley Whitwell,1976 Garfield Dr S,2530816569,CalleyWhitwell@yahoo.com
user0330,Ofilia Bolado,4693 Boylston St E,5036019150,OfiliaBolado@yahoo.com
user0331,Katharine Hedberg,5162 Roy Dr ,2065307163,KatharineHedberg@aol.com
user0332,Blancha Bocage,2446 Antiquary Ave NE,5094108668,BlanchaBocage@outlook.com
user0333,Rozalie Coccia,7573 Liberty Ave E,5097938748,RozalieCoccia@gmail.com
user0334,Tessie Grasse,3242 Mercer St NW,4252794139,TessieGrasse@hotmail.com
user0335,Trudie Rewerts,5881 Rose Blvd NW,5648832097,TrudieRewerts@hotmail.com
user0336,Lynnelle Nadolski,1908 Eighth St E,5649416119,LynnelleNadolski@aol.com
user0337,Elvira Batdorf,1924 First Ave SE,2066326403,ElviraBatdorf@hotmail.com
user0338,Bernadette Elcock,7720 Eighteenth Dr S,2530219261,BernadetteElcock@yahoo.com
user0339,Tallulah Ogarro,5976 Mercer Ave NW,5090517492,TallulahOgarro@icloud.com
user0340,Silvana Quinlan,4632 Fourteenth Pl ,4255547619,SilvanaQuinlan@hotmail.com
user0341,Dotty Montcalm,2956 Bradford Dr N,3604976799,DottyMontcalm@yahoo.com
user0342,Fionna Dowis,3220 Atlantic Pl ,4258460377,FionnaDowis@gmail.com
user0343,Iseabal Gahn,7888 Lee St W,4255270461,IseabalGahn@gmail.com
user0344,Lynsey Walberg,4142 Chelan Pl NE,5413498904,LynseyWalberg@icloud.com
user0345,Stepha Wedlock,8510 Green Pl N,5412695417,StephaWedlock@yahoo.com
user0346,Madlen Cea,4269 Terrace Way NW,3607568808,MadlenCea@gmail.com
user0347,Libbie Konma,7976 Silver Pl E,3600326252,LibbieKonma@yahoo.com
user0348,Costanza Newsted,4463 Ithaca Dr E,2062522472,CostanzaNewsted@icloud.com
user0349,Lexy Bradey,4184 Lee St SW,5417167271,LexyBradey@icloud.com
user0350,Ashely Poggi,1319 Clarence Dr NE,5038328286,AshelyPoggi@hotmail.com
user0351,Katharina Gjesdal,1142 Lewis St E,4255819515,KatharinaGjesdal@yahoo.com
user0352,Marissa Russer,1907 Mansion Way S,5412154102,MarissaRusser@yahoo.com
user0353,Cairistiona Pangan,5872 Hanford Blvd N,5092023048,CairistionaPangan@outlook.com
user0354,Kathe Villalta,2839 Gansvoort St N,5099901502,KatheVillalta@icloud.com
user0355,Deanna Luczki,1862 Lake View Dr SE,4259261106,DeannaLuczki@icloud.com
user0356,Bell Washor,7613 Gould Dr NW,3606852849,BellWashor@hotmail.com
user0357,Pauli Coulombe,3439 Ruden Dr W,5099987252,PauliCoulombe@yahoo.com
user0358,Lara Girvan,2130 Grand Ave SW,5096457234,LaraGirvan@aol.com
user0359,Cybil Strollo,7414 Hyde Blvd SW,2064959586,CybilStrollo@yahoo.com
user0360,Rebeca Villafane,6736 Leary St W,4255537798,RebecaVillafane@outlook.com
user0361,Jacquette Gwalthney,5262 Beacon St SE,3603770822,JacquetteGwalthney@aol.com
user0362,Klarika Kurshuk,5793 James Pl NW,5098600458,KlarikaKurshuk@outlook.com
user0363,Dorrie Hartnell,1343 Duke Pl ,2539590245,DorrieHartnell@yahoo.com
user0364,Pegeen Degooyer,8382 Elliott Way ,2068734807,PegeenDegooyer@aol.com
user0365,Ema Alls,7967 Seattle Ave ,5094144582,EmaAlls@gmail.com
user0366,Maisey Flieller,6394 Taylor Blvd E,3600385895,MaiseyFlieller@icloud.com
user0367,Karoly Beaubrun,1082 Nelson Blvd SW,5413780689,KarolyBeaubrun@hotmail.com
user0368,Conchita Zuehls,6382 Laura Ave SE,3604111430,ConchitaZuehls@gmail.com
user0369,Marylin Cella,6199 De Forest Pl N,5095009368,MarylinCella@icloud.com
user0370,Madel Backfisch,5666 Rainier St ,4257536959,MadelBackfisch@yahoo.com
user0371,Trixie Chaudoin,7441 Marmion St E,5642286914,TrixieChaudoin@yahoo.com
user0372,Devina Dunten,5499 Fifth Ave W,3605060805,DevinaDunten@hotmail.com
user0373,Anjanette Goodness,4921 Mulford Ave NE,2061697888,AnjanetteGoodness@gmail.com
user0374,Mable Skelton,5403 Lombard Ave NW,5095812376,MableSkelton@gmail.com
user0375,Janeen Skokan,7098 Mclellan Ave W,2532700329,JaneenSkokan@gmail.com
user0376,Juline Kisicki,5101 Howell Ave SW,3602877910,JulineKisicki@outlook.com
user0377,Rahal Krob,1824 Dalgetty Way NW,5644671267,RahalKrob@hotmail.com
user0378,Alexine Peace,8378 Lingard Ave N,5648356341,AlexinePeace@hotmail.com
user0379,Eunice Edsall,1731 Shearbrook Blvd W,2060972972,EuniceEdsall@icloud.com
user0380,Kiersten Kalathas,6250 Blakely St ,5415858944,KierstenKalathas@gmail.com
user0381,Evelyn Fischman,4055 Ithaca Ave ,5641487918,EvelynFischman@icloud.com
user0382,Pammi Brazille,8390 Harvard Pl E,5414986269,PammiBrazille@outlook.com
user0383,Beth Martinon,5256 Epler Dr NW,3607425784,BethMartinon@gmail.com
user0384,Georgina Jebb,7969 Twenty-Second St ,5648725891,GeorginaJebb@icloud.com
user0385,Barbie Barrickman,6150 Prince William Way ,5036644783,BarbieBarrickman@outlook.com
user0386,Greta Tumbleson,2911 Victory Dr W,4253966998,GretaTumbleson@aol.com
user0387,Chastity Ludvigson,8554 Union Pl ,5033864430,ChastityLudvigson@aol.com
user0388,Tobey Krylo,3607 Government Way ,5030161975,TobeyKrylo@icloud.com
user0389,Chrysa Lorandeau,7089 Denny Dr N,3602372136,ChrysaLorandeau@outlook.com
user0390,Mariana Folkerts,5367 Thirty-Seventh Ave SW,4257739317,MarianaFolkerts@outlook.com
user0391,Tisha Thommarson,7545 Talbot St SE,5640832850,TishaThommarson@outlook.com
user0392,Sophronia Wark,3227 Rainier Pl SE,5642927891,SophroniaWark@aol.com
user0393,Maryrose Fragoso,1787 Sheafe Ave SE,5410467752,MaryroseFragoso@gmail.com
user0394,Fan Gauld,1909 Preston Dr E,2532150588,FanGauld@hotmail.com
user0395,Melesa Woolridge,6702 Carrie Blvd NE,2536151084,MelesaWoolridge@gmail.com
user0396,Stacia Halphen,6606 Mccord Pl NE,5418406267,StaciaHalphen@aol.com
user0397,Anastassia Browns,3293 Nye Blvd SE,3607026871,AnastassiaBrowns@icloud.com
user0398,Didi Emmick,3067 Light St ,3602344295,DidiEmmick@aol.com
user0399,Vernice Mastromarino,1958 Ray Dr SE,2532922380,VerniceMastromarino@hotmail.com
user0400,Laetitia Cabera,6318 Bellevue Ave ,2533039762,LaetitiaCabera@outlook.com
user0401,Barbey Hinderman,8599 Eastlake Way ,5091261917,BarbeyHinderman@yahoo.com
user0402,Jilli Grabo,2866 Beacon Ave ,5094528928,JilliGrabo@aol.com
user0403,Darrelle Stoffa,7063 Flemming Blvd ,5095473684,DarrelleStoffa@outlook.com
user0404,Davina Buis,2155 Templar Pl NW,2530848459,DavinaBuis@yahoo.com
user0405,Paulette Sisemore,8328 Garfield Way SE,2066346433,PauletteSisemore@aol.com
user0406,Vanny Christina,3635 Fourth Ave S,5092340947,VannyChristina@yahoo.com
user0407,Katine Krogman,8157 Crown Way E,3608551199,KatineKrogman@yahoo.com
user0408,Kerry Winson,6109 Quentin Blvd SE,3608974019,KerryWinson@yahoo.com
user0409,Sallee Duranceau,3398 Grant Blvd W,5099820579,SalleeDuranceau@outlook.com
user0410,Imelda Bi,7254 Marshall Way NW,5034823707,ImeldaBi@icloud.com
user0411,Mariel Abrom,7258 Drexel Blvd NW,5092572354,MarielAbrom@yahoo.com
user0412,Gilda Pachlin,7730 Walla Walla Way ,3601646273,GildaPachlin@hotmail.com
user0413,Benedetta Hartin,3620 Main Dr SE,5649900765,BenedettaHartin@hotmail.com
user0414,Fiorenze Mcelmarry,3312 Green Way S,4256750183,FiorenzeMcelmarry@outlook.com
user0415,Susannah Ziegler,5507 Walla Walla St SW,5642568021,SusannahZiegler@hotmail.com
user0416,Esta Juniel,2187 Beacon Dr NW,4257750590,EstaJuniel@yahoo.com
user0417,Lydia Griffins,5178 Belmont Ave SW,5098600131,LydiaGriffins@icloud.com
user0418,Afton Breitbarth,4613 Quilcene Way SE,4256449107,AftonBreitbarth@gmail.com
user0419,Melisa Burdin,6768 Rural Blvd N,5416299526,MelisaBurdin@yahoo.com
user0420,Phillie Fuhs,7347 Roy Ave N,2065545849,PhillieFuhs@yahoo.com
user0421,Winny Grandfield,3454 George Way E,5095339891,WinnyGrandfield@gmail.com
user0422,Claribel Soto,6666 Brook Way N,2064683523,ClaribelSoto@outlook.com
user0423,Ann-Marie Raible,8572 Lake Union Pl S,2061105707,Ann-MarieRaible@aol.com
user0424,Ruthy Arvidson,7562 Prince William Way ,3605237708,RuthyArvidson@outlook.com
user0425,Madelon Zabel,4192 Chicago Pl SE,4259849226,MadelonZabel@gmail.com
user0426,Carmella Skaflen,6807 Duke Dr E,5419411802,CarmellaSkaflen@aol.com
user0427,Lynde Deigado,3958 Thirty-Third Ave ,4254776364,LyndeDeigado@aol.com
user0428,Sonia Huitzacua,3242 Light Blvd NE,5031501000,SoniaHuitzacua@yahoo.com
user0429,Michele Belinsky,8520 Windon Pl SW,2536864633,MicheleBelinsky@yahoo.com
user0430,Gillie Baumann,1922 Woodstock Ave W,5034003534,GillieBaumann@yahoo.com
user0431,Dalia Parmenter,3677 Sterret Way N,4253166537,DaliaParmenter@gmail.com
user0432,Nonnah Englerth,6676 Oakley Blvd NW,5031282858,NonnahEnglerth@hotmail.com
user0433,Brenda Naso,4365 Monroe Way S,3605456961,BrendaNaso@icloud.com
user0434,Myrna Huckabee,1161 Alvah St E,2535784459,MyrnaHuckabee@gmail.com
user0435,Garland Hohman,6786 Newton Ave ,2538623598,GarlandHohman@yahoo.com
user0436,Tessi Sternal,7418 Werett Pl NW,2536543706,TessiSternal@icloud.com
user0437,Christie Namanworth,2361 Brunswick Dr ,2536319274,ChristieNamanworth@outlook.com
user0438,Cherin Calegari,5790 Marietta Dr NE,4259176545,CherinCalegari@icloud.com
user0439,Constancy Elkins,1456 Madison Ave ,5091526579,ConstancyElkins@outlook.com
user0440,Marcelle Antich,6432 Chester Blvd W,2534722805,MarcelleAntich@hotmail.com
user0441,Debera Carreon,3112 Merrill Dr ,5091042369,DeberaCarreon@aol.com
user0442,Vannie Belasco,4371 Fulton Way N,2531544503,VannieBelasco@aol.com
user0443,Ellissa Ruelle,5611 Waterton Way NE,5096826647,EllissaRuelle@aol.com
user0444,Eartha Scarset,7248 Green Way ,5091350847,EarthaScarset@yahoo.com
user0445,Constance Moryl,3064 Lake Union Blvd SW,3606630622,ConstanceMoryl@icloud.com
user0446,Kissee Island,5122 Forest Way ,5099757744,KisseeIsland@aol.com
user0447,Dian Stemple,1259 Charlestown Pl NE,4253158619,DianStemple@hotmail.com
user0448,Charlotte Boshers,4073 Poplar Way NE,4254039412,CharlotteBoshers@hotmail.com
user0449,Eveline Johnshoy,8556 Poplar Blvd SE,5030710297,EvelineJohnshoy@icloud.com
user0450,Marguerite Madariaga,1054 Sander Ave ,5410618221,MargueriteMadariaga@yahoo.com
user0451,Alia Macmillen,6042 Twenty-Eighth Pl NW,5093967971,AliaMacmillen@outlook.com
user0452,Minda Vizena,5417 Occidental Pl E,3605746156,MindaVizena@hotmail.com
user0453,Nananne Credo,7578 Compton Ave ,4252539574,NananneCredo@gmail.com
user0454,Flossi Mcgibboney,6175 Forest Blvd ,3606987491,FlossiMcgibboney@outlook.com
user0455,Sammy Skartvedt,2010 Bradley Ave ,5094996739,SammySkartvedt@hotmail.com
user0456,Mareah Sperle,7147 Bismark Dr SE,3606299395,MareahSperle@outlook.com
user0457,Lorri Tumbleston,7228 Madison Dr NW,5646993209,LorriTumbleston@gmail.com
user0458,Isabelle Krahe,6307 Waterton Blvd N,2061364322,IsabelleKrahe@gmail.com
user0459,Bird Bussey,3354 Lake View Blvd SE,4257176157,BirdBussey@yahoo.com
user0460,Sheila Wilridge,1830 Swim Way S,2063855205,SheilaWilridge@outlook.com
user0461,Marthe Kirckof,4507 Mcgraw Blvd ,5030697418,MartheKirckof@outlook.com
user0462,Pen Kolkhorst,7831 Granada Dr NE,5649130247,PenKolkhorst@aol.com
user0463,Etta Goede,7344 Belmont Pl NE,3609788108,EttaGoede@icloud.com
user0464,Koral Breihan,7795 Pine Blvd SW,5092612512,KoralBreihan@outlook.com
user0465,Katherina Santrizos,4679 Marshall Ave S,3600746880,KatherinaSantrizos@gmail.com
user0466,Ibby Rubash,3387 Eaton Pl S,2532324832,IbbyRubash@aol.com
user0467,Hannie Donis,7534 Mcgill Pl ,3606538605,HannieDonis@hotmail.com
user0468,Theodosia Mutty,2168 Mercer Blvd NE,5410941059,TheodosiaMutty@gmail.com
user0469,Alta Dieteman,4295 Nelson Way NE,5034149912,AltaDieteman@icloud.com
user0470,Ariana Braver,1728 Hallum Way S,3605433228,ArianaBraver@hotmail.com
user0471,Cordi Polimeni,5182 Thirty-Fourth St W,5096557275,CordiPolimeni@outlook.com
user0472,Lani Burhanuddin,8417 Bluff Pl SE,5039367802,LaniBurhanuddin@hotmail.com
user0473,Gnni Athay,5757 Lake View Ave SE,5092889696,GnniAthay@aol.com
user0474,Britni Pritzker,6916 Thirty-Seventh Way SW,5643014160,BritniPritzker@yahoo.com
user0475,Trixy Wende,1376 Ruden Dr E,2535951307,TrixyWende@gmail.com
user0476,Kylen Panowicz,1253 Lamar Dr SW,2534827427,KylenPanowicz@yahoo.com
user0477,Amelina Staadt,6660 Mclane Ave S,3604026630,AmelinaStaadt@icloud.com
user0478,Channa Hesterman,3185 Swim Dr NW,5415959555,ChannaHesterman@hotmail.com
user0479,Roby Gaskamp,6197 Powell St NE,4252610377,RobyGaskamp@outlook.com
user0480,Kellyann Augustson,5653 Mountain Ave SE,5649884721,KellyannAugustson@hotmail.com
user0481,Kizzie Steudeman,6360 Bulwer St NE,5640012105,KizzieSteudeman@hotmail.com
user0482,Tamara Placzek,7493 Holgate Way E,4254295367,TamaraPlaczek@outlook.com
user0483,Julita Shedden,4255 Williamson Pl NW,3607759044,JulitaShedden@hotmail.com
user0484,Matty Markland,8777 Sophia Dr W,5649817834,MattyMarkland@icloud.com
user0485,Henka Munivez,8971 Andover St ,4253677397,HenkaMunivez@hotmail.com
user0486,Gerty Carlisle,6309 Lincoln Way ,5096070858,GertyCarlisle@aol.com
user0487,Galina Liendo,4809 Elder Way W,5414925387,GalinaLiendo@gmail.com
user0488,Edin Nigon,7407 Anne Ave N,2067560122,EdinNigon@icloud.com
user0489,Kendra Bisconer,5760 Mcclair Way E,5643996956,KendraBisconer@hotmail.com
user0490,Camila Garney,4905 Mcclair Pl W,2533370801,CamilaGarney@outlook.com
user0491,Ruthe Billet,4166 Robstart Pl SE,5416928987,RutheBillet@yahoo.com
user0492,Norean Presswood,8547 Davidson Dr SW,5417366769,NoreanPresswood@outlook.com
user0493,Benedicta Schachter,3183 Phelps Blvd SE,3608659557,BenedictaSchachter@outlook.com
user0494,Marguerite Marcrum,8162 Forest Dr ,2064131822,MargueriteMarcrum@icloud.com
user0495,Fred Cecchini,6874 Boston Blvd S,5416542840,FredCecchini@gmail.com
user0496,Geralda Smutnick,1220 Eighteenth Pl E,3602251613,GeraldaSmutnick@hotmail.com
user0497,Rochella Quast,5436 Harris Blvd SW,3606175628,RochellaQuast@outlook.com
user0498,Zita Bloczynski,5350 Stevens Way SE,4251676906,ZitaBloczynski@icloud.com
user0499,Ellyn Rinner,5995 Prince William Way ,2539559242,EllynRinner@icloud.com
user0500,Elly Hollinger,3711 Valentine Blvd ,3607948219,EllyHollinger@gmail.com
user0501,Petunia Heaney,4332 Lake Way NW,5642481207,PetuniaHeaney@aol.com
user0502,Waneta Monington,8780 Ingersoll Pl SE,3601705490,WanetaMonington@aol.com
user0503,Camellia Tubeszewski,4973 Gould Blvd SE,5410935433,CamelliaTubeszewski@gmail.com
user0504,Charyl Nunnery,3124 Fir Dr SE,5098676099,CharylNunnery@gmail.com
user0505,Doralia Tichy,2402 Powell St NE,2061301171,DoraliaTichy@yahoo.com
user0506,Evangelina Channel,1218 Robstart Dr NW,4254352542,EvangelinaChannel@icloud.com
user0507,Sheena Fiesel,7643 Thirty-Ninth Way SW,2067318010,SheenaFiesel@hotmail.com
user0508,Aubrey Sigley,4236 Twenty-Second Dr SE,4254367554,AubreySigley@outlook.com
user0509,Virginia Handelsman,7497 Oak Way SE,2060710534,VirginiaHandelsman@hotmail.com
user0510,Mufi Capulong,1342 Fulton St W,2069684777,MufiCapulong@yahoo.com
user0511,Charity Galimore,4026 Stirling Dr N,2534335997,CharityGalimore@gmail.com
user0512,Consuelo Alghamdi,1224 Law St NW,5032748096,ConsueloAlghamdi@outlook.com
user0513,Maegan Whelihan,6921 Squire Way NW,2068247350,MaeganWhelihan@icloud.com
user0514,Anni Efthimiou,1583 First St W,3609050526,AnniEfthimiou@icloud.com
user0515,Murielle Bruschi,7288 Barrett Ave ,3600919448,MurielleBruschi@aol.com
user0516,Phylis Gaubert,7088 Milwaukie Dr N,5642800494,PhylisGaubert@gmail.com
user0517,Brianne Chabot,3536 Lotta Dr S,5099551932,BrianneChabot@gmail.com
user0518,Stormie Buechele,8117 Johnson Pl E,2538299496,StormieBuechele@gmail.com
user0519,Roana Cavers,3327 Terrace Way W,3607062247,RoanaCavers@hotmail.com
user0520,Lurline Rotty,5876 Hayes Way NE,2537241863,LurlineRotty@aol.com
user0521,Nomi Pease,5600 Fairview Ave N,5641173223,NomiPease@icloud.com
user0522,Bella Gartenmayer,1954 Banner Pl NE,5419923068,BellaGartenmayer@yahoo.com
user0523,Con Washinton,6246 Davis Pl E,5646892334,ConWashinton@outlook.com
user0524,Chanda Sartorelli,3131 Twenty-Seventh St SE,4253269218,ChandaSartorelli@hotmail.com
user0525,Maryl Huso,4118 Woodland Pl NE,3605130301,MarylHuso@aol.com
user0526,Amil Bearce,2461 Walnut Blvd NE,2535535897,AmilBearce@yahoo.com
user0527,Jacquie Boshell,8064 Valentine Pl ,2539885834,JacquieBoshell@icloud.com
user0528,Nonnah Rebar,3317 Melrose Way S,2539706825,NonnahRebar@outlook.com
user0529,Wenda Ruedy,7276 Williamson Blvd SE,5643883435,WendaRuedy@aol.com
user0530,Claudette Gerry,4903 Twenty-Sixth Blvd ,5099064748,ClaudetteGerry@icloud.com
user0531,Caro Burglin,8800 Eaton St NW,5648370223,CaroBurglin@hotmail.com
user0532,Clemmie Amistoso,5454 Mississippi Way E,4255005774,ClemmieAmistoso@outlook.com
user0533,Catherin Glomb,1804 Montana Pl SE,5414290350,CatherinGlomb@hotmail.com
user0534,Sarette Greto,8848 Pittsburgh Blvd E,2533810269,SaretteGreto@icloud.com
user0535,Rebbecca Rubin,8274 Boston Pl S,5413972457,RebbeccaRubin@gmail.com
user0536,Harriot Clemmons,6340 Pennsylvania Blvd N,5649153905,HarriotClemmons@gmail.com
user0537,Bobine Core,6406 Fourteenth Blvd ,2539890503,BobineCore@gmail.com
user0538,Celine Zboral,7964 Banner Blvd W,5410081436,CelineZboral@icloud.com
user0539,Lynnea Paratore,6490 Sprague St ,4254943778,LynneaParatore@yahoo.com
user0540,Marcelia Totman,7205 Rulon St SW,2535610825,MarceliaTotman@gmail.com
user0541,Vera Coldwell,2490 Thirtieth Pl S,2062985082,VeraColdwell@icloud.com
user0542,Lorinda Amburgey,1554 Newell Blvd NW,3603590303,LorindaAmburgey@yahoo.com
user0543,Johnette Molin,2336 Drexel St SW,2530728406,JohnetteMolin@gmail.com
user0544,Lucina Hobday,2719 Cascade St SE,2063455719,LucinaHobday@gmail.com
user0545,Guinevere Leser,2466 Adams St S,5035296979,GuinevereLeser@yahoo.com
user0546,Juliann Himmelmann,8637 Armour Blvd ,5642437258,JuliannHimmelmann@hotmail.com
user0547,Amity Wirtjes,2465 Tremont Blvd ,5412075060,AmityWirtjes@hotmail.com
user0548,Giselle Schlosberg,4870 Town Pl ,5034902486,GiselleSchlosberg@yahoo.com
user0549,Janis Kubis,1651 Milwaukie Ave NE,3606625396,JanisKubis@aol.com
user0550,Kelli Casados,8082 Eaton St ,5099601046,KelliCasados@gmail.com
user0551,Genvieve Beckford,3858 Albert Pl SW,2537953640,GenvieveBeckford@hotmail.com
user0552,Kellsie Schams,2510 Kinnear Blvd SE,2060997382,KellsieSchams@outlook.com
user0553,Modesta Levielle,5304 Harvard Pl N,5097138436,ModestaLevielle@outlook.com
user0554,Cara Elbaz,1226 Lander Way SE,2069296894,CaraElbaz@icloud.com
user0555,Trix Ballengee,7533 Catherine St NE,5093650531,TrixBallengee@yahoo.com
user0556,Claribel Lidke,4580 Scurry Way SW,2068126632,ClaribelLidke@gmail.com
user0557,Veronika Pichon,2732 Cleveland Pl E,5090890455,VeronikaPichon@outlook.com
user0558,Halley Raso,2695 Jesse St SW,5091785390,HalleyRaso@aol.com
user0559,Reine Bixel,7445 Quinault Pl ,4253455527,ReineBixel@hotmail.com
user0560,Casi Bost,4846 Pine Ave S,5093329058,CasiBost@icloud.com
user0561,Fay Score,8502 Sprague Way SE,2539603857,FayScore@icloud.com
user0562,Claudine Leete,6913 Minor Dr NW,5645625252,ClaudineLeete@gmail.com
user0563,Nady Gliem,5294 Scott St E,5097905995,NadyGliem@gmail.com
user0564,Daniele Kalisek,1244 Twenty-Second Blvd E,4257962273,DanieleKalisek@aol.com
user0565,Hanny Marrington,5584 Smiths Dr S,5032488024,HannyMarrington@gmail.com
user0566,Dana Maruffo,1821 Fifteenth Blvd E,3600926122,DanaMaruffo@outlook.com
user0567,Maggie Brosius,2402 Augusta Pl ,5642047373,MaggieBrosius@gmail.com
user0568,Stacy Arau,2685 Holgate St N,3603205893,StacyArau@hotmail.com
user0569,Alfie Penfield,8468 Comstock Ave NE,5033744605,AlfiePenfield@outlook.com
user0570,Licha Stasiak,7670 Davis St SE,2068556033,LichaStasiak@aol.com
user0571,Donnie Roquemore,1492 Wall Dr SW,2064175552,DonnieRoquemore@gmail.com
user0572,Quentin Hellickson,4102 South Blvd S,5415891356,QuentinHellickson@gmail.com
user0573,Ceciley Castello,5144 Latona Blvd NE,5646519035,CecileyCastello@gmail.com
user0574,Rozalin Stokan,2127 Queets Ave E,5410937712,RozalinStokan@icloud.com
user0575,Margarita Larez,8756 White Blvd S,5415810039,MargaritaLarez@gmail.com
user0576,Edeline Fawcett,3602 Eighteenth Blvd N,4253307102,EdelineFawcett@icloud.com
user0577,Alyss Ausherman,6919 Dearborn Way SW,4257142033,AlyssAusherman@yahoo.com
user0578,Rafa Benko,1440 South Pl E,5648749584,RafaBenko@outlook.com
user0579,Janetta Fiser,2785 Occidental Pl E,5648628111,JanettaFiser@aol.com
user0580,Lynna Howryla,3876 Tremont Way S,5641706400,LynnaHowryla@outlook.com
user0581,Carmon Lungstrom,2212 Snoqualmie St W,3602230740,CarmonLungstrom@yahoo.com
user0582,Jocelin Marlo,3020 Oregon Ave ,5642102690,JocelinMarlo@aol.com
user0583,Holly-Anne Forberg,4754 Alton Ave ,5035732760,Holly-AnneForberg@hotmail.com
user0584,Robyn Kubeika,8510 Massillon Ave E,5032029608,RobynKubeika@yahoo.com
user0585,Sonni Hyden,4641 Squire Pl NE,4251095733,SonniHyden@icloud.com
user0586,Leda Sirois,1624 Waterton Ave S,5649742165,LedaSirois@hotmail.com
user0587,Morgen Bulmer,7301 Stanton Ave ,2533483710,MorgenBulmer@outlook.com
user0588,Georgianne Zehring,2556 Bradford Way SW,5646224644,GeorgianneZehring@outlook.com
user0589,Edwina Henrich,8415 Burgess Blvd NW,3605817494,EdwinaHenrich@aol.com
user0590,Beilul Delross,8863 Mcclellan Pl NE,5098722149,BeilulDelross@aol.com
user0591,Drucy Wisman,3676 Bloomfield Ave SE,5093501592,DrucyWisman@aol.com
user0592,Ashlie Prukop,2809 Germaine Dr ,5416720411,AshliePrukop@icloud.com
user0593,Willette Hagarty,3317 Squire Way SW,5039361501,WilletteHagarty@gmail.com
user0594,Dolores Canoy,2291 Waverley Dr SW,2068333685,DoloresCanoy@aol.com
user0595,Chiquia Delehoy,4896 Pontius Pl SW,5641008999,ChiquiaDelehoy@gmail.com
user0596,Violet Roskelley,3328 Stephens Dr ,2533825660,VioletRoskelley@icloud.com
user0597,Bellina Pushcar,1952 Bayview Blvd N,5643328819,BellinaPushcar@outlook.com
user0598,Amber Etsitty,8074 Ferry Dr ,2067635535,AmberEtsitty@aol.com
user0599,Sonny Bellavance,4619 Thirty-Fifth Ave SW,3608126495,SonnyBellavance@outlook.com
user0600,Jolie Souffrant,7298 Water Pl ,5411729799,JolieSouffrant@yahoo.com
user0601,Seana Hellen,4039 Mercer Ave W,2536481216,SeanaHellen@icloud.com
user0602,Karylin Blomgren,3993 Davis Way W,5410093049,KarylinBlomgren@outlook.com
user0603,Tana Lanski,2025 Mcclair Blvd W,3605003850,TanaLanski@aol.com
user0604,Farra Vidrine,7078 Water Blvd W,2539309487,FarraVidrine@aol.com
user0605,Lelah Teano,3806 Lingard Way N,5412253387,LelahTeano@outlook.com
user0606,Amandie Constantino,2913 Mansion Way S,4256377219,AmandieConstantino@aol.com
user0607,Cherry Oveson,8801 Barrett Way ,4253661221,CherryOveson@outlook.com
user0608,Meredith Sheumaker,7885 Moltke Blvd ,5649507615,MeredithSheumaker@outlook.com
user0609,Katey Kenny,7319 Templar Ave SW,2061637350,KateyKenny@outlook.com
user0610,Saba Kreager,4188 Green St N,5644200609,SabaKreager@aol.com
user0611,Renell Illescas,7597 Roy Ave SW,2067279920,RenellIllescas@aol.com
user0612,Vikky Showden,6148 Sterret Dr S,2538600983,VikkyShowden@hotmail.com
user0613,Ilyse Honga,6646 Wilfred St W,5416180844,IlyseHonga@yahoo.com
user0614,Elnore Yax,1499 Nineteenth Blvd S,5648964142,ElnoreYax@icloud.com
user0615,Kalina Collin,8565 Somerset St SW,5645292688,KalinaCollin@icloud.com
user0616,Kaye Dorf,4460 Law Dr SW,5036365854,KayeDorf@icloud.com
user0617,Rebbecca Yancy,7011 High Pl E,2539926688,RebbeccaYancy@gmail.com
user0618,Jennette Singleton,2778 Newton St NE,5090434211,JennetteSingleton@icloud.com
user0619,Dru Marci,3417 Western Blvd E,5032799003,DruMarci@yahoo.com
user0620,Tonye Skane,8399 Antiquary Dr SW,5641982184,TonyeSkane@outlook.com
user0621,Gena Buzhardt,7361 Twenty-Eighth Pl ,4253115061,GenaBuzhardt@aol.com
user0622,Tim Cusumano,8986 Villie St ,3608516475,TimCusumano@yahoo.com
user0623,Cary Taintor,2715 Marion Pl ,3606501286,CaryTaintor@icloud.com
user0624,Kary Foulcard,3466 Epler Pl ,5030488480,KaryFoulcard@hotmail.com
user0625,Helenka Drath,5528 Douglass Pl SW,5033979160,HelenkaDrath@icloud.com
user0626,Robbin Bowler,1550 Hyde Pl ,5414530356,RobbinBowler@yahoo.com
user0627,Letti Nutt,6508 Cloverdale Blvd SW,5098520007,LettiNutt@outlook.com
user0628,Rowena Destro,6317 Newton Way N,4258840068,RowenaDestro@icloud.com
user0629,Eachelle Saetern,8690 Twenty-Third St S,3603558049,EachelleSaetern@hotmail.com
user0630,Kary Demers,1233 Bloomfield Blvd SE,5414824783,KaryDemers@gmail.com
user0631,Linell Mawhorter,7833 Frank Ave E,2068250215,LinellMawhorter@hotmail.com
user0632,Jessamine Sota,7865 Depot Ave E,3608303751,JessamineSota@outlook.com
user0633,Natala Arista,1631 Arbor Ave NE,2066818150,NatalaArista@hotmail.com
user0634,Gwenore Theall,3469 Mulford Way N,5093467177,GwenoreTheall@hotmail.com
user0635,Dulcinea Ketelhut,4905 Forest Way W,5039128959,DulcineaKetelhut@outlook.com
user0636,Tobye Mcelheny,7871 Donworth St SE,5030755157,TobyeMcelheny@outlook.com
user0637,Prudy Gammage,5379 Amy Dr ,4255941530,PrudyGammage@hotmail.com
user0638,Caro Faessler,8006 Thomas Ave N,3602697529,CaroFaessler@yahoo.com
user0639,Maxi Claverie,4719 Ward Way ,5096679715,MaxiClaverie@icloud.com
user0640,Suzette Fantauzzo,4332 Jesse St W,5096678109,SuzetteFantauzzo@icloud.com
user0641,Chelsea Gauntlett,6844 Twelfth Dr ,4259178330,ChelseaGauntlett@aol.com
user0642,Ddene Amison,7037 Sheafe Blvd S,4257028248,DdeneAmison@hotmail.com
user0643,Muriel Wintersteen,3421 Payne St W,3607785484,MurielWintersteen@yahoo.com
user0644,Eddi Mincy,6924 State Way ,5412008622,EddiMincy@hotmail.com
user0645,Aigneis Sleigh,3632 Stirling Blvd NW,5033497125,AigneisSleigh@icloud.com
user0646,Barbara Reeds,1544 Dearborn Dr ,5037726556,BarbaraReeds@aol.com
user0647,Julianna Hattenbach,3334 Emmitt Pl N,5098038385,JuliannaHattenbach@icloud.com
user0648,Alameda Vonderkell,7917 Depot St ,5099479937,AlamedaVonderkell@outlook.com
user0649,Ashleigh Hebard,1864 Alpine St SE,3603289058,AshleighHebard@icloud.com
user0650,Rodie Schrunk,5808 Fifth Pl NW,2537366278,RodieSchrunk@aol.com
user0651,Thelma Biddix,4864 Antiquary Pl NW,5419939274,ThelmaBiddix@outlook.com
user0652,Lulita Kint,3510 Jefferson Pl SW,5412338189,LulitaKint@gmail.com
user0653,Emelyne Procknow,2419 Augusta Ave W,4257006574,EmelyneProcknow@gmail.com
user0654,Sada Castera,1979 Michigan Blvd W,5648349672,SadaCastera@hotmail.com
user0655,Ophelie Ehnis,6529 Thirty-First Pl NW,5031144655,OphelieEhnis@icloud.com
user0656,Damaris Annis,7777 Moltke Dr NE,3604649555,DamarisAnnis@aol.com
user0657,Lib Hausam,6709 Lake Washington Blvd W,2531340753,LibHausam@icloud.com
user0658,Dorey Phomphithak,2273 Cushing Pl SE,2063861710,DoreyPhomphithak@hotmail.com
user0659,Salomi Lofton,1104 Buckius St W,3606682289,SalomiLofton@yahoo.com
user0660,Ricki Kerby,4902 Grace St ,4256823314,RickiKerby@icloud.com
user0661,Storm Esteves,3122 Fontenelle Blvd SW,3603539752,StormEsteves@yahoo.com
user0662,Minne Aulder,4715 Swim Dr NW,5416933004,MinneAulder@icloud.com
user0663,Ara Codilla,3517 Grace Ave W,5090240503,AraCodilla@icloud.com
user0664,Lee Dworkin,2254 Main St S,5418059842,LeeDworkin@aol.com
user0665,Renae Privalsky,2267 Seventeenth Blvd ,2537810108,RenaePrivalsky@outlook.com
user0666,Moselle Peeling,1829 Western Way W,5649842611,MosellePeeling@yahoo.com
user0667,Hildegaard Kozikowski,1454 Johnson Ave E,2063324456,HildegaardKozikowski@gmail.com
user0668,Paolina Spetter,7951 Joy St NE,4257485469,PaolinaSpetter@outlook.com
user0669,Phoebe Fargnoli,3767 Prince William Blvd SW,5640473278,PhoebeFargnoli@hotmail.com
user0670,Rorie Sindt,2663 Stephens Blvd NW,2063080935,RorieSindt@hotmail.com
user0671,Umeko Purkerson,8669 First Dr ,2061695769,UmekoPurkerson@outlook.com
user0672,Kristin Mozelak,1791 California Pl S,4258898802,KristinMozelak@icloud.com
user0673,Ira Cassada,5879 Minor Pl E,5095910407,IraCassada@yahoo.com
user0674,Noni Silvan,1153 Fortieth Dr ,4255986625,NoniSilvan@hotmail.com
user0675,Helen-Elizabeth Gladin,8977 Ithaca Pl E,5414241996,Helen-ElizabethGladin@icloud.com
user0676,Sunshine Fraire,2340 Kentucky Dr SE,5095589863,SunshineFraire@outlook.com
user0677,Gratiana Bloeser,8924 Central Ave ,5038389058,GratianaBloeser@outlook.com
user0678,Felecia Sichta,5954 Twenty-Seventh Ave N,2537999900,FeleciaSichta@yahoo.com
user0679,Charlena Turrubiates,1242 Illinois Blvd SW,5031423946,CharlenaTurrubiates@icloud.com
user0680,Margalo Burnap,1874 Water Dr S,5031338322,MargaloBurnap@aol.com
user0681,Corinna Reichenback,5132 Malden Pl ,5419381745,CorinnaReichenback@hotmail.com
user0682,Ginevra Abshier,7887 Marmion Way S,3605735429,GinevraAbshier@aol.com
user0683,Hertha Kalter,7702 Arbor Way W,4256225339,HerthaKalter@aol.com
user0684,Doloritas Cower,3977 Third Dr E,2065437805,DoloritasCower@aol.com
user0685,Lynsey Peffers,2406 Ash Dr NE,4254467096,LynseyPeffers@hotmail.com
user0686,Giacinta Mestre,8025 Twenty-First Pl W,5037885481,GiacintaMestre@icloud.com
user0687,Chiquia Bibber,2069 Taylor Pl NW,2536587032,ChiquiaBibber@aol.com
user0688,Raye Noth,5785 Mclellan Blvd SW,5035089153,RayeNoth@hotmail.com
user0689,Tonia Tamez,4911 Renton Way W,5039076303,ToniaTamez@yahoo.com
user0690,Penni Epps,3251 Grace Pl NW,2062302866,PenniEpps@outlook.com
user0691,Lenee Riel,6016 Wiley Dr ,5097504687,LeneeRiel@yahoo.com
user0692,Sharron Castelluccio,8832 Valley Blvd W,2061448316,SharronCastelluccio@aol.com
user0693,Trixie Acre,8783 Natches Dr W,5411454422,TrixieAcre@hotmail.com
user0694,Loutitia Mikhail,3733 Laurel Ave NE,3605251788,LoutitiaMikhail@aol.com
user0695,Vinnie Spalter,3771 Madison Way ,5097179078,VinnieSpalter@outlook.com
user0696,Claire Gungor,1593 Indigo Way SW,2066702799,ClaireGungor@yahoo.com
user0697,Odilia Grignon,2885 Prince Dr S,5097727422,OdiliaGrignon@yahoo.com
user0698,Rosy Kanarek,2824 Dalgetty Pl S,2535221667,RosyKanarek@hotmail.com
user0699,Phillie Sidhom,4114 Choate Ave S,5416961670,PhillieSidhom@gmail.com
user0700,Pippa Mousseau,6908 Jacobs St NE,5648055008,PippaMousseau@outlook.com
user0701,Rosina Deruyter,3800 Wheeling Dr ,5410410089,RosinaDeruyter@aol.com
user0702,Darryl Stibb,7459 Belmont St ,5414452403,DarrylStibb@gmail.com
user0703,Tomasina Escovedo,2043 Drexel Ave W,2535386270,TomasinaEscovedo@aol.com
user0704,Dorey Korab,5770 Wilfred Dr W,4258619559,DoreyKorab@hotmail.com
user0705,Caril Schamber,6952 Quilcene Blvd N,5039799226,CarilSchamber@aol.com
user0706,Drusie Mayr,3435 Jefferson Blvd SE,2069118045,DrusieMayr@outlook.com
user0707,Cora Malory,6794 Renton Dr W,2534852526,CoraMalory@hotmail.com
user0708,Abbey Dockus,3211 Cedar Dr NE,4256436295,AbbeyDockus@yahoo.com
user0709,Roxanna Kellon,6886 Smith Dr N,4250671850,RoxannaKellon@gmail.com
user0710,Farica Dacy,2629 Canal Pl SE,3605551378,FaricaDacy@yahoo.com
user0711,Tessy Wakeland,3991 Villie Way NE,5039613807,TessyWakeland@icloud.com
user0712,Madelle Peth,6068 Orion St ,5099440791,MadellePeth@aol.com
user0713,Lia Hakimian,7515 Box Way SE,3609817158,LiaHakimian@hotmail.com
user0714,Desirae Simpkin,3138 Grace Ave N,5098293752,DesiraeSimpkin@icloud.com
user0715,Quintana Bencosme,7817 Germaine Pl NW,4253359255,QuintanaBencosme@yahoo.com
user0716,Letty Vicini,8760 Union Blvd ,5414526708,LettyVicini@icloud.com
user0717,Minni Skenandore,6917 Mine St NW,5418956169,MinniSkenandore@hotmail.com
user0718,Dehlia Goodling,7003 Marmion St NE,5093072602,DehliaGoodling@hotmail.com
user0719,Karna Odougherty,1378 State Dr SW,2062393136,KarnaOdougherty@icloud.com
user0720,Deloria Mccague,3734 Mikado St ,3606416730,DeloriaMccague@yahoo.com
user0721,Leticia Jupiter,6758 Dyer Pl ,2064427531,LeticiaJupiter@gmail.com
user0722,Martica Davidoff,2093 Templar St S,5644349769,MarticaDavidoff@gmail.com
user0723,Sharity Ible,1718 Commercial Dr W,5647765129,SharityIble@hotmail.com
user0724,Margit Curdy,2100 Dalgetty Blvd NE,5642781656,MargitCurdy@gmail.com
user0725,Jeannie Vaux,8438 De Forest Ave N,3608652026,JeannieVaux@gmail.com
user0726,Penni Banes,5294 Illinois Pl E,5098759539,PenniBanes@outlook.com
user0727,Helsa Mylar,7548 Granada Dr NW,5649796433,HelsaMylar@gmail.com
user0728,Danit Tiwald,1577 Jesse Pl SW,2534918012,DanitTiwald@icloud.com
user0729,Kial Pierceall,1882 Flemming Ave NE,4258357796,KialPierceall@gmail.com
user0730,Theadora Reihe,3078 Garfield Way W,2067924992,TheadoraReihe@hotmail.com
user0731,Kaylee Vonniederhaus,4980 Cullen Pl S,5098832864,KayleeVonniederhaus@gmail.com
user0732,Sibeal Pomales,6212 May Dr NE,4256597229,SibealPomales@aol.com
user0733,Cher Flis,8776 Law'S Way ,4250458770,CherFlis@hotmail.com
user0734,Nita Feagley,2379 Bismark Ave NW,4254403961,NitaFeagley@icloud.com
user0735,Blinnie Inyart,7502 Bismark Pl NW,5647954448,BlinnieInyart@gmail.com
user0736,Di Lininger,6672 Lewis Pl N,5642011129,DiLininger@hotmail.com
user0737,Wynne Linkkila,3275 Montana Ave NW,2530556411,WynneLinkkila@aol.com
user0738,Galina Sing,1636 Bulwer Blvd E,3604598144,GalinaSing@outlook.com
user0739,Anjanette Goldrup,2662 Newell Dr ,3600750494,AnjanetteGoldrup@hotmail.com
user0740,Adoree Albrough,7329 Dalgetty Pl W,4257064356,AdoreeAlbrough@aol.com
user0741,Angelia Wylam,6764 Renton Way W,5038706450,AngeliaWylam@outlook.com
user0742,Lise Whedon,8475 Diagonal Blvd SW,5038471484,LiseWhedon@icloud.com
user0743,Kathi Tauares,8961 Carroll Pl E,5642670695,KathiTauares@icloud.com
user0744,Gabi Maatta,7828 Bradner Blvd SE,2064886078,GabiMaatta@icloud.com
user0745,Raphaela Pascucci,2964 Alabama Dr W,4252345442,RaphaelaPascucci@aol.com
user0746,Lilian Deanhardt,6703 Germaine Dr NW,4253207526,LilianDeanhardt@gmail.com
user0747,Kesley Eatherly,8860 Ohio Way SW,2534332897,KesleyEatherly@gmail.com
user0748,Felipa Jungman,2933 Norman Blvd SE,5095620689,FelipaJungman@gmail.com
user0749,Mildred Shuman,7189 Government Pl SW,5036177544,MildredShuman@outlook.com
user0750,Betteann Bonno,7293 Euclid Way NE,4254096576,BetteannBonno@gmail.com
user0751,Bel Sunkel,2124 Fairview Way ,3604345385,BelSunkel@yahoo.com
user0752,Liesa Papaioannou,8486 Pittsburgh Blvd ,4258470090,LiesaPapaioannou@gmail.com
user0753,Beatrix Blanco,4522 Stacey Pl N,5641302909,BeatrixBlanco@aol.com
user0754,Gertie Basile,3424 Champa Pl S,2534555917,GertieBasile@gmail.com
user0755,Beatrice Otuafi,4126 Columbia Blvd E,5645247422,BeatriceOtuafi@gmail.com
user0756,Almeria Bilyeu,7775 Milwaukie St ,5649017065,AlmeriaBilyeu@yahoo.com
user0757,Agnese Fleshman,6276 Thirty-Second Ave ,5642868783,AgneseFleshman@aol.com
user0758,Bliss Desue,1669 Birmingham St SE,2066250185,BlissDesue@gmail.com
user0759,Amitie Warshauer,3394 Government St SE,5033732369,AmitieWarshauer@outlook.com
user0760,Willabella Britten,8515 Newell Blvd ,5643450065,WillabellaBritten@icloud.com
user0761,Neilla Gallenstein,8713 Windon St S,4251144386,NeillaGallenstein@aol.com
user0762,Mel Xiao,2735 Thirty-Fifth Dr ,5096920892,MelXiao@yahoo.com
user0763,Gelya Studwell,2694 Bloomfield Way NW,3607695449,GelyaStudwell@aol.com
user0764,Elsbeth Wanty,5718 Sansome Ave NE,2063786850,ElsbethWanty@yahoo.com
user0765,Trixie Vaudrain,3794 Vanderbilt Ave ,5641483642,TrixieVaudrain@outlook.com
user0766,Terrye Helgerman,8866 Snoqualmie Dr SE,2068837084,TerryeHelgerman@aol.com
user0767,Harriott Tulino,5086 Elliott Dr ,5035412097,HarriottTulino@aol.com
user0768,Myrtie Redhage,7797 Grace Pl N,5418510722,MyrtieRedhage@outlook.com
user0769,Collen Jowett,4894 Comstock Way NE,5091054257,CollenJowett@outlook.com
user0770,Nadean Fingerman,8831 Allee Ave N,3603467949,NadeanFingerman@hotmail.com
user0771,Winny Hulin,2551 Bellevue Ave ,2538771201,WinnyHulin@gmail.com
user0772,Mada Lemmert,6411 Penn Way SW,5095092244,MadaLemmert@yahoo.com
user0773,Fionna Haskew,7732 Lander Way SE,2533665246,FionnaHaskew@aol.com
user0774,Donia Swor,5944 Preston Ave S,2060094962,DoniaSwor@hotmail.com
user0775,Easter Clyne,1858 Frank Blvd ,2539851551,EasterClyne@gmail.com
user0776,Myrlene Bealle,2290 Diana Blvd NW,2061143234,MyrleneBealle@gmail.com
user0777,Alameda Lantier,3274 Farragut Pl SE,5031553375,AlamedaLantier@yahoo.com
user0778,Anissa Stoneback,7513 Franklin Dr NE,4250628818,AnissaStoneback@outlook.com
user0779,Katheryn Hallinan,1675 Villard Way E,5031422202,KatherynHallinan@gmail.com
user0780,Alicia Krinov,6942 Elizabeth Dr ,5412400689,AliciaKrinov@icloud.com
user0781,Alice Mallar,1343 Orleans Pl NW,5419985028,AliceMallar@icloud.com
user0782,Tana Beese,4449 Sheafe Blvd E,5096800009,TanaBeese@icloud.com
user0783,Kelcie Mood,5194 Whitman Way NE,5417027823,KelcieMood@gmail.com
user0784,Reiko Allenson,2192 Seventeenth Blvd ,5419665277,ReikoAllenson@hotmail.com
user0785,Sharyl Brenagh,1580 Terrace Pl E,5091865301,SharylBrenagh@hotmail.com
user0786,Lorinda Orea,4392 Twenty-Sixth Ave ,5644447813,LorindaOrea@hotmail.com
user0787,Maitilde Demro,2936 Alton Pl ,5091786043,MaitildeDemro@aol.com
user0788,Merrill Shover,5419 Orleans Dr S,5039028681,MerrillShover@aol.com
user0789,Cassondra Fongeallaz,1446 Victory Blvd NE,5098294225,CassondraFongeallaz@hotmail.com
user0790,Muffin Pead,6759 Howell Way S,4258028317,MuffinPead@icloud.com
user0791,Katherine Muthart,8928 Massachusetts Pl ,3600720908,KatherineMuthart@yahoo.com
user0792,Janey Cadiz,4784 Park Pl E,5411519675,JaneyCadiz@hotmail.com
user0793,Tiertza Bresko,1162 Quimper Way NW,5039935806,TiertzaBresko@icloud.com
user0794,Rakel Spreng,2838 Hill Dr ,5093753555,RakelSpreng@gmail.com
user0795,Beryl Gimbel,7013 Bradner Way ,4251466221,BerylGimbel@hotmail.com
user0796,Catarina Leblanc,3426 Case Ave SW,5097280479,CatarinaLeblanc@yahoo.com
user0797,Glennie Pherigo,5689 Alva Way ,5416435564,GlenniePherigo@aol.com
user0798,Mareah Binns,6186 Aldine Pl NW,2068998502,MareahBinns@outlook.com
user0799,Niki Durisseau,2028 Wiley Ave E,5649379741,NikiDurisseau@yahoo.com
user0800,Toinette Emme,4273 Penn Way S,2060477650,ToinetteEmme@gmail.com
user0801,Michel Linneman,6325 Banner Blvd NW,5099716140,MichelLinneman@hotmail.com
user0802,Gill Wydler,2893 Lincoln Ave W,4254367986,GillWydler@yahoo.com
user0803,Linnell Starwalt,4082 Commercial Dr SE,5643397706,LinnellStarwalt@hotmail.com
user0804,Saidee Lakey,5498 Canal Pl E,5641716852,SaideeLakey@icloud.com
user0805,Wally Senff,6575 Pearl Pl S,4250586430,WallySenff@hotmail.com
user0806,Corabelle Garavelli,4924 Forest St S,4257786237,CorabelleGaravelli@icloud.com
user0807,Gael Togashi,6092 Latona Blvd E,3607621701,GaelTogashi@icloud.com
user0808,Edna Shadle,1237 Templar Dr N,2539826022,EdnaShadle@yahoo.com
user0809,Leslie Florence,4155 Longfellow Pl NW,4255459083,LeslieFlorence@gmail.com
user0810,Indira Casimir,6429 Law Dr ,5098321899,IndiraCasimir@yahoo.com
user0811,Gui Mraz,4284 Lombard Pl SW,5031617088,GuiMraz@aol.com
user0812,Gay Sanmarco,3625 Twenty-Fifth Dr E,2061141509,GaySanmarco@hotmail.com
user0813,Estele Domine,6753 Mikado Dr N,2064691302,EsteleDomine@gmail.com
user0814,Brina Sangalli,3985 Mary Way ,3602534130,BrinaSangalli@outlook.com
user0815,Paulita Capron,6860 Nye St NE,5640069692,PaulitaCapron@gmail.com
user0816,Mechelle Pintor,2735 Bradford St SE,5037202555,MechellePintor@yahoo.com
user0817,Alayne Wiglesworth,7464 Terrace Pl ,5098585461,AlayneWiglesworth@hotmail.com
user0818,Jacquenetta Legner,6165 Cleveland Pl S,5640679862,JacquenettaLegner@yahoo.com
user0819,Glenine Littlepage,5022 Seattle Dr NW,5030447040,GlenineLittlepage@yahoo.com
user0820,Elyn Oquinn,2083 Bush Pl N,2068636313,ElynOquinn@aol.com
user0821,Kata Kuwana,2574 Connecticut St W,5412481420,KataKuwana@hotmail.com
user0822,Hollie Podbielski,5178 Scurry St ,5649864168,HolliePodbielski@outlook.com
user0823,Leandra Brindle,1185 William Ave E,5414275539,LeandraBrindle@gmail.com
user0824,Essa In,7542 Thirty-Second Dr NW,4254722963,EssaIn@aol.com
user0825,Ann Baraban,6299 St. Lawrence Pl E,5416286409,AnnBaraban@outlook.com
user0826,Dorisa Rische,3045 Indigo Pl SE,5098392925,DorisaRische@aol.com
user0827,Gavrielle Prigge,2045 Cedar St ,5412409071,GavriellePrigge@icloud.com
user0828,Manda Hubbert,2443 Boston Way SE,5090185111,MandaHubbert@icloud.com
user0829,Mariann Naji,8304 Boylston Pl ,5410209834,MariannNaji@icloud.com
user0830,Danielle Dench,5023 Cascade Dr W,5093133684,DanielleDench@icloud.com
user0831,Christal Mckillip,1995 Manitoba St SE,5419883959,ChristalMckillip@aol.com
user0832,Eada Severy,5495 Brook Dr S,5035721931,EadaSevery@yahoo.com
user0833,Mora Adjutant,6468 Lingard Blvd ,2537743787,MoraAdjutant@outlook.com
user0834,Brenna Carsno,2937 Boston Ave SW,5034304383,BrennaCarsno@outlook.com
user0835,Gladys Cacho,1809 Water Blvd S,4254657469,GladysCacho@aol.com
user0836,Brit Craver,6191 Bowman Way SE,5413652839,BritCraver@hotmail.com
user0837,Jonis Digrande,6403 Smithers St N,2533685481,JonisDigrande@aol.com
user0838,Juliane Uddin,3768 Lewis Dr S,5039432258,JulianeUddin@gmail.com
user0839,Shanie Francois,6170 Arthur Way ,3602600487,ShanieFrancois@icloud.com
user0840,Geraldine Coffen,6505 Newton Dr SW,4259601637,GeraldineCoffen@gmail.com
user0841,Bobinette Tangabekyan,4307 Cedar Way ,5413796179,BobinetteTangabekyan@hotmail.com
user0842,Tamarra Cogar,1164 Thirty-Second Blvd SW,4257306878,TamarraCogar@icloud.com
user0843,Tiffany Wormwood,1575 Villard St SW,5640326654,TiffanyWormwood@icloud.com
user0844,Kettie Dahms,5657 Poplar Way SE,5412400519,KettieDahms@icloud.com
user0845,Blondie Greuel,5647 Villie Ave ,5031525685,BlondieGreuel@icloud.com
user0846,Torey Dobek,5348 Elizabeth Dr NW,3604455227,ToreyDobek@outlook.com
user0847,Liva Chiodi,8872 Orleans Pl SE,5034059152,LivaChiodi@hotmail.com
user0848,Chery Ichinotsubo,3896 Hughston Blvd NW,5038758225,CheryIchinotsubo@icloud.com
user0849,Kori Christain,3027 Madison Ave NW,4250874054,KoriChristain@outlook.com
user0850,Beverlie Schimandle,1014 Hayes Ave SW,5414981651,BeverlieSchimandle@icloud.com
user0851,Carlynn Kensinger,5172 Violet Pl S,5647738334,CarlynnKensinger@outlook.com
user0852,Nina Singuefield,5474 Hall Blvd ,5413229953,NinaSinguefield@yahoo.com
user0853,Danella Platts,5415 Hawthorne Dr E,2534463619,DanellaPlatts@icloud.com
user0854,Marylou Sermons,1444 Quimper Blvd E,2068097312,MarylouSermons@gmail.com
user0855,Bobette Horse,2513 Wheeling Ave S,5096916373,BobetteHorse@aol.com
user0856,Benni Sheehan,4362 Mcclellan Way ,5096636059,BenniSheehan@yahoo.com
user0857,Tiena Kawakami,3085 Germaine Blvd ,2539505972,TienaKawakami@hotmail.com
user0858,Karyn Chiasson,4357 Washington St E,5038855946,KarynChiasson@gmail.com
user0859,Feliza Thal,7682 Decatur Dr NE,2060297705,FelizaThal@aol.com
user0860,Juliette Maccarone,6635 Taylor Dr ,5036163276,JulietteMaccarone@hotmail.com
user0861,Lilly Bogart,4121 Diomede Ave W,5038096187,LillyBogart@outlook.com
user0862,Ree Ondrey,1130 Wilford Pl SE,2067460673,ReeOndrey@aol.com
user0863,Wenda Kjelland,7108 Case Way ,5647129012,WendaKjelland@hotmail.com
user0864,Rae Cabos,3560 Compton St S,2066844308,RaeCabos@gmail.com
user0865,Petunia Harpe,7624 Mountain Pl N,5417598191,PetuniaHarpe@icloud.com
user0866,Claudina Tiffin,6842 Valley Blvd W,4254808607,ClaudinaTiffin@gmail.com
user0867,Wanids Indeck,7459 Phelps Way SW,2066310568,WanidsIndeck@hotmail.com
user0868,Florry Vangelder,2059 Dearborn Ave NE,2064461552,FlorryVangelder@icloud.com
user0869,Elonore Contini,4503 Pennsylvania Blvd N,5095593306,ElonoreContini@icloud.com
user0870,Livvie Midura,3594 Helen Blvd W,4258713803,LivvieMidura@hotmail.com
user0871,Shanda Auffrey,6236 Sprague Way ,4258839080,ShandaAuffrey@outlook.com
user0872,Codi Veras,1254 Eighth Dr ,2065482515,CodiVeras@outlook.com
user0873,Sheelagh Thrapp,6552 Whitman St NW,4257957214,SheelaghThrapp@yahoo.com
user0874,Quintilla Trowbridge,1671 Sansome Dr E,5418017352,QuintillaTrowbridge@hotmail.com
user0875,Joannes Rybowiak,3915 Lombard Dr NE,5030054241,JoannesRybowiak@yahoo.com
user0876,Martguerita Bonamico,1334 Shearbrook Blvd SE,2060256734,MartgueritaBonamico@hotmail.com
user0877,Eustacia Russel,7898 Stirling Ave SW,5036477140,EustaciaRussel@aol.com
user0878,Amalee Lanzillo,4806 Central St NE,2065704858,AmaleeLanzillo@hotmail.com
user0879,Christye Lubbock,4846 Havens Pl ,5099567565,ChristyeLubbock@yahoo.com
user0880,Deloria Lamb,7990 Everett Way S,5644241225,DeloriaLamb@hotmail.com
user0881,Irene Recchia,6676 Stacy Dr N,4252367991,IreneRecchia@gmail.com
user0882,Darcey Angulo,8197 Madison Ave NW,5096276527,DarceyAngulo@aol.com
user0883,Genna Gugino,1407 Stevens St NW,3602208598,GennaGugino@hotmail.com
user0884,Danella Zorman,7772 Barclay Blvd ,2536712034,DanellaZorman@gmail.com
user0885,Hanny Rezentes,3236 Seattle Ave N,5646087063,HannyRezentes@aol.com
user0886,Lyndy Solomons,2378 Lawrence St S,2060635681,LyndySolomons@hotmail.com
user0887,Cathee Abatti,8284 Nob Hill St SW,2062806424,CatheeAbatti@icloud.com
user0888,Damaris Alles,8262 Banner Blvd W,2066123447,DamarisAlles@aol.com
user0889,Merilee Beaubrun,4136 Wilford Dr W,5644831628,MerileeBeaubrun@aol.com
user0890,Coriss Mcclimon,5302 Lawrence Way W,2534746868,CorissMcclimon@icloud.com
user0891,Kelsi Schnitzler,4164 Law Pl SE,4259199029,KelsiSchnitzler@yahoo.com
user0892,Junina Mcnutt,1129 Short Pl SW,2060602350,JuninaMcnutt@hotmail.com
user0893,Samaria Haaga,7417 Tennyson Ave ,5414957936,SamariaHaaga@outlook.com
user0894,Kasey Bowron,5416 Jacobs Dr SW,2067819142,KaseyBowron@icloud.com
user0895,Crissy Nohe,2388 Twenty-Ninth St ,4257864870,CrissyNohe@outlook.com
user0896,Sherry Geoghegan,2239 Proctor Way S,5648883221,SherryGeoghegan@aol.com
user0897,Yasmeen Chilsom,5415 Grace Blvd ,5039645261,YasmeenChilsom@hotmail.com
user0898,Candy Letourneau,2077 Harvard Blvd E,5417175645,CandyLetourneau@aol.com
user0899,Kylen Discher,1699 Colfax Blvd W,4250503182,KylenDischer@hotmail.com
user0900,Helli Savory,4142 Thirty-Sixth Dr W,5647894399,HelliSavory@icloud.com
user0901,Batsheva Kecker,1010 Rose Pl ,4253360479,BatshevaKecker@aol.com
user0902,Ellen Monnerjahn,1885 Twenty-Ninth Way NE,5090871484,EllenMonnerjahn@yahoo.com
user0903,Sarajane Halvorson,3161 Gansvoort Dr W,5419371562,SarajaneHalvorson@icloud.com
user0904,Jessika Dalmida,2816 Leary Ave S,2532004138,JessikaDalmida@gmail.com
user0905,Gerta Decapua,4813 Templar St SW,5039874473,GertaDecapua@icloud.com
user0906,Verla Alfonso,5094 Herschel St ,2060502368,VerlaAlfonso@gmail.com
user0907,Olimpia Calcara,5562 Shearbrook Dr SE,5646525815,OlimpiaCalcara@gmail.com
user0908,Gisella Ohmit,2823 Denny Dr W,2535618058,GisellaOhmit@yahoo.com
user0909,Lezlie Juve,4673 Hawthorne Ave ,5039223322,LezlieJuve@outlook.com
user0910,Tabina Lombardo,1573 Temperance Pl NW,5032835100,TabinaLombardo@yahoo.com
user0911,Leonora Casper,4995 Lewis Ave N,3606505422,LeonoraCasper@aol.com
user0912,Kaycee Marcaida,3948 Moltke Pl SW,5416149090,KayceeMarcaida@gmail.com
user0913,Vitoria Hockenberry,6266 Division St SE,5643933280,VitoriaHockenberry@icloud.com
user0914,Dorry Busbey,3325 Highland Blvd ,3609719572,DorryBusbey@hotmail.com
user0915,Marna Filkins,1373 Marion Dr NE,5411562496,MarnaFilkins@icloud.com
user0916,Elga Duresky,2540 Crown Pl SW,5097259845,ElgaDuresky@outlook.com
user0917,Atalanta Emdee,6874 California Blvd SE,3600197037,AtalantaEmdee@hotmail.com
user0918,Shell Kennelly,6478 Templar Blvd SE,2063360065,ShellKennelly@outlook.com
user0919,Bertine Depuy,4039 Barclay Ave N,4253885538,BertineDepuy@aol.com
user0920,Crystie Underdown,3309 Stevens Dr NW,4254787953,CrystieUnderdown@gmail.com
user0921,Rennie Hostetler,1968 Sixteenth Pl E,5643613450,RennieHostetler@yahoo.com
user0922,Betta Marchetta,3563 Tennyson Dr N,5648560962,BettaMarchetta@outlook.com
user0923,Lorrie Mauer,4228 Leary Blvd S,2538815467,LorrieMauer@yahoo.com
user0924,Gussy Overlee,1209 Box Pl SE,2534310071,GussyOverlee@aol.com
user0925,Beatrice Rameres,8415 Hayes St NE,2531822513,BeatriceRameres@outlook.com
user0926,Feliza Friou,7023 Davis Pl NE,5418120727,FelizaFriou@icloud.com
user0927,Wanda Swarr,7059 Villie Pl NW,5641289445,WandaSwarr@gmail.com
user0928,Aurelie Federico,3975 Alder Blvd ,5092147391,AurelieFederico@aol.com
user0929,Gwenneth Mannine,1875 Cleveland Pl N,5415378029,GwennethMannine@yahoo.com
user0930,Mildred Garside,6967 Fontenelle Way W,5417180742,MildredGarside@gmail.com
user0931,Helsa Sewell,3496 Alton Ave NW,2538136968,HelsaSewell@aol.com
user0932,Kessiah Dilger,5171 Short Blvd ,5030119530,KessiahDilger@yahoo.com
user0933,Ulrika Bahl,5840 Elliott Blvd SW,5094650975,UlrikaBahl@outlook.com
user0934,Devinne Apilado,1291 Eaton Blvd SE,5096676740,DevinneApilado@aol.com
user0935,Leodora Berbig,8952 Blakely Pl NE,3605643553,LeodoraBerbig@hotmail.com
user0936,Kristine Ezechu,3181 South Blvd SW,5092244319,KristineEzechu@outlook.com
user0937,Karoly Newnham,1668 Dearborn St E,5090399474,KarolyNewnham@yahoo.com
user0938,Berty Silvera,6229 Lake Washington Pl NW,5038653969,BertySilvera@outlook.com
user0939,Darlene Donoho,3222 Occidental St SE,4257826551,DarleneDonoho@gmail.com
user0940,Jerry Mattey,6908 Maynard Way SE,4256519839,JerryMattey@outlook.com
user0941,Eilis Colburn,6478 Box Ave S,5640261403,EilisColburn@hotmail.com
user0942,Teodora Rizor,1290 Cooke Blvd ,5641354966,TeodoraRizor@outlook.com
user0943,Ivett Schamburek,4565 Wilson Ave S,5031232639,IvettSchamburek@hotmail.com
user0944,Jeri Frymoyer,2777 Allee Blvd E,2066555455,JeriFrymoyer@yahoo.com
user0945,Antoinette Sebastion,6189 Poplar Way N,5416978414,AntoinetteSebastion@yahoo.com
user0946,Cindie Laduke,8616 George Blvd NW,5094176437,CindieLaduke@hotmail.com
user0947,Coleen Mings,7387 Whitman Blvd ,3608020797,ColeenMings@icloud.com
user0948,Janice Sadowski,6462 Twentieth Blvd W,2068196908,JaniceSadowski@gmail.com
user0949,Othilie Faulkner,6243 Forty-Second Dr NW,5410099605,OthilieFaulkner@aol.com
user0950,Cathlene Thurner,6481 Walker Ave SE,4257839701,CathleneThurner@aol.com
user0951,Tiffie Gamboa,3669 Villie Way NW,3602856489,TiffieGamboa@outlook.com
user0952,Minerva Capehart,8402 Grand Blvd W,2062681791,MinervaCapehart@icloud.com
user0953,Ginny Bertoni,4324 Duwamish Way SE,4257190403,GinnyBertoni@yahoo.com
user0954,Clemmie Grindell,8805 Lake View Way ,3601010485,ClemmieGrindell@aol.com
user0955,Janean Sistrunk,8099 Poplar Pl ,2066375739,JaneanSistrunk@hotmail.com
user0956,Janel Redfield,8783 Marion Pl W,5643515929,JanelRedfield@yahoo.com
user0957,Courtney Ainscough,4130 Bay Blvd N,4253294960,CourtneyAinscough@outlook.com
user0958,Fawn Drozda,7626 Poplar Ave NW,3609949833,FawnDrozda@gmail.com
user0959,Twila Torbeck,4105 Barclay St W,2067626721,TwilaTorbeck@icloud.com
user0960,Amberly Widger,1535 Montana Ave E,2063756711,AmberlyWidger@yahoo.com
user0961,Hollie Loughmiller,1731 Newton Blvd E,2531779390,HollieLoughmiller@hotmail.com
user0962,Regine Molitoris,4398 Blakely Pl ,4255782389,RegineMolitoris@aol.com
user0963,Miof Mela Catanzaro,6933 Marmion Ave SE,2532913457,Miof MelaCatanzaro@icloud.com
user0964,Britni Miricle,7714 Mastick St NE,5090551548,BritniMiricle@icloud.com
user0965,Kendre Riveron,1167 Dexter Pl S,5098058290,KendreRiveron@aol.com
user0966,Cindee Sioma,1571 Yesler St NE,2066976581,CindeeSioma@outlook.com
user0967,Dolli Frist,8450 Twelfth Ave NE,4258927841,DolliFrist@hotmail.com
user0968,Trude Sasahara,1523 Mine Dr ,3607878247,TrudeSasahara@icloud.com
user0969,Adara Schlabs,2715 Boylston Pl E,5030810695,AdaraSchlabs@gmail.com
user0970,Chandra Faux,5625 Stirling Dr E,5414172616,ChandraFaux@icloud.com
user0971,Kessiah Glembocki,1663 Jones St E,3607017010,KessiahGlembocki@hotmail.com
user0972,Mahala Ayola,8517 High Way SE,5411352977,MahalaAyola@yahoo.com
user0973,Janka Mattia,6331 Rulon Way W,5414483592,JankaMattia@icloud.com
user0974,Latrena Coryell,1794 Town Ave SW,5413941096,LatrenaCoryell@yahoo.com
user0975,Billi Waibel,1487 Moltke Blvd ,2069091432,BilliWaibel@yahoo.com
user0976,Noel Em,3186 Law St ,5098922322,NoelEm@aol.com
user0977,Elenore Mcenroe,7670 Flemming Way SW,3600061499,ElenoreMcenroe@aol.com
user0978,Essa Fioravanti,5768 Fourth Pl W,2069105020,EssaFioravanti@icloud.com
user0979,Danila Loparco,4945 Hyde Dr ,5418571828,DanilaLoparco@yahoo.com
user0980,Carita Mehlig,7285 Stacy Blvd ,5096326785,CaritaMehlig@gmail.com
user0981,Krysta Pittsley,3107 Broadway Pl SW,4256134196,KrystaPittsley@yahoo.com
user0982,Elenore Gilchrist,8686 Quinault Dr E,5037295578,ElenoreGilchrist@icloud.com
user0983,Brigid Marable,7839 Anne Ave E,5641145001,BrigidMarable@yahoo.com
user0984,Zea Addesso,3069 Blakely Blvd NE,2063301313,ZeaAddesso@outlook.com
user0985,Arden Golladay,5336 Emmons Or Milk St E,5641144847,ArdenGolladay@hotmail.com
user0986,Ann-Marie Twymon,4921 Mikado Blvd NW,3604781843,Ann-MarieTwymon@gmail.com
user0987,Twyla Luyando,4674 Brook Pl W,5031548738,TwylaLuyando@yahoo.com
user0988,Nertie Kadel,5648 Campbell Ave ,5414209480,NertieKadel@hotmail.com
user0989,Kimbra Merales,3577 Colfax Dr SW,5642158086,KimbraMerales@aol.com
user0990,Maxy Apilado,2173 Forty-Second Pl NE,5649235841,MaxyApilado@outlook.com
user0991,Wylma Bufton,5812 Grace Dr NW,5097625908,WylmaBufton@gmail.com
user0992,Etta Manery,7344 Garfield Pl W,4256791446,EttaManery@icloud.com
user0993,Klara Sanon,3359 Diagonal Way S,5091295568,KlaraSanon@gmail.com
user0994,Salome Portie,1646 Bancroft Pl ,5415143028,SalomePortie@yahoo.com
user0995,Corilla Denardo,6843 Idaho Blvd NE,5032022990,CorillaDenardo@hotmail.com
user0996,Toby Cheak,1815 Choate St SW,5416718905,TobyCheak@gmail.com
user0997,Fawne Mesecar,6610 Elliott Pl SW,2533995872,FawneMesecar@yahoo.com
user0998,Roanne Trojanowski,3843 Scurry Pl SE,5414514904,RoanneTrojanowski@hotmail.com
user0999,Jacquelynn Romag,1679 Holgate Ave W,5039774930,JacquelynnRomag@gmail.com
user1000,Elicia Hyndman,1208 Aldine Dr ,3603060869,EliciaHyndman@aol.com
