_id,name,address,phone_number,email
cust0001,Megan Johnson,5674 56th Rd.,6825552392,Megan1@yahoo.com
cust0002,Carey Brown,1871 12th Cir.,1612699849,Carey1@aol.com
cust0003,Pat Johnson,7987 116th St.,5989683903,Pat1@gmail.com
cust0004,Cary Anderson,6304 90th Pl.,6659645405,Cary1@msn.com
cust0005,Carly Smith,7528 38th Rd.,7670075004,Carly1@aol.com
cust0006,Megan Johnson,8402 2nd Dr.,1186672656,Megan2@gmail.com
cust0007,Chris Smith,1408 92nd Pky.,8785642215,Chris1@yahoo.com
cust0008,John Miller,6063 135th Way,8142667080,John1@yahoo.com
cust0009,Pat Williams,2001 171st Pky.,5629435725,Pat2@msn.com
cust0010,Jordan Brown,4629 190th Ave.,9664236120,Jordan1@msn.com
cust0011,John Miller,6368 78th Way,4731668132,John2@msn.com
cust0012,Cary Brown,5572 108th Dr.,7302839752,Cary2@gmail.com
cust0013,Tom Lincoln,150 81st Rd.,6356718422,Tom1@aol.com
cust0014,John Lincoln,9302 112nd Cir.,6644796178,John3@gmail.com
cust0015,Lisa Williams,3436 179th Pky.,3818443221,Lisa1@gmail.com
cust0016,Josh Lincoln,7968 101st Pky.,7642344934,Josh1@aol.com
cust0017,Josh Williams,5911 84th Rd.,8354317485,Josh2@gmail.com
cust0018,Chris Davis,7694 186th St.,5133275019,Chris2@msn.com
cust0019,Josh Lincoln,7106 113rd Ave.,1680103658,Josh3@gmail.com
cust0020,Jordan Johnson,1945 88th Blvd.,5414251753,Jordan2@msn.com
cust0021,Megan Madison,6871 21st Blvd.,7746844200,Megan3@msn.com
cust0022,Josh Anderson,5734 37th St.,2950655826,Josh4@gmail.com
cust0023,Jordan Anderson,3486 199th Rd.,9089684729,Jordan3@yahoo.com
cust0024,Chris Williams,4480 18th Blvd.,8314644555,Chris3@yahoo.com
cust0025,Megan Davis,7960 2nd Ln.,3498831248,Megan4@msn.com
cust0026,John Brown,8444 158th Pl.,6081104416,John4@msn.com
cust0027,Chris Garfield,1978 155th Pky.,5584097397,Chris4@msn.com
cust0028,Pat Davis,5322 184th Cir.,4755606615,Pat3@aol.com
cust0029,Carey Johnson,1404 144th Pky.,1764907876,Carey2@aol.com
cust0030,Pat Brown,1827 138th St.,5639608983,Pat4@yahoo.com
cust0031,Carey Brown,464 138th Pky.,7339163377,Carey3@aol.com
cust0032,Carly Washington,726 101st Cir.,9722393504,Carly2@yahoo.com
cust0033,Tom Davis,1473 70th St.,3627579106,Tom2@gmail.com
cust0034,Sue Smith,1469 4th Rd.,4165032720,Sue1@gmail.com
cust0035,Josh Anderson,9118 197th Ln.,9437375093,Josh5@aol.com
cust0036,Scott Smith,4877 181st Blvd.,5014759548,Scott1@msn.com
cust0037,Cary Williams,5719 133rd St.,6651401731,Cary3@aol.com
cust0038,Pat Washington,966 11th Dr.,1582186536,Pat5@msn.com
cust0039,George Washington,5714 33rd Rd.,5642338307,George1@gmail.com
cust0040,Carey Davis,8019 95th Blvd.,8818445853,Carey4@msn.com
cust0041,Josh Anderson,5263 112nd Pl.,2394508137,Josh6@yahoo.com
cust0042,Lisa Johnson,6780 7th Ave.,2821161897,Lisa2@gmail.com
cust0043,Mark Washington,2345 21st Cir.,8514728263,Mark1@gmail.com
cust0044,John Brown,8676 176th Ave.,8778419260,John5@gmail.com
cust0045,Cary Smith,5332 198th Rd.,7169446080,Cary4@msn.com
cust0046,Tom Lincoln,5104 134th Way,7234123778,Tom3@gmail.com
cust0047,John Lincoln,93 60th Ln.,8920797868,John6@aol.com
cust0048,Jordan Garfield,2670 74th Blvd.,2014653920,Jordan4@aol.com
cust0049,Carly Washington,6096 9th Way,3881373172,Carly3@gmail.com
cust0050,Pat Anderson,5081 188th Pl.,9983063472,Pat6@aol.com
cust0051,Lisa Miller,7703 93rd Way,4699356873,Lisa3@aol.com
cust0052,Scott Washington,5701 72nd Way,6791938040,Scott2@yahoo.com
cust0053,Pat Anderson,132 60th Blvd.,6725159841,Pat7@aol.com
cust0054,John Lincoln,6183 120th Rd.,9541188329,John7@yahoo.com
cust0055,Lisa Washington,3458 118th Cir.,3667218769,Lisa4@aol.com
cust0056,Lisa Davis,1695 177th Dr.,4328058561,Lisa5@aol.com
cust0057,Scott Brown,2066 102nd Ave.,8059308418,Scott3@gmail.com
cust0058,Cary Washington,4084 135th Cir.,2080344215,Cary5@yahoo.com
cust0059,Megan Madison,1946 45th St.,2344301811,Megan5@yahoo.com
cust0060,Chris Brown,8362 129th Ave.,2237963674,Chris5@gmail.com
cust0061,Tom Lincoln,5637 178th Pky.,5474743746,Tom4@gmail.com
cust0062,Pat Madison,2242 20th Ave.,3595860870,Pat8@msn.com
cust0063,Lisa Lincoln,5051 116th Ave.,1705227472,Lisa6@gmail.com
cust0064,Mark Davis,6262 8th Pl.,2650737195,Mark2@msn.com
cust0065,George Anderson,864 69th Dr.,1462108807,George2@aol.com
cust0066,Cary Smith,8368 129th Way,1391728058,Cary6@yahoo.com
cust0067,Tom Williams,3762 149th Cir.,7387615813,Tom5@msn.com
cust0068,Tom Garfield,8079 36th Pl.,3897615378,Tom6@gmail.com
cust0069,Tom Smith,2042 123rd Way,5291054056,Tom7@gmail.com
cust0070,Chris Davis,57 168th Ave.,1906420007,Chris6@yahoo.com
cust0071,Scott Miller,906 182nd Pl.,6333075960,Scott4@yahoo.com
cust0072,Lisa Smith,119 149th Pl.,9598237737,Lisa7@gmail.com
cust0073,Tom Anderson,6827 180th Rd.,2464708429,Tom8@msn.com
cust0074,John Anderson,5994 158th Pl.,8632837988,John8@msn.com
cust0075,Carey Washington,6737 121st Rd.,9739245418,Carey5@aol.com
cust0076,Chris Miller,2905 85th Ave.,9528612727,Chris7@msn.com
cust0077,John Washington,3174 57th Ave.,2769394857,John9@aol.com
cust0078,Pat Miller,8077 129th Ln.,9663282444,Pat9@msn.com
cust0079,Mark Johnson,6122 103rd Cir.,2454878664,Mark3@aol.com
cust0080,Carey Johnson,2982 122nd Rd.,1309108760,Carey6@yahoo.com
cust0081,Scott Garfield,286 67th Pky.,4255528972,Scott5@yahoo.com
cust0082,Lisa Lincoln,3087 191st Ln.,2449142306,Lisa8@gmail.com
cust0083,Carly Miller,5710 122nd Ave.,9434196772,Carly4@gmail.com
cust0084,Carey Miller,5808 71st Rd.,8444473031,Carey7@yahoo.com
cust0085,Megan Garfield,4565 7th Dr.,1799981314,Megan6@yahoo.com
cust0086,Tom Lincoln,1217 171st Cir.,2730933464,Tom9@msn.com
cust0087,Scott Garfield,6592 96th Blvd.,1207757192,Scott6@gmail.com
cust0088,Carey Brown,3111 8th Way,2702302010,Carey8@aol.com
cust0089,George Washington,5710 118th Rd.,9612839713,George3@aol.com
cust0090,Pat Lincoln,9226 140th St.,5282239798,Pat10@msn.com
cust0091,George Madison,125 120th Ln.,7434897737,George4@aol.com
cust0092,Carey Miller,8460 43rd Blvd.,6375276871,Carey9@gmail.com
cust0093,Lisa Anderson,7629 28th Ave.,9785395049,Lisa9@gmail.com
cust0094,Carly Lincoln,5410 101st Way,8164180055,Carly5@yahoo.com
cust0095,Lisa Garfield,6528 134th Ln.,6531779732,Lisa10@aol.com
cust0096,Pat Madison,7129 7th Ave.,3263918585,Pat11@yahoo.com
cust0097,Chris Anderson,7481 139th Way,2983657241,Chris8@yahoo.com
cust0098,Lisa Miller,1887 114th Ave.,7479662949,Lisa11@msn.com
cust0099,Tom Madison,3790 50th Rd.,5103485746,Tom10@gmail.com
cust0100,Jordan Miller,2536 103rd Ln.,7306634316,Jordan5@aol.com
cust0101,Pat Smith,568 13th Dr.,4783172941,Pat12@yahoo.com
cust0102,Carey Madison,2378 183rd St.,3309464557,Carey10@msn.com
cust0103,Cary Smith,4945 27th Ave.,7953902065,Cary7@aol.com
cust0104,Scott Miller,9000 96th Ave.,2261796832,Scott7@msn.com
cust0105,Carey Miller,4473 35th Ave.,2474197648,Carey11@msn.com
cust0106,Mark Williams,6786 35th Dr.,5854971719,Mark4@aol.com
cust0107,Carey Johnson,4836 59th Blvd.,1148905651,Carey12@yahoo.com
cust0108,Scott Smith,4809 158th Blvd.,7262291443,Scott8@gmail.com
cust0109,Carey Brown,5937 163rd Blvd.,9531613779,Carey13@yahoo.com
cust0110,Scott Lincoln,3769 128th Blvd.,3946258268,Scott9@msn.com
cust0111,Chris Williams,4661 120th Ln.,6369631742,Chris9@msn.com
cust0112,Pat Garfield,9217 145th Cir.,3978917683,Pat13@msn.com
cust0113,Carey Lincoln,9297 28th Ave.,8486697991,Carey14@aol.com
cust0114,Carey Johnson,9925 124th Rd.,7973328462,Carey15@msn.com
cust0115,George Anderson,3287 2nd Cir.,4252009373,George5@msn.com
cust0116,John Brown,3834 17th Pky.,9774093461,John10@yahoo.com
cust0117,Lisa Johnson,7421 172nd Blvd.,3243724910,Lisa12@gmail.com
cust0118,Josh Brown,613 105th Way,2737737110,Josh7@msn.com
cust0119,John Miller,9598 73rd Blvd.,2985511920,John11@gmail.com
cust0120,Tom Lincoln,7366 193rd Pl.,6448119482,Tom11@msn.com
cust0121,Jordan Davis,6853 121st Dr.,6675099886,Jordan6@msn.com
cust0122,Josh Anderson,1423 183rd Dr.,2762918820,Josh8@gmail.com
cust0123,George Washington,5371 144th Ave.,6058734286,George6@aol.com
cust0124,Cary Brown,1253 182nd Dr.,9112123009,Cary8@aol.com
cust0125,Sue Anderson,6310 33rd Blvd.,4222099803,Sue2@aol.com
cust0126,Chris Lincoln,3407 196th Way,4745981553,Chris10@gmail.com
cust0127,Megan Madison,9195 135th Pky.,2785649559,Megan7@msn.com
cust0128,John Davis,6322 137th Pl.,4805953305,John12@gmail.com
cust0129,Carly Washington,5699 24th Cir.,5035802611,Carly6@gmail.com
cust0130,Pat Madison,5969 124th Pl.,3821093984,Pat14@gmail.com
cust0131,John Smith,4617 59th Pl.,8080028711,John13@msn.com
cust0132,Pat Davis,1514 73rd Cir.,2434289022,Pat15@aol.com
cust0133,Chris Miller,7277 114th Blvd.,2678643864,Chris11@yahoo.com
cust0134,Sue Williams,4323 158th Ave.,4605405024,Sue3@gmail.com
cust0135,Mark Garfield,3120 129th Pl.,2801273871,Mark5@gmail.com
cust0136,Mark Williams,6313 9th Ave.,8723327220,Mark6@gmail.com
cust0137,George Brown,9219 49th Blvd.,6143119680,George7@gmail.com
cust0138,Megan Williams,7583 99th Dr.,2429084234,Megan8@gmail.com
cust0139,Carey Johnson,5936 24th Pl.,7507557492,Carey16@msn.com
cust0140,Scott Miller,5602 131st St.,1423601755,Scott10@aol.com
cust0141,Josh Davis,3599 199th Way,8545515490,Josh9@msn.com
cust0142,Carly Davis,1096 76th Cir.,6023839395,Carly7@yahoo.com
cust0143,George Miller,9758 118th Pl.,8619392420,George8@yahoo.com
cust0144,Jordan Smith,8083 56th Cir.,1250327256,Jordan7@msn.com
cust0145,Tom Anderson,4349 26th Dr.,7576798187,Tom12@gmail.com
cust0146,Scott Smith,4741 200th Blvd.,1012957465,Scott11@aol.com
cust0147,Chris Washington,6732 131st Rd.,9846674451,Chris12@yahoo.com
cust0148,Pat Johnson,6321 144th Ln.,4822997971,Pat16@yahoo.com
cust0149,George Davis,5476 184th Rd.,2974780101,George9@msn.com
cust0150,Jordan Williams,1752 197th Ln.,4088091722,Jordan8@yahoo.com
cust0151,Tom Davis,5477 127th Pl.,7239794749,Tom13@aol.com
cust0152,Carey Johnson,8223 114th Pl.,5738588460,Carey17@yahoo.com
cust0153,Lisa Washington,2654 110th Blvd.,9667345556,Lisa13@gmail.com
cust0154,Chris Johnson,3444 183rd St.,9707153119,Chris13@gmail.com
cust0155,Josh Anderson,4567 124th Blvd.,8859230601,Josh10@aol.com
cust0156,Scott Smith,1562 13th Pky.,9730341722,Scott12@yahoo.com
cust0157,Sue Anderson,2199 161st Way,2275502903,Sue4@gmail.com
cust0158,Cary Garfield,4756 189th Ln.,6133704114,Cary9@aol.com
cust0159,Tom Williams,2196 15th Pky.,7137371085,Tom14@yahoo.com
cust0160,Carly Garfield,8612 87th Dr.,1201459592,Carly8@aol.com
cust0161,Carey Miller,337 24th Pl.,4650149234,Carey18@aol.com
cust0162,Scott Washington,8229 147th Ave.,6274495411,Scott13@gmail.com
cust0163,Josh Johnson,2117 56th Pl.,5522307689,Josh11@aol.com
cust0164,John Smith,1136 85th Pky.,7230170431,John14@yahoo.com
cust0165,John Brown,1799 7th St.,6800804055,John15@gmail.com
cust0166,Sue Washington,3549 26th Blvd.,2963821107,Sue5@gmail.com
cust0167,Josh Brown,3784 119th Dr.,7024956357,Josh12@yahoo.com
cust0168,Chris Washington,3172 120th Way,2094313703,Chris14@gmail.com
cust0169,Carey Johnson,4279 82nd Pl.,4836395016,Carey19@aol.com
cust0170,Josh Madison,422 6th Pky.,7622921357,Josh13@gmail.com
cust0171,Megan Lincoln,554 2nd Pl.,8981732549,Megan9@aol.com
cust0172,Chris Johnson,2803 168th Cir.,6636151326,Chris15@gmail.com
cust0173,Mark Washington,2144 141st Rd.,6659652201,Mark7@gmail.com
cust0174,Scott Garfield,8022 170th Ln.,6993953665,Scott14@aol.com
cust0175,Chris Brown,409 27th Way,7108947520,Chris16@msn.com
cust0176,John Davis,7796 11th St.,2378269411,John16@yahoo.com
cust0177,John Garfield,1011 181st St.,2703442619,John17@msn.com
cust0178,Pat Lincoln,3358 198th Rd.,6163252979,Pat17@msn.com
cust0179,Jordan Johnson,4088 81st Blvd.,9520622105,Jordan9@yahoo.com
cust0180,Scott Washington,8633 90th Blvd.,7809960706,Scott15@yahoo.com
cust0181,Cary Miller,16 107th Rd.,8572568689,Cary10@aol.com
cust0182,Pat Madison,4693 163rd Cir.,4748049534,Pat18@msn.com
cust0183,Tom Brown,9592 130th Cir.,7815130971,Tom15@gmail.com
cust0184,Chris Washington,1953 57th Pl.,5131794250,Chris17@yahoo.com
cust0185,Lisa Washington,6971 31st Dr.,8529355456,Lisa14@aol.com
cust0186,Cary Washington,3215 176th Ln.,5591534152,Cary11@msn.com
cust0187,Pat Smith,3319 154th Pl.,3732771904,Pat19@yahoo.com
cust0188,Carey Johnson,5195 187th Ln.,9434028969,Carey20@aol.com
cust0189,Josh Washington,3860 37th Rd.,4702875372,Josh14@msn.com
cust0190,Chris Brown,2787 154th Way,9299639116,Chris18@aol.com
cust0191,Scott Miller,1189 88th Ln.,7407912863,Scott16@yahoo.com
cust0192,Pat Washington,5915 50th Pl.,5337615485,Pat20@yahoo.com
cust0193,Josh Anderson,6031 166th Dr.,6554107641,Josh15@aol.com
cust0194,Josh Williams,976 18th Cir.,4628984088,Josh16@gmail.com
cust0195,Cary Williams,9068 84th Cir.,5558267911,Cary12@yahoo.com
cust0196,Lisa Brown,1836 155th Pl.,7924882572,Lisa15@yahoo.com
cust0197,Cary Brown,5978 11th Cir.,9416555503,Cary13@msn.com
cust0198,Scott Miller,2038 64th St.,6395858029,Scott17@gmail.com
cust0199,Carey Smith,2160 96th Pl.,1493428315,Carey21@aol.com
cust0200,John Lincoln,7287 71st Pky.,4754650390,John18@gmail.com
cust0201,Sue Brown,2997 145th St.,5922686175,Sue6@yahoo.com
cust0202,Cary Brown,5153 78th Blvd.,5039319055,Cary14@yahoo.com
cust0203,John Lincoln,8252 26th Way,7057791518,John19@aol.com
cust0204,Sue Brown,4721 7th Ave.,7442181886,Sue7@msn.com
cust0205,Scott Washington,2434 186th Rd.,2885349372,Scott18@yahoo.com
cust0206,Carly Lincoln,266 157th Rd.,3126202250,Carly9@msn.com
cust0207,George Davis,5620 174th Rd.,8433983859,George10@gmail.com
cust0208,George Smith,9416 130th Ave.,2996601200,George11@gmail.com
cust0209,Carly Williams,2760 59th Blvd.,8641495708,Carly10@gmail.com
cust0210,Tom Smith,2902 125th Ave.,6418869664,Tom16@aol.com
cust0211,Cary Johnson,2275 156th Ln.,9088749325,Cary15@gmail.com
cust0212,Josh Washington,6528 199th Blvd.,9855891750,Josh17@yahoo.com
cust0213,Tom Madison,1288 189th St.,7761291211,Tom17@gmail.com
cust0214,Cary Johnson,2347 141st Cir.,9204327591,Cary16@msn.com
cust0215,Sue Davis,9991 113rd Pky.,2793677465,Sue8@msn.com
cust0216,Josh Garfield,5776 115th Way,7154007504,Josh18@msn.com
cust0217,Lisa Madison,1154 71st Ln.,3499119784,Lisa16@yahoo.com
cust0218,Chris Davis,8299 171st Ave.,1916774902,Chris19@gmail.com
cust0219,Tom Garfield,2723 151st Dr.,8347939311,Tom18@msn.com
cust0220,Scott Johnson,8797 154th Ave.,5314453382,Scott19@msn.com
cust0221,Cary Madison,6831 103rd Blvd.,7298437127,Cary17@yahoo.com
cust0222,Carey Lincoln,2295 109th Way,5887227784,Carey22@msn.com
cust0223,Megan Madison,9266 52nd Way,2051419914,Megan10@aol.com
cust0224,Cary Anderson,4865 158th Ln.,6089476124,Cary18@gmail.com
cust0225,Megan Washington,754 173rd Rd.,8053856896,Megan11@msn.com
cust0226,Sue Williams,7490 80th Ln.,1891751009,Sue9@yahoo.com
cust0227,Scott Johnson,3107 158th Pky.,2139940851,Scott20@aol.com
cust0228,John Williams,9306 16th Pl.,6040421129,John20@gmail.com
cust0229,Scott Williams,2326 101st Pky.,6834047568,Scott21@msn.com
cust0230,John Williams,5409 46th St.,7344307390,John21@aol.com
cust0231,Carey Smith,2778 39th Pl.,9099227101,Carey23@aol.com
cust0232,Megan Anderson,37 94th St.,2733966216,Megan12@msn.com
cust0233,Cary Garfield,523 25th Ln.,1010222852,Cary19@yahoo.com
cust0234,Carey Washington,7969 151st Rd.,6879780608,Carey24@aol.com
cust0235,Jordan Washington,2914 173rd Cir.,6444389128,Jordan10@msn.com
cust0236,George Smith,2209 15th Way,4128525201,George12@aol.com
cust0237,Mark Williams,2662 173rd Cir.,5377554275,Mark8@gmail.com
cust0238,Tom Garfield,8199 35th Pl.,5699977454,Tom19@aol.com
cust0239,Megan Smith,5770 182nd Pl.,7324276810,Megan13@aol.com
cust0240,Carey Lincoln,8490 40th Rd.,5905406270,Carey25@yahoo.com
cust0241,Lisa Williams,6613 149th St.,6590268982,Lisa17@msn.com
cust0242,Lisa Lincoln,1900 93rd Ave.,3627268907,Lisa18@gmail.com
cust0243,Sue Smith,4714 4th Pky.,7417680442,Sue10@aol.com
cust0244,Scott Williams,8584 149th Rd.,1055570391,Scott22@yahoo.com
cust0245,Carly Brown,8206 5th Cir.,9793845869,Carly11@msn.com
cust0246,Scott Garfield,5354 10th Ave.,5813625009,Scott23@msn.com
cust0247,Carey Lincoln,5990 198th Way,2597190025,Carey26@gmail.com
cust0248,Jordan Smith,7790 116th Ln.,2529597301,Jordan11@gmail.com
cust0249,Scott Smith,2467 137th Cir.,8881578415,Scott24@gmail.com
cust0250,George Madison,622 163rd Rd.,2374928338,George13@yahoo.com
cust0251,Megan Madison,7391 127th Blvd.,7113938516,Megan14@gmail.com
cust0252,Jordan Garfield,4942 15th St.,2690207292,Jordan12@yahoo.com
cust0253,John Smith,1706 180th Blvd.,7473512117,John22@aol.com
cust0254,Lisa Lincoln,7833 29th Dr.,3948821759,Lisa19@aol.com
cust0255,Sue Miller,3136 62nd Blvd.,9372231715,Sue11@yahoo.com
cust0256,Jordan Smith,6574 6th Ln.,4261680027,Jordan13@msn.com
cust0257,Tom Washington,6378 169th Cir.,6924799562,Tom20@yahoo.com
cust0258,Lisa Johnson,5235 91st Ln.,6922062695,Lisa20@aol.com
cust0259,George Madison,8152 56th Pl.,2606553446,George14@yahoo.com
cust0260,Lisa Smith,8952 128th Rd.,9646967896,Lisa21@aol.com
cust0261,Chris Madison,9805 171st Rd.,9970213162,Chris20@yahoo.com
cust0262,Carly Miller,298 49th Pky.,5490122135,Carly12@aol.com
cust0263,Lisa Williams,3249 70th Pky.,4980010367,Lisa22@yahoo.com
cust0264,John Garfield,5067 186th Cir.,8990739197,John23@msn.com
cust0265,Sue Smith,2288 124th Rd.,9510716782,Sue12@aol.com
cust0266,Jordan Johnson,3877 24th Rd.,2117356767,Jordan14@gmail.com
cust0267,Carly Anderson,4403 149th Pl.,4534182619,Carly13@gmail.com
cust0268,Chris Davis,1706 120th Ln.,5858052123,Chris21@aol.com
cust0269,Scott Williams,9330 47th Blvd.,5518861734,Scott25@gmail.com
cust0270,Carey Brown,8405 65th Pky.,5190372158,Carey27@yahoo.com
cust0271,Carey Johnson,5312 95th Way,7964630278,Carey28@gmail.com
cust0272,Carey Davis,2793 161st Ave.,4467259249,Carey29@yahoo.com
cust0273,Tom Washington,2185 132nd Blvd.,1937839241,Tom21@gmail.com
cust0274,Megan Anderson,8383 70th Blvd.,5729097848,Megan15@yahoo.com
cust0275,Cary Lincoln,1967 58th Ave.,5635474564,Cary20@yahoo.com
cust0276,Tom Brown,1774 131st Ave.,8661982795,Tom22@gmail.com
cust0277,Scott Washington,5968 175th Dr.,9664739338,Scott26@msn.com
cust0278,Mark Lincoln,2820 64th Cir.,5488012080,Mark9@aol.com
cust0279,Carly Garfield,6068 8th Pl.,8498787481,Carly14@gmail.com
cust0280,Jordan Brown,9090 93rd Ave.,6608124539,Jordan15@gmail.com
cust0281,Pat Brown,7428 124th Blvd.,3892891624,Pat21@gmail.com
cust0282,Tom Anderson,8481 110th Pky.,8863029359,Tom23@gmail.com
cust0283,Scott Anderson,6623 61st Ave.,7280218279,Scott27@yahoo.com
cust0284,Chris Davis,332 38th Dr.,4183677219,Chris22@gmail.com
cust0285,John Garfield,2733 49th Dr.,4237902366,John24@gmail.com
cust0286,Tom Lincoln,9078 31st Way,2949532008,Tom24@aol.com
cust0287,Lisa Madison,4825 89th Cir.,7678264360,Lisa23@msn.com
cust0288,Megan Madison,829 108th Way,7346054446,Megan16@aol.com
cust0289,John Lincoln,8520 136th St.,3886278247,John25@msn.com
cust0290,Chris Miller,619 158th St.,1316503359,Chris23@gmail.com
cust0291,Jordan Davis,7240 128th Way,9701493361,Jordan16@msn.com
cust0292,Carly Johnson,5415 161st Ln.,5037538553,Carly15@aol.com
cust0293,Josh Brown,8574 120th St.,4440107304,Josh19@msn.com
cust0294,John Smith,103 132nd Ave.,2964734095,John26@yahoo.com
cust0295,Chris Davis,8525 73rd Way,7628606761,Chris24@msn.com
cust0296,Carey Madison,1246 136th Cir.,7921509567,Carey30@aol.com
cust0297,John Garfield,6322 143rd Pl.,8197039700,John27@yahoo.com
cust0298,Carey Garfield,1114 52nd Dr.,4961987800,Carey31@yahoo.com
cust0299,Chris Anderson,5923 174th Rd.,9421408189,Chris25@msn.com
cust0300,Josh Williams,84 63rd Pl.,9243188840,Josh20@yahoo.com
cust0301,George Davis,780 54th Ave.,7557411636,George15@msn.com
cust0302,Josh Anderson,5992 150th St.,4271877570,Josh21@msn.com
cust0303,Mark Davis,4416 7th Way,9424332792,Mark10@gmail.com
cust0304,Mark Johnson,3598 12th Pky.,9087778400,Mark11@gmail.com
cust0305,George Williams,4306 35th Way,8240193430,George16@aol.com
cust0306,Carly Madison,3231 167th Ave.,9564356435,Carly16@aol.com
cust0307,Tom Washington,7583 170th Rd.,8429267457,Tom25@yahoo.com
cust0308,Cary Williams,5800 79th St.,7410697438,Cary21@yahoo.com
cust0309,Josh Williams,5287 89th Pky.,7151018362,Josh22@aol.com
cust0310,Carey Brown,2788 176th Pky.,5656850871,Carey32@aol.com
cust0311,George Miller,1973 18th Way,4793591721,George17@aol.com
cust0312,Scott Washington,9413 22nd Blvd.,7369008369,Scott28@aol.com
cust0313,Jordan Madison,4821 114th Pl.,3719546328,Jordan17@gmail.com
cust0314,Tom Williams,6340 47th Ave.,7209221092,Tom26@aol.com
cust0315,Jordan Washington,5762 128th St.,2653891331,Jordan18@gmail.com
cust0316,Carly Davis,5521 149th Cir.,5875666920,Carly17@yahoo.com
cust0317,Scott Madison,1033 130th Pky.,7366944772,Scott29@msn.com
cust0318,Tom Smith,7579 113rd Cir.,3696085550,Tom27@gmail.com
cust0319,Chris Lincoln,3209 147th Cir.,6118401325,Chris26@aol.com
cust0320,Josh Garfield,6835 96th Way,2279616055,Josh23@msn.com
cust0321,Jordan Madison,519 148th Ave.,3251490155,Jordan19@msn.com
cust0322,Carey Washington,3066 134th Rd.,5288701632,Carey33@aol.com
cust0323,Carly Anderson,1626 65th Dr.,5070811244,Carly18@aol.com
cust0324,Mark Washington,9032 95th Way,1571799492,Mark12@yahoo.com
cust0325,John Washington,9842 81st Rd.,9211959720,John28@yahoo.com
cust0326,Carly Garfield,6907 151st Ave.,3266556256,Carly19@gmail.com
cust0327,Scott Washington,587 96th Dr.,1315982571,Scott30@yahoo.com
cust0328,Josh Miller,4703 80th Cir.,1699825926,Josh24@yahoo.com
cust0329,Sue Madison,1334 43rd Ave.,2212098436,Sue13@yahoo.com
cust0330,Tom Anderson,7538 163rd Rd.,9504962467,Tom28@msn.com
cust0331,Sue Garfield,2956 110th Rd.,1494180868,Sue14@gmail.com
cust0332,Scott Williams,2599 35th Way,1862244657,Scott31@yahoo.com
cust0333,Jordan Washington,7814 141st Pl.,4508141109,Jordan20@msn.com
cust0334,Mark Washington,1596 16th St.,7546512928,Mark13@yahoo.com
cust0335,Pat Lincoln,1501 27th St.,5381359326,Pat22@msn.com
cust0336,Scott Davis,9556 190th St.,2261269857,Scott32@gmail.com
cust0337,John Smith,9012 162nd Pky.,9323091506,John29@yahoo.com
cust0338,Tom Williams,1424 12th Way,1467828215,Tom29@gmail.com
cust0339,Josh Williams,7464 88th Blvd.,9075481490,Josh25@msn.com
cust0340,Chris Miller,7750 100th Dr.,1144285489,Chris27@aol.com
cust0341,Sue Lincoln,5731 24th Cir.,3353921406,Sue15@yahoo.com
cust0342,Scott Washington,6119 49th Ln.,6123002362,Scott33@aol.com
cust0343,Tom Lincoln,1088 120th Dr.,5372819544,Tom30@aol.com
cust0344,Lisa Miller,1468 57th Cir.,2584211100,Lisa24@msn.com
cust0345,Lisa Brown,8214 154th St.,1471817028,Lisa25@aol.com
cust0346,Pat Brown,9920 7th Dr.,6297973268,Pat23@yahoo.com
cust0347,Jordan Johnson,3128 26th Way,8552381159,Jordan21@aol.com
cust0348,Jordan Brown,8153 128th Pl.,7467287936,Jordan22@yahoo.com
cust0349,Sue Lincoln,9 19th Ave.,9726630112,Sue16@msn.com
cust0350,Scott Garfield,7617 193rd Cir.,2805611742,Scott34@yahoo.com
cust0351,Pat Smith,8384 106th Pl.,6004482061,Pat24@yahoo.com
cust0352,Lisa Smith,2179 73rd Pky.,2285528310,Lisa26@aol.com
cust0353,Josh Miller,867 67th Way,7818949519,Josh26@aol.com
cust0354,Chris Madison,9222 103rd Pky.,7564373223,Chris28@gmail.com
cust0355,Scott Smith,1164 2nd Pl.,2370448590,Scott35@yahoo.com
cust0356,Lisa Miller,9150 51st St.,8503042011,Lisa27@yahoo.com
cust0357,Tom Washington,5977 72nd Blvd.,7556945131,Tom31@msn.com
cust0358,George Davis,5309 117th St.,9326722464,George18@yahoo.com
cust0359,Mark Lincoln,5868 9th Ln.,7312939290,Mark14@msn.com
cust0360,Scott Lincoln,9057 179th Dr.,9486377126,Scott36@gmail.com
cust0361,Sue Lincoln,4938 71st Blvd.,1067964444,Sue17@aol.com
cust0362,Chris Williams,755 102nd Way,6958670744,Chris29@aol.com
cust0363,Chris Smith,2630 143rd Ln.,1257858463,Chris30@aol.com
cust0364,Pat Lincoln,9950 2nd Rd.,6553357101,Pat25@gmail.com
cust0365,Lisa Smith,5628 152nd Pky.,1204678081,Lisa28@gmail.com
cust0366,Cary Johnson,7205 139th Dr.,1305490662,Cary22@gmail.com
cust0367,Cary Garfield,7386 186th Ave.,4112632844,Cary23@yahoo.com
cust0368,Tom Davis,8264 190th Blvd.,7722843512,Tom32@gmail.com
cust0369,Cary Williams,5603 167th Ave.,9032578631,Cary24@msn.com
cust0370,Jordan Anderson,933 113rd St.,7628253946,Jordan23@msn.com
cust0371,Carey Johnson,4149 100th Ln.,2300443172,Carey34@aol.com
cust0372,George Brown,2080 153rd St.,4313780450,George19@yahoo.com
cust0373,George Madison,1349 135th Blvd.,7687458904,George20@gmail.com
cust0374,Carey Anderson,5589 93rd Pky.,6904188239,Carey35@aol.com
cust0375,Carey Lincoln,9784 162nd Rd.,8526724120,Carey36@aol.com
cust0376,Tom Williams,9410 174th Rd.,4951769000,Tom33@yahoo.com
cust0377,Lisa Anderson,2386 164th Way,6596407429,Lisa29@msn.com
cust0378,Megan Williams,9416 65th Way,9961512533,Megan17@gmail.com
cust0379,Lisa Williams,6624 45th Dr.,9722708511,Lisa30@yahoo.com
cust0380,Scott Washington,2552 165th Way,4448238537,Scott37@aol.com
cust0381,Carly Johnson,1572 40th Pky.,3362075826,Carly20@aol.com
cust0382,Megan Johnson,3424 170th Pky.,7332232570,Megan18@gmail.com
cust0383,Scott Smith,9254 3rd Dr.,4880824957,Scott38@msn.com
cust0384,Megan Lincoln,5826 22nd Ave.,4125048002,Megan19@gmail.com
cust0385,Chris Anderson,8521 184th Cir.,1092346959,Chris31@yahoo.com
cust0386,Megan Lincoln,3869 133rd Rd.,3429759321,Megan20@gmail.com
cust0387,Megan Lincoln,6591 31st St.,1659525075,Megan21@yahoo.com
cust0388,Tom Smith,7499 5th Blvd.,1915309065,Tom34@gmail.com
cust0389,Lisa Anderson,671 44th Cir.,3350058411,Lisa31@aol.com
cust0390,Mark Lincoln,6337 70th Rd.,3553130620,Mark15@yahoo.com
cust0391,Lisa Madison,5817 53rd Ln.,1528928635,Lisa32@msn.com
cust0392,John Smith,6304 27th Dr.,3176195176,John30@aol.com
cust0393,Megan Williams,2800 16th Dr.,6560335510,Megan22@yahoo.com
cust0394,Jordan Williams,47 89th Rd.,2832672074,Jordan24@yahoo.com
cust0395,Megan Davis,2311 79th Pky.,8288259707,Megan23@gmail.com
cust0396,John Miller,9494 149th Cir.,1009128499,John31@gmail.com
cust0397,Carly Garfield,1660 25th Cir.,7761127003,Carly21@aol.com
cust0398,Carey Anderson,8155 146th Pl.,2485197316,Carey37@aol.com
cust0399,Pat Garfield,724 7th Ln.,4737807275,Pat26@aol.com
cust0400,Cary Lincoln,5114 187th Pl.,5946167943,Cary25@aol.com
cust0401,John Miller,9829 48th St.,1281755124,John32@yahoo.com
cust0402,John Smith,3356 130th Way,8961280198,John33@aol.com
cust0403,Mark Williams,5622 43rd Pl.,1837865342,Mark16@msn.com
cust0404,George Davis,5344 48th Pky.,8498368636,George21@aol.com
cust0405,Lisa Washington,7186 132nd Way,6695263080,Lisa33@aol.com
cust0406,Sue Miller,6983 29th Ln.,4655328702,Sue18@msn.com
cust0407,Tom Johnson,5409 142nd Rd.,1114187831,Tom35@msn.com
cust0408,John Miller,4884 146th Dr.,6306920260,John34@gmail.com
cust0409,Chris Washington,8288 32nd Ln.,3676294348,Chris32@msn.com
cust0410,Jordan Davis,8126 102nd Cir.,8858013622,Jordan25@yahoo.com
cust0411,Carly Washington,9733 181st Ln.,5407057916,Carly22@yahoo.com
cust0412,George Johnson,1262 121st St.,4114680691,George22@yahoo.com
cust0413,Cary Davis,7780 21st St.,7022189131,Cary26@yahoo.com
cust0414,Lisa Johnson,2844 139th St.,6203021523,Lisa34@aol.com
cust0415,John Smith,9616 15th Way,3703507710,John35@msn.com
cust0416,Jordan Brown,8092 24th Dr.,6238055199,Jordan26@msn.com
cust0417,Carey Madison,2970 104th Cir.,3206753592,Carey38@gmail.com
cust0418,Scott Garfield,1874 184th Rd.,1548919210,Scott39@yahoo.com
cust0419,Lisa Lincoln,9966 121st Way,1949606329,Lisa35@yahoo.com
cust0420,Pat Lincoln,2921 6th Ln.,4886793539,Pat27@gmail.com
cust0421,Cary Madison,4283 6th Pky.,3218656288,Cary27@msn.com
cust0422,George Brown,3516 104th Dr.,7212943643,George23@gmail.com
cust0423,Pat Madison,7958 112nd Pl.,4437792593,Pat28@aol.com
cust0424,Jordan Anderson,1801 153rd Pl.,8966870996,Jordan27@aol.com
cust0425,Josh Davis,4143 24th St.,8258543657,Josh27@yahoo.com
cust0426,Carey Williams,254 103rd Rd.,9609437654,Carey39@yahoo.com
cust0427,Lisa Madison,7390 50th Way,4226365051,Lisa36@aol.com
cust0428,Mark Lincoln,1318 117th St.,3776307645,Mark17@yahoo.com
cust0429,Chris Smith,688 170th Cir.,9685938408,Chris33@aol.com
cust0430,Chris Miller,4306 27th Pky.,4336100715,Chris34@yahoo.com
cust0431,Tom Brown,818 118th Blvd.,4594697196,Tom36@msn.com
cust0432,Mark Anderson,5486 66th Blvd.,4672959547,Mark18@yahoo.com
cust0433,Cary Lincoln,410 140th Rd.,3189183882,Cary28@aol.com
cust0434,Tom Garfield,2158 17th Pl.,9765374298,Tom37@msn.com
cust0435,Carly Lincoln,7944 81st Dr.,3604809033,Carly23@gmail.com
cust0436,Jordan Davis,9341 8th Ave.,8101107651,Jordan28@msn.com
cust0437,Lisa Williams,3420 155th Pky.,6049333612,Lisa37@msn.com
cust0438,Carey Davis,3423 21st Way,4856677694,Carey40@aol.com
cust0439,Chris Brown,9635 39th Ln.,5824537390,Chris35@aol.com
cust0440,Chris Smith,8518 63rd Rd.,4666365039,Chris36@gmail.com
cust0441,Tom Anderson,4249 115th St.,2088728704,Tom38@gmail.com
cust0442,Sue Anderson,6366 78th Way,9825724034,Sue19@aol.com
cust0443,Josh Johnson,548 150th St.,4310314198,Josh28@yahoo.com
cust0444,Carey Davis,9266 178th Rd.,8273503231,Carey41@msn.com
cust0445,Carly Brown,7721 128th Cir.,9525061742,Carly24@msn.com
cust0446,Scott Davis,9252 118th Ln.,4638928449,Scott40@aol.com
cust0447,John Washington,7921 61st Dr.,6050659128,John36@msn.com
cust0448,Cary Johnson,7348 166th Way,6047867374,Cary29@msn.com
cust0449,Jordan Johnson,6498 100th Pl.,6406171175,Jordan29@aol.com
cust0450,Josh Miller,656 53rd Pky.,2568190726,Josh29@gmail.com
cust0451,George Brown,2476 86th Ln.,7222738181,George24@aol.com
cust0452,Mark Garfield,132 77th Dr.,8102752061,Mark19@aol.com
cust0453,George Davis,9722 11th Dr.,9017170844,George25@gmail.com
cust0454,Mark Brown,3509 115th Dr.,7801051494,Mark20@yahoo.com
cust0455,Mark Williams,5806 136th Dr.,3974582352,Mark21@gmail.com
cust0456,Pat Johnson,9856 20th St.,8467421914,Pat29@aol.com
cust0457,Cary Brown,6524 6th St.,3796029400,Cary30@yahoo.com
cust0458,Chris Lincoln,2320 89th Ln.,1918511982,Chris37@gmail.com
cust0459,Carey Smith,352 190th Ave.,6960913187,Carey42@msn.com
cust0460,Carey Anderson,5515 35th St.,9763357852,Carey43@msn.com
cust0461,Jordan Williams,7299 119th Ln.,9843913734,Jordan30@aol.com
cust0462,Carey Anderson,8225 132nd Rd.,1171901224,Carey44@yahoo.com
cust0463,Josh Anderson,7354 20th Dr.,7988432976,Josh30@aol.com
cust0464,Scott Lincoln,187 74th Way,7053036066,Scott41@aol.com
cust0465,Carly Davis,5300 65th Cir.,3477390590,Carly25@aol.com
cust0466,Josh Johnson,7180 42nd Pl.,3504958981,Josh31@msn.com
cust0467,Cary Brown,368 39th Blvd.,7699181386,Cary31@yahoo.com
cust0468,Scott Miller,1870 196th Rd.,4813397795,Scott42@msn.com
cust0469,Carly Miller,3896 90th Blvd.,9819413605,Carly26@yahoo.com
cust0470,Jordan Davis,546 78th Blvd.,1221009597,Jordan31@gmail.com
cust0471,Megan Lincoln,5222 39th Ave.,4541359804,Megan24@aol.com
cust0472,Jordan Miller,580 127th Ave.,2414577697,Jordan32@aol.com
cust0473,Carly Anderson,3892 72nd Rd.,1230951065,Carly27@yahoo.com
cust0474,George Anderson,8174 88th Ave.,5672111262,George26@gmail.com
cust0475,Megan Lincoln,3005 155th Cir.,5571054752,Megan25@msn.com
cust0476,Carly Williams,2932 74th Way,9335192114,Carly28@aol.com
cust0477,Mark Smith,2063 148th Pl.,3302085448,Mark22@gmail.com
cust0478,Scott Williams,9882 119th Blvd.,5164555293,Scott43@msn.com
cust0479,Megan Washington,7048 192nd Blvd.,4361321672,Megan26@aol.com
cust0480,Megan Johnson,6759 184th Ln.,3177421556,Megan27@yahoo.com
cust0481,John Anderson,5257 153rd Cir.,6593817464,John37@gmail.com
cust0482,Lisa Brown,3119 21st Cir.,2567618094,Lisa38@yahoo.com
cust0483,Scott Washington,9349 29th Rd.,3451258863,Scott44@yahoo.com
cust0484,Megan Madison,5778 81st Ave.,9937934681,Megan28@msn.com
cust0485,Pat Davis,8115 181st Rd.,7905235088,Pat30@gmail.com
cust0486,Carly Lincoln,5945 57th Ln.,1079085097,Carly29@msn.com
cust0487,Mark Garfield,5497 130th Rd.,9486727208,Mark23@aol.com
cust0488,John Anderson,3332 145th Ave.,1311362101,John38@msn.com
cust0489,Josh Garfield,7804 81st Way,3407793473,Josh32@yahoo.com
cust0490,Josh Smith,6898 136th Way,3725024316,Josh33@yahoo.com
cust0491,John Anderson,3964 121st St.,5138562562,John39@yahoo.com
cust0492,Chris Brown,8787 92nd Cir.,9395185370,Chris38@msn.com
cust0493,Carly Washington,8093 50th Way,6456318639,Carly30@yahoo.com
cust0494,Megan Smith,3514 125th Pl.,2321541320,Megan29@aol.com
cust0495,Carey Washington,3756 27th Blvd.,2650967080,Carey45@msn.com
cust0496,John Washington,1466 142nd Pl.,9456921443,John40@msn.com
cust0497,Lisa Washington,8393 105th Blvd.,8245992160,Lisa39@gmail.com
cust0498,Megan Washington,3250 94th Blvd.,6214426128,Megan30@msn.com
cust0499,Megan Davis,232 67th St.,1168670265,Megan31@msn.com
cust0500,Lisa Washington,5986 134th Cir.,8597282348,Lisa40@msn.com
cust0501,Carey Davis,2736 184th St.,8245330020,Carey46@aol.com
cust0502,John Johnson,5054 156th St.,8825436119,John41@aol.com
cust0503,Cary Miller,1672 42nd St.,9305625534,Cary32@yahoo.com
cust0504,Josh Lincoln,8454 138th Cir.,4640930726,Josh34@yahoo.com
cust0505,Megan Brown,2429 90th Way,6535572941,Megan32@msn.com
cust0506,Lisa Anderson,1217 49th Way,6937243449,Lisa41@gmail.com
cust0507,Scott Johnson,6155 110th Ln.,6461139435,Scott45@gmail.com
cust0508,Pat Garfield,1315 54th Pl.,8786013483,Pat31@aol.com
cust0509,John Anderson,7952 25th Way,3024892349,John42@yahoo.com
cust0510,Josh Anderson,5800 100th Ave.,4176028890,Josh35@aol.com
cust0511,Tom Davis,964 47th Pl.,4734488734,Tom39@aol.com
cust0512,Chris Williams,9948 137th Way,1381972152,Chris39@yahoo.com
cust0513,Chris Williams,225 189th Rd.,9466122942,Chris40@yahoo.com
cust0514,Megan Garfield,5678 190th Dr.,7618674734,Megan33@gmail.com
cust0515,Sue Madison,5304 145th Cir.,7379013868,Sue20@gmail.com
cust0516,Josh Williams,8181 140th Dr.,3687086175,Josh36@aol.com
cust0517,Carly Williams,9036 10th Ln.,2127277483,Carly31@msn.com
cust0518,Cary Anderson,5750 125th Ave.,4108307890,Cary33@aol.com
cust0519,Lisa Anderson,2981 69th Ln.,3400288106,Lisa42@gmail.com
cust0520,Carly Williams,8421 196th Pky.,6166919074,Carly32@yahoo.com
cust0521,Chris Smith,9967 114th Ave.,4035097570,Chris41@yahoo.com
cust0522,Pat Anderson,1371 3rd Dr.,4657760705,Pat32@msn.com
cust0523,Jordan Johnson,965 150th Blvd.,4566052029,Jordan33@msn.com
cust0524,Lisa Brown,8098 195th Pky.,5941863348,Lisa43@msn.com
cust0525,Sue Miller,8847 169th Rd.,3695077296,Sue21@gmail.com
cust0526,Scott Washington,9995 47th Rd.,8998841855,Scott46@aol.com
cust0527,Lisa Williams,7632 161st Blvd.,9926211171,Lisa44@gmail.com
cust0528,Megan Johnson,5128 114th Way,8793213767,Megan34@yahoo.com
cust0529,Carey Miller,6010 196th Pl.,7660285392,Carey47@yahoo.com
cust0530,Megan Madison,7128 186th St.,5542192489,Megan35@aol.com
cust0531,Carey Madison,9731 102nd Blvd.,9034406414,Carey48@aol.com
cust0532,Jordan Washington,3240 126th Ave.,9459699844,Jordan34@gmail.com
cust0533,Carly Garfield,462 192nd Pky.,8166033309,Carly33@aol.com
cust0534,Lisa Brown,9725 35th Way,2798033779,Lisa45@yahoo.com
cust0535,George Lincoln,4242 194th Ave.,8452063490,George27@aol.com
cust0536,Carey Williams,3982 110th Pl.,6085963857,Carey49@msn.com
cust0537,George Garfield,6130 67th Pl.,7510324973,George28@aol.com
cust0538,Josh Miller,5136 46th Ave.,8816356724,Josh37@aol.com
cust0539,Sue Davis,5463 102nd Rd.,3854026704,Sue22@yahoo.com
cust0540,Lisa Lincoln,5216 162nd Rd.,7968139048,Lisa46@yahoo.com
cust0541,Pat Brown,7164 161st Rd.,2056525325,Pat33@yahoo.com
cust0542,Lisa Smith,8286 130th Rd.,1387562282,Lisa47@gmail.com
cust0543,Carey Madison,1520 42nd Rd.,2187820263,Carey50@gmail.com
cust0544,Megan Johnson,6560 35th Ave.,5142331187,Megan36@gmail.com
cust0545,Lisa Williams,9115 93rd Pky.,2041165987,Lisa48@yahoo.com
cust0546,Megan Smith,4456 146th Ln.,8897621876,Megan37@msn.com
cust0547,George Washington,3789 67th Rd.,7592972607,George29@aol.com
cust0548,Megan Washington,1041 160th Blvd.,5256901128,Megan38@yahoo.com
cust0549,John Anderson,4599 78th Pky.,7516496782,John43@yahoo.com
cust0550,Tom Anderson,492 17th St.,4529249293,Tom40@aol.com
cust0551,Megan Madison,5294 92nd Dr.,2347096487,Megan39@msn.com
cust0552,Carly Johnson,5699 146th Ln.,8338915489,Carly34@yahoo.com
cust0553,Carey Williams,9178 123rd Cir.,1951925681,Carey51@yahoo.com
cust0554,Josh Smith,7726 171st Ln.,6439764609,Josh38@aol.com
cust0555,Pat Garfield,557 1st St.,3557922843,Pat34@yahoo.com
cust0556,Jordan Smith,3992 22nd Dr.,7790461505,Jordan35@yahoo.com
cust0557,John Anderson,9847 28th Way,1872227417,John44@gmail.com
cust0558,Carey Williams,5315 178th Cir.,3678944914,Carey52@aol.com
cust0559,Lisa Anderson,588 46th Blvd.,2005700618,Lisa49@gmail.com
cust0560,Jordan Smith,5600 59th St.,4071824870,Jordan36@aol.com
cust0561,Pat Smith,3862 102nd Blvd.,7089629828,Pat35@yahoo.com
cust0562,Josh Johnson,5577 27th Cir.,4423117580,Josh39@aol.com
cust0563,George Madison,393 182nd Pky.,5833869443,George30@msn.com
cust0564,George Davis,8605 6th Pky.,7595933596,George31@gmail.com
cust0565,Lisa Williams,5191 177th Pl.,9166790163,Lisa50@aol.com
cust0566,Josh Garfield,4949 75th Dr.,7241305960,Josh40@aol.com
cust0567,Scott Anderson,9132 196th Cir.,6852142689,Scott47@msn.com
cust0568,Tom Anderson,6899 73rd Ave.,8568231791,Tom41@aol.com
cust0569,John Davis,600 140th Pky.,2506567410,John45@aol.com
cust0570,Sue Davis,1635 149th Way,1155608481,Sue23@msn.com
cust0571,Megan Smith,8473 49th Cir.,3396588907,Megan40@aol.com
cust0572,Jordan Johnson,4278 52nd Way,6804202523,Jordan37@yahoo.com
cust0573,Cary Anderson,5585 19th Rd.,2178941867,Cary34@aol.com
cust0574,Carly Anderson,5090 140th Dr.,4180814349,Carly35@gmail.com
cust0575,Lisa Smith,1505 120th Rd.,3873999515,Lisa51@aol.com
cust0576,Carly Brown,8875 152nd Pl.,4597595479,Carly36@msn.com
cust0577,Pat Lincoln,6827 5th Way,8774460933,Pat36@gmail.com
cust0578,Josh Garfield,5089 81st Blvd.,4334903978,Josh41@aol.com
cust0579,Jordan Madison,1247 34th Ln.,8560439440,Jordan38@msn.com
cust0580,Pat Brown,1990 193rd Ln.,9282972210,Pat37@msn.com
cust0581,Carey Davis,7529 131st Ave.,4411961599,Carey53@yahoo.com
cust0582,Scott Anderson,2095 115th St.,1806550132,Scott48@yahoo.com
cust0583,Scott Brown,9819 122nd Pky.,9946338716,Scott49@msn.com
cust0584,Carey Madison,9665 131st Pky.,8909021689,Carey54@msn.com
cust0585,Chris Davis,5076 151st Pl.,8118140616,Chris42@yahoo.com
cust0586,Scott Brown,282 26th St.,7718241876,Scott50@msn.com
cust0587,George Miller,1707 123rd Ln.,4647778909,George32@msn.com
cust0588,George Johnson,4935 45th Dr.,7833083558,George33@gmail.com
cust0589,Tom Lincoln,1155 14th Pl.,2556835109,Tom42@gmail.com
cust0590,Mark Garfield,2540 127th Blvd.,4962676769,Mark24@aol.com
cust0591,George Williams,3276 37th Pky.,4806813556,George34@yahoo.com
cust0592,George Madison,6075 152nd Way,1472241834,George35@aol.com
cust0593,Cary Smith,4952 13th Cir.,1574951718,Cary35@msn.com
cust0594,Carey Madison,5214 169th Pl.,6680784079,Carey55@gmail.com
cust0595,Mark Madison,7186 142nd Dr.,6771726537,Mark25@aol.com
cust0596,Lisa Lincoln,5517 149th Pky.,7366908817,Lisa52@yahoo.com
cust0597,Tom Williams,4939 132nd Ave.,8548199012,Tom43@aol.com
cust0598,John Smith,2976 91st Way,4903634837,John46@gmail.com
cust0599,Tom Anderson,8516 186th Ln.,2620136071,Tom44@yahoo.com
cust0600,Mark Garfield,8554 26th Blvd.,8997005922,Mark26@gmail.com
cust0601,Carly Smith,3787 40th St.,6386026189,Carly37@yahoo.com
cust0602,Megan Davis,7608 27th Way,2921238616,Megan41@gmail.com
cust0603,Carey Johnson,4386 195th Pl.,8506675423,Carey56@gmail.com
cust0604,Tom Garfield,8999 130th Pl.,4311965701,Tom45@msn.com
cust0605,Carly Miller,1738 124th Dr.,3791370560,Carly38@msn.com
cust0606,John Williams,3250 107th Pky.,5912347082,John47@yahoo.com
cust0607,Carey Brown,4159 14th Ln.,6971721830,Carey57@msn.com
cust0608,Carey Anderson,6679 122nd Pl.,1228109390,Carey58@msn.com
cust0609,Carly Brown,5047 179th Pky.,3823202804,Carly39@gmail.com
cust0610,Tom Davis,2062 150th Blvd.,9635383403,Tom46@gmail.com
cust0611,Tom Brown,6442 79th Blvd.,9658093191,Tom47@msn.com
cust0612,Tom Williams,4172 82nd Way,3446838501,Tom48@msn.com
cust0613,Josh Anderson,4766 119th Rd.,6196149810,Josh42@msn.com
cust0614,Cary Washington,8507 48th Way,1524457873,Cary36@msn.com
cust0615,Megan Washington,938 26th Pl.,8739771561,Megan42@msn.com
cust0616,Chris Johnson,4722 128th Pl.,6392229715,Chris43@yahoo.com
cust0617,Carey Anderson,1456 81st Ave.,6613854338,Carey59@yahoo.com
cust0618,Carly Lincoln,2700 97th St.,7951686658,Carly40@gmail.com
cust0619,George Johnson,6191 177th Rd.,6932446733,George36@yahoo.com
cust0620,Megan Smith,8613 163rd Ave.,1537183700,Megan43@aol.com
cust0621,Jordan Miller,8449 96th Blvd.,2034695005,Jordan39@gmail.com
cust0622,Jordan Anderson,7078 164th Pky.,7803253086,Jordan40@msn.com
cust0623,Mark Miller,8845 137th Rd.,1420486287,Mark27@gmail.com
cust0624,Lisa Washington,5585 173rd Pl.,3827321806,Lisa53@aol.com
cust0625,Pat Davis,1103 47th Ave.,8943149066,Pat38@msn.com
cust0626,Carey Miller,9135 92nd Ave.,4749197829,Carey60@yahoo.com
cust0627,Lisa Madison,7475 82nd Dr.,4951692546,Lisa54@aol.com
cust0628,Pat Brown,7894 102nd Blvd.,5031514602,Pat39@yahoo.com
cust0629,John Anderson,7729 103rd Blvd.,5339729607,John48@yahoo.com
cust0630,Sue Madison,9764 130th Dr.,1393331286,Sue24@yahoo.com
cust0631,Cary Smith,6884 25th Ln.,6721151517,Cary37@msn.com
cust0632,Jordan Miller,5092 58th Blvd.,8426599480,Jordan41@aol.com
cust0633,Jordan Johnson,6520 52nd Rd.,8887410118,Jordan42@msn.com
cust0634,Carly Brown,265 159th Blvd.,2293027287,Carly41@yahoo.com
cust0635,Mark Miller,6658 139th Pky.,9479872644,Mark28@aol.com
cust0636,Tom Brown,7894 143rd Dr.,9694272710,Tom49@gmail.com
cust0637,John Anderson,8588 177th Cir.,4646454277,John49@yahoo.com
cust0638,George Madison,5940 140th Dr.,4519072571,George37@aol.com
cust0639,Carly Smith,2020 15th Pl.,9342437849,Carly42@msn.com
cust0640,George Garfield,5608 14th Ln.,6574107145,George38@aol.com
cust0641,Pat Johnson,5046 91st Rd.,1807765554,Pat40@gmail.com
cust0642,Carly Brown,1998 155th Cir.,2257920067,Carly43@gmail.com
cust0643,Lisa Lincoln,3163 117th Pl.,3377200415,Lisa55@gmail.com
cust0644,Lisa Williams,4509 89th Ave.,5245553238,Lisa56@aol.com
cust0645,Cary Anderson,5495 75th Rd.,6880346399,Cary38@aol.com
cust0646,Pat Garfield,4186 200th Blvd.,6856975556,Pat41@gmail.com
cust0647,Scott Williams,8273 184th Pky.,7118641232,Scott51@gmail.com
cust0648,Sue Brown,6316 179th St.,3285142774,Sue25@gmail.com
cust0649,George Johnson,7453 138th Way,2832720636,George39@gmail.com
cust0650,John Williams,9168 161st Ln.,4361850094,John50@gmail.com
cust0651,Mark Miller,2632 71st Dr.,7983038395,Mark29@gmail.com
cust0652,Jordan Anderson,5689 196th St.,2125101084,Jordan43@aol.com
cust0653,Chris Smith,4387 184th Dr.,8684943772,Chris44@aol.com
cust0654,Chris Anderson,3553 37th Dr.,9226138254,Chris45@gmail.com
cust0655,Carly Anderson,5868 200th Ave.,2634255972,Carly44@msn.com
cust0656,John Davis,9407 11th Rd.,5388682852,John51@msn.com
cust0657,Mark Miller,1560 77th Ave.,9652425493,Mark30@msn.com
cust0658,Tom Garfield,1638 43rd Rd.,2416399015,Tom50@aol.com
cust0659,John Brown,5784 194th Ave.,7954409199,John52@yahoo.com
cust0660,Sue Miller,7625 151st Pky.,9778789093,Sue26@msn.com
cust0661,Pat Smith,5310 130th Ln.,1763117041,Pat42@msn.com
cust0662,Carey Johnson,5561 88th St.,2325172935,Carey61@aol.com
cust0663,Josh Madison,439 19th Pl.,9827115317,Josh43@gmail.com
cust0664,Tom Brown,9411 85th Cir.,5516709468,Tom51@yahoo.com
cust0665,Megan Smith,5317 77th Blvd.,9727065845,Megan44@msn.com
cust0666,Jordan Miller,3296 118th Dr.,8228258264,Jordan44@gmail.com
cust0667,Chris Davis,6456 12th St.,5718727891,Chris46@aol.com
cust0668,Mark Washington,3520 196th Blvd.,9544553754,Mark31@aol.com
cust0669,Megan Madison,4754 135th Pl.,7737053149,Megan45@msn.com
cust0670,Mark Anderson,5550 24th St.,1963069674,Mark32@gmail.com
cust0671,Josh Brown,6144 33rd St.,2219885057,Josh44@aol.com
cust0672,Sue Lincoln,2674 18th Dr.,1731091145,Sue27@aol.com
cust0673,Scott Brown,3818 135th Way,4766631964,Scott52@gmail.com
cust0674,Carey Lincoln,4345 5th Ave.,2773916351,Carey62@msn.com
cust0675,Josh Davis,5246 74th Ave.,1457265043,Josh45@yahoo.com
cust0676,Carly Madison,5081 52nd Way,2316566473,Carly45@gmail.com
cust0677,Megan Garfield,9965 200th Rd.,5894482444,Megan46@msn.com
cust0678,John Davis,5110 24th Ave.,4997363681,John53@yahoo.com
cust0679,Tom Miller,1650 74th Blvd.,7592039145,Tom52@yahoo.com
cust0680,Tom Davis,7161 138th Pky.,3673379061,Tom53@msn.com
cust0681,Megan Washington,710 190th Pl.,7505660984,Megan47@msn.com
cust0682,Tom Madison,2555 159th Ln.,3986737093,Tom54@gmail.com
cust0683,Mark Brown,4919 141st Pl.,3231200074,Mark33@yahoo.com
cust0684,Tom Washington,8516 144th Dr.,6626325569,Tom55@yahoo.com
cust0685,Tom Lincoln,8003 149th Ave.,6342934950,Tom56@gmail.com
cust0686,George Lincoln,6023 199th Ln.,6588270715,George40@aol.com
cust0687,Carey Washington,9558 76th Dr.,4240426125,Carey63@aol.com
cust0688,Josh Miller,9204 187th Pl.,5004248856,Josh46@gmail.com
cust0689,Carey Anderson,7417 110th Ave.,5006188276,Carey64@msn.com
cust0690,Jordan Washington,7002 44th Blvd.,6496308505,Jordan45@msn.com
cust0691,Sue Williams,6515 50th St.,3906191201,Sue28@msn.com
cust0692,Chris Washington,8088 147th Ln.,5575982126,Chris47@gmail.com
cust0693,Sue Johnson,4945 78th Blvd.,7166146799,Sue29@gmail.com
cust0694,Pat Washington,4508 80th Pky.,7108994246,Pat43@msn.com
cust0695,Megan Madison,3348 184th Way,8781202307,Megan48@msn.com
cust0696,Tom Brown,3189 100th Way,2827652635,Tom57@yahoo.com
cust0697,Josh Brown,5011 129th Dr.,1397151908,Josh47@aol.com
cust0698,Mark Miller,1447 1st Rd.,8849356733,Mark34@msn.com
cust0699,George Anderson,5833 187th Pl.,7547621834,George41@gmail.com
cust0700,Josh Garfield,4975 94th Ln.,7398086028,Josh48@gmail.com
cust0701,Carey Washington,6682 57th Dr.,2880340448,Carey65@yahoo.com
cust0702,Chris Johnson,1725 150th Pky.,8158255431,Chris48@yahoo.com
cust0703,Megan Lincoln,8442 115th Ln.,2403585277,Megan49@msn.com
cust0704,Carey Washington,7272 173rd Blvd.,9893415274,Carey66@msn.com
cust0705,Carey Williams,2824 182nd Ave.,6563349808,Carey67@msn.com
cust0706,Mark Garfield,9711 60th Way,9207241064,Mark35@aol.com
cust0707,Scott Madison,2599 173rd Rd.,3131372797,Scott53@aol.com
cust0708,Lisa Brown,9554 152nd Pl.,8171651789,Lisa57@aol.com
cust0709,Carly Smith,3690 94th Pky.,3195920042,Carly46@msn.com
cust0710,Carly Johnson,5697 51st Ave.,8335277253,Carly47@yahoo.com
cust0711,Lisa Anderson,4477 151st Rd.,3815727548,Lisa58@gmail.com
cust0712,Lisa Miller,3844 31st Pky.,2087506081,Lisa59@gmail.com
cust0713,Sue Smith,3423 45th Dr.,3946548493,Sue30@gmail.com
cust0714,Chris Brown,1132 94th Pl.,1133308673,Chris49@msn.com
cust0715,Chris Brown,9902 144th Dr.,3999696231,Chris50@yahoo.com
cust0716,Josh Madison,9628 77th Pky.,2619133286,Josh49@yahoo.com
cust0717,Lisa Smith,5025 148th Blvd.,6511207330,Lisa60@msn.com
cust0718,George Madison,1165 36th Pky.,4722020715,George42@yahoo.com
cust0719,Cary Washington,8850 161st Rd.,3726359831,Cary39@yahoo.com
cust0720,Carey Washington,186 77th Ave.,8480671518,Carey68@yahoo.com
cust0721,John Miller,9676 97th Ln.,8631195777,John54@aol.com
cust0722,Carly Washington,5304 151st Dr.,5801922009,Carly48@yahoo.com
cust0723,Cary Anderson,819 122nd St.,1097312340,Cary40@msn.com
cust0724,Tom Johnson,5093 56th Pl.,6975517370,Tom58@gmail.com
cust0725,Josh Garfield,7833 160th Ln.,1005336235,Josh50@msn.com
cust0726,John Brown,7802 34th Cir.,4911170555,John55@aol.com
cust0727,Mark Anderson,8971 151st Way,5501248810,Mark36@aol.com
cust0728,Megan Brown,6783 96th Rd.,1102189739,Megan50@msn.com
cust0729,Carey Garfield,152 175th Rd.,1637306403,Carey69@aol.com
cust0730,Cary Brown,3451 103rd Rd.,6496299693,Cary41@msn.com
cust0731,Jordan Madison,9968 168th Dr.,8494597327,Jordan46@yahoo.com
cust0732,Sue Washington,9193 153rd Pky.,8109160525,Sue31@gmail.com
cust0733,Pat Madison,745 79th Way,9060252055,Pat44@aol.com
cust0734,Tom Madison,2985 8th Ln.,3393671083,Tom59@yahoo.com
cust0735,Jordan Madison,5947 158th Pky.,5260032822,Jordan47@msn.com
cust0736,Jordan Williams,8248 139th Rd.,2290785225,Jordan48@msn.com
cust0737,Cary Miller,4425 97th Cir.,2246826434,Cary42@gmail.com
cust0738,Jordan Miller,9593 180th Cir.,7402587621,Jordan49@aol.com
cust0739,John Williams,3450 104th Rd.,1644701843,John56@gmail.com
cust0740,Carey Washington,9546 22nd St.,2110909796,Carey70@yahoo.com
cust0741,John Brown,7944 75th Ln.,7128320016,John57@yahoo.com
cust0742,Pat Madison,2286 7th Blvd.,8790811537,Pat45@gmail.com
cust0743,Pat Williams,5423 170th Rd.,7489777427,Pat46@yahoo.com
cust0744,Sue Johnson,6429 27th Pl.,7889943324,Sue32@msn.com
cust0745,Cary Williams,4945 115th Cir.,1734096224,Cary43@msn.com
cust0746,Chris Garfield,5481 85th Rd.,3156610426,Chris51@aol.com
cust0747,Tom Anderson,8980 172nd Pky.,8366644397,Tom60@aol.com
cust0748,Lisa Davis,737 80th Pky.,7471069854,Lisa61@yahoo.com
cust0749,Scott Smith,4388 120th Pl.,6771288729,Scott54@msn.com
cust0750,Carey Davis,8599 123rd Cir.,9636312378,Carey71@gmail.com
cust0751,Carey Miller,3623 158th Ln.,7021976482,Carey72@gmail.com
cust0752,Cary Lincoln,1949 25th Pky.,8123954632,Cary44@yahoo.com
cust0753,Josh Brown,9555 111st St.,6559563037,Josh51@msn.com
cust0754,Megan Lincoln,9669 7th Blvd.,7981795701,Megan51@gmail.com
cust0755,Scott Garfield,4997 94th Rd.,8167378572,Scott55@aol.com
cust0756,John Johnson,1130 64th Ave.,2124286341,John58@yahoo.com
cust0757,Scott Davis,4229 53rd Cir.,1375186787,Scott56@msn.com
cust0758,Mark Brown,4968 136th Ln.,4922869116,Mark37@gmail.com
cust0759,Lisa Williams,2654 38th Ave.,5444453954,Lisa62@yahoo.com
cust0760,Scott Miller,6396 142nd Rd.,4221004186,Scott57@yahoo.com
cust0761,George Garfield,5028 34th Ln.,2678429319,George43@aol.com
cust0762,Josh Washington,1514 55th Ave.,6769326918,Josh52@gmail.com
cust0763,Lisa Anderson,8341 62nd Rd.,1603225367,Lisa63@aol.com
cust0764,Tom Lincoln,4411 163rd Blvd.,5859889210,Tom61@msn.com
cust0765,Lisa Smith,7321 95th Ln.,8651861328,Lisa64@aol.com
cust0766,Tom Miller,8164 29th Ln.,1233688414,Tom62@msn.com
cust0767,Megan Garfield,163 9th Ln.,8873080813,Megan52@gmail.com
cust0768,Pat Davis,4970 73rd Blvd.,7856835069,Pat47@msn.com
cust0769,Mark Davis,7386 82nd Way,2772421261,Mark38@msn.com
cust0770,Sue Garfield,7419 66th Pky.,5788144979,Sue33@aol.com
cust0771,Mark Miller,2759 68th St.,4257757376,Mark39@aol.com
cust0772,Chris Washington,655 200th Pky.,1462849604,Chris52@gmail.com
cust0773,Jordan Williams,8715 116th Cir.,3709341775,Jordan50@aol.com
cust0774,Tom Smith,889 140th St.,1211606585,Tom63@aol.com
cust0775,Chris Anderson,7469 88th Pky.,6643236165,Chris53@yahoo.com
cust0776,Josh Johnson,1474 165th Pky.,9764049085,Josh53@msn.com
cust0777,Megan Smith,2328 61st Cir.,4899726511,Megan53@msn.com
cust0778,Scott Anderson,2638 88th Rd.,4538351729,Scott58@yahoo.com
cust0779,Josh Madison,8148 84th Pl.,5845582150,Josh54@gmail.com
cust0780,Scott Madison,8306 164th Ave.,1178478808,Scott59@aol.com
cust0781,John Washington,8348 130th Ln.,4661737185,John59@gmail.com
cust0782,Sue Miller,7231 91st Pl.,2789238578,Sue34@gmail.com
cust0783,George Williams,5891 48th Dr.,9343497955,George44@yahoo.com
cust0784,Jordan Smith,3811 148th Pl.,3623067954,Jordan51@gmail.com
cust0785,Megan Smith,56 93rd Pl.,4245921336,Megan54@gmail.com
cust0786,Carey Miller,3155 19th Cir.,2901727816,Carey73@msn.com
cust0787,Tom Williams,6477 16th Pky.,9589378229,Tom64@msn.com
cust0788,Megan Madison,6308 144th Pl.,3102436641,Megan55@yahoo.com
cust0789,Carly Miller,4770 117th Ave.,7847570685,Carly49@aol.com
cust0790,George Johnson,3420 35th Pky.,7131087514,George45@aol.com
cust0791,Pat Johnson,5391 174th Pky.,1415017735,Pat48@yahoo.com
cust0792,Josh Williams,2583 137th Dr.,2987525622,Josh55@gmail.com
cust0793,George Washington,4433 130th Cir.,3454608330,George46@aol.com
cust0794,Scott Garfield,8527 114th Pky.,6943660333,Scott60@yahoo.com
cust0795,Jordan Williams,3291 118th Ln.,7905732637,Jordan52@msn.com
cust0796,Carly Miller,2191 159th Ave.,2992540779,Carly50@msn.com
cust0797,Carey Davis,6327 25th St.,5517373634,Carey74@aol.com
cust0798,George Miller,1609 152nd Cir.,5109410477,George47@gmail.com
cust0799,Josh Lincoln,3414 51st Dr.,1247639306,Josh56@aol.com
cust0800,Carey Smith,914 55th Dr.,6884329293,Carey75@yahoo.com
cust0801,Chris Williams,1577 164th Ln.,9916249752,Chris54@yahoo.com
cust0802,Josh Brown,8612 119th Pl.,5754752152,Josh57@gmail.com
cust0803,Lisa Garfield,8136 157th Pky.,6071955080,Lisa65@msn.com
cust0804,Lisa Miller,9750 48th Cir.,8645260691,Lisa66@gmail.com
cust0805,Josh Miller,7632 165th Rd.,1396023969,Josh58@yahoo.com
cust0806,Josh Smith,9109 84th Rd.,4460519262,Josh59@msn.com
cust0807,Tom Madison,9228 29th Pl.,6516716104,Tom65@gmail.com
cust0808,Carly Davis,2894 76th Dr.,3023068324,Carly51@yahoo.com
cust0809,Sue Lincoln,7237 110th Dr.,9529356744,Sue35@yahoo.com
cust0810,George Garfield,4681 93rd Rd.,6397374160,George48@yahoo.com
cust0811,Carly Brown,2135 71st Dr.,4927381460,Carly52@aol.com
cust0812,Pat Garfield,721 144th Pl.,8665253234,Pat49@aol.com
cust0813,Chris Williams,6738 155th Pky.,7649128552,Chris55@gmail.com
cust0814,Josh Johnson,833 65th Ave.,9415678328,Josh60@aol.com
cust0815,Cary Miller,2427 177th Pky.,8682825393,Cary45@gmail.com
cust0816,Carly Williams,4040 132nd Blvd.,6273258597,Carly53@msn.com
cust0817,Megan Garfield,3108 103rd Dr.,9962902894,Megan56@msn.com
cust0818,Jordan Anderson,5334 50th St.,7937770334,Jordan53@msn.com
cust0819,Carey Smith,1192 61st Way,3128782696,Carey76@gmail.com
cust0820,Josh Madison,9024 124th Way,3595331121,Josh61@yahoo.com
cust0821,Lisa Johnson,5451 95th Ave.,6192092025,Lisa67@gmail.com
cust0822,Josh Smith,5271 170th Pl.,2257905017,Josh62@yahoo.com
cust0823,Sue Washington,1693 59th Blvd.,9192710551,Sue36@gmail.com
cust0824,Carly Williams,9368 126th Blvd.,3441209358,Carly54@gmail.com
cust0825,Lisa Johnson,5485 104th Cir.,3238098793,Lisa68@msn.com
cust0826,Lisa Smith,8641 80th Pl.,5458851643,Lisa69@yahoo.com
cust0827,Carey Miller,2771 95th Blvd.,5552700662,Carey77@aol.com
cust0828,Megan Davis,668 80th Ln.,1154521348,Megan57@aol.com
cust0829,Carey Williams,6407 104th Pl.,3678611626,Carey78@yahoo.com
cust0830,Lisa Miller,7465 103rd Pky.,9535415665,Lisa70@yahoo.com
cust0831,John Miller,1938 159th Ave.,4864421761,John60@aol.com
cust0832,Cary Anderson,9916 36th Rd.,9345245842,Cary46@aol.com
cust0833,Chris Madison,5330 200th Pky.,8317126960,Chris56@gmail.com
cust0834,Carly Johnson,2074 95th Blvd.,5840356981,Carly55@gmail.com
cust0835,Lisa Johnson,5523 7th Pky.,4479070567,Lisa71@aol.com
cust0836,Mark Garfield,779 77th Blvd.,9193251838,Mark40@aol.com
cust0837,Jordan Johnson,7638 65th St.,7452523570,Jordan54@yahoo.com
cust0838,Tom Davis,9798 101st Pky.,1804870002,Tom66@yahoo.com
cust0839,Pat Williams,2368 85th Ave.,6294787269,Pat50@aol.com
cust0840,Carey Brown,6032 101st Way,4645120998,Carey79@aol.com
cust0841,Lisa Johnson,8072 82nd Rd.,7585113571,Lisa72@msn.com
cust0842,Scott Washington,1508 101st St.,1121096000,Scott61@aol.com
cust0843,Mark Madison,4982 174th Rd.,4202521221,Mark41@yahoo.com
cust0844,Pat Washington,9636 180th St.,1555897429,Pat51@msn.com
cust0845,John Anderson,3717 170th Ln.,2530186366,John61@msn.com
cust0846,Megan Smith,4298 101st Rd.,5576972513,Megan58@gmail.com
cust0847,Josh Williams,5283 20th Blvd.,2257100200,Josh63@yahoo.com
cust0848,Cary Brown,454 61st Dr.,3920308472,Cary47@gmail.com
cust0849,Carly Williams,255 121st Rd.,8552821915,Carly56@aol.com
cust0850,John Miller,7577 188th Blvd.,5785152092,John62@aol.com
cust0851,George Davis,7590 31st Pl.,1192182177,George49@gmail.com
cust0852,John Brown,4423 139th Blvd.,9462935751,John63@msn.com
cust0853,Jordan Smith,9516 157th Rd.,4349685932,Jordan55@aol.com
cust0854,Carly Brown,7549 93rd Rd.,1676548358,Carly57@gmail.com
cust0855,Sue Miller,3212 87th Pky.,6072468733,Sue37@gmail.com
cust0856,John Smith,3541 149th St.,2167394614,John64@gmail.com
cust0857,Pat Washington,8254 123rd Dr.,9535862543,Pat52@yahoo.com
cust0858,Josh Williams,2601 6th Way,8872167198,Josh64@yahoo.com
cust0859,Josh Lincoln,5175 21st Blvd.,6018418316,Josh65@yahoo.com
cust0860,Jordan Williams,7291 37th Pky.,5916024260,Jordan56@msn.com
cust0861,Josh Garfield,6995 36th Dr.,2498881501,Josh66@yahoo.com
cust0862,Megan Lincoln,7235 145th Dr.,3398192124,Megan59@yahoo.com
cust0863,Mark Brown,9648 140th Pky.,4256615010,Mark42@yahoo.com
cust0864,Lisa Williams,4682 180th Pky.,2226270381,Lisa73@aol.com
cust0865,Josh Williams,3961 195th Blvd.,8687475675,Josh67@aol.com
cust0866,George Williams,2402 193rd Pl.,8252798146,George50@aol.com
cust0867,Jordan Garfield,9140 57th Blvd.,8966211885,Jordan57@gmail.com
cust0868,Pat Brown,1390 186th Ln.,8714169382,Pat53@yahoo.com
cust0869,Megan Miller,3545 171st Ave.,3368222908,Megan60@yahoo.com
cust0870,Lisa Johnson,9428 83rd Ln.,3235455037,Lisa74@gmail.com
cust0871,Carly Davis,6314 33rd Blvd.,9343513354,Carly58@msn.com
cust0872,Lisa Washington,5763 92nd Way,3825645349,Lisa75@aol.com
cust0873,Carey Davis,2252 28th St.,2267505759,Carey80@gmail.com
cust0874,Scott Davis,9977 4th Pl.,5109316180,Scott62@aol.com
cust0875,Sue Brown,845 174th Cir.,8126313832,Sue38@aol.com
cust0876,Pat Brown,8925 193rd Pl.,8734500166,Pat54@yahoo.com
cust0877,Mark Madison,6309 117th Ave.,5277420141,Mark43@aol.com
cust0878,Jordan Johnson,3670 127th Blvd.,8765597339,Jordan58@yahoo.com
cust0879,Pat Madison,6496 51st Rd.,3962530919,Pat55@aol.com
cust0880,Chris Miller,7111 175th Dr.,5426862280,Chris57@msn.com
cust0881,John Brown,4960 144th Way,8366291597,John65@gmail.com
cust0882,Carly Brown,7969 5th Blvd.,8513946692,Carly59@yahoo.com
cust0883,Carly Anderson,4225 20th Cir.,3503060512,Carly60@yahoo.com
cust0884,George Williams,1751 170th Way,9448084081,George51@yahoo.com
cust0885,Megan Madison,7578 160th Ave.,5371865503,Megan61@yahoo.com
cust0886,Scott Garfield,387 43rd Ln.,9180103899,Scott63@msn.com
cust0887,Carly Williams,2541 54th Blvd.,8584628311,Carly61@aol.com
cust0888,George Anderson,9079 66th Pl.,1756345951,George52@aol.com
cust0889,Pat Madison,8887 127th Way,5029539027,Pat56@gmail.com
cust0890,Tom Johnson,1092 108th Way,6311541537,Tom67@yahoo.com
cust0891,Cary Brown,849 116th Pl.,4482517741,Cary48@aol.com
cust0892,Carly Johnson,8119 101st Ln.,2407985365,Carly62@yahoo.com
cust0893,Josh Brown,3016 161st Ave.,4220283764,Josh68@yahoo.com
cust0894,Lisa Davis,603 119th Blvd.,3526596520,Lisa76@gmail.com
cust0895,Pat Brown,4526 163rd Ave.,1508351091,Pat57@gmail.com
cust0896,Josh Anderson,2332 6th Rd.,2884060093,Josh69@aol.com
cust0897,Cary Brown,570 168th Rd.,4676681431,Cary49@msn.com
cust0898,Tom Washington,424 59th Way,4950297588,Tom68@msn.com
cust0899,Pat Smith,530 20th Ln.,4777899002,Pat58@yahoo.com
cust0900,Tom Washington,9898 167th Pl.,3468568002,Tom69@aol.com
cust0901,Jordan Davis,7215 49th Blvd.,4686595616,Jordan59@aol.com
cust0902,Sue Miller,7501 123rd Rd.,6577836730,Sue39@aol.com
cust0903,Chris Madison,5214 153rd Ave.,8464559754,Chris58@aol.com
cust0904,Jordan Davis,8818 198th St.,4204543136,Jordan60@gmail.com
cust0905,Scott Williams,1661 108th St.,9506384003,Scott64@yahoo.com
cust0906,Cary Davis,4202 79th Ln.,4708627508,Cary50@aol.com
cust0907,Sue Brown,3215 79th Ave.,3342384268,Sue40@gmail.com
cust0908,Lisa Lincoln,2642 115th Ave.,6928931000,Lisa77@aol.com
cust0909,Chris Anderson,9380 86th Cir.,5665429740,Chris59@yahoo.com
cust0910,Jordan Lincoln,3688 161st Pky.,7314707579,Jordan61@gmail.com
cust0911,Chris Anderson,3791 97th St.,6500281283,Chris60@yahoo.com
cust0912,Carey Williams,9694 149th Blvd.,7558250877,Carey81@aol.com
cust0913,Tom Smith,4456 23rd Pl.,1491115091,Tom70@msn.com
cust0914,Tom Washington,1809 47th Pl.,3168161777,Tom71@msn.com
cust0915,Scott Miller,6900 134th Rd.,3122270535,Scott65@yahoo.com
cust0916,Tom Garfield,6927 167th Ln.,3718732015,Tom72@yahoo.com
cust0917,Scott Garfield,1752 100th Pky.,1385676446,Scott66@msn.com
cust0918,Megan Lincoln,566 73rd Pl.,3402939540,Megan62@msn.com
cust0919,Cary Anderson,6426 34th St.,7143948322,Cary51@aol.com
cust0920,Carey Lincoln,1902 23rd Cir.,3699676549,Carey82@yahoo.com
cust0921,Mark Washington,5979 91st Ave.,6004100266,Mark44@aol.com
cust0922,Megan Washington,635 170th Rd.,1518043508,Megan63@msn.com
cust0923,Mark Miller,8000 159th Pky.,5306492673,Mark45@gmail.com
cust0924,Jordan Davis,9044 25th Cir.,6937241584,Jordan62@yahoo.com
cust0925,Cary Garfield,1137 56th Rd.,4543043974,Cary52@msn.com
cust0926,Cary Garfield,3428 48th St.,5707033550,Cary53@aol.com
cust0927,Josh Anderson,6787 139th Ave.,3350807186,Josh70@yahoo.com
cust0928,Scott Johnson,7152 37th Blvd.,8294315057,Scott67@gmail.com
cust0929,Carey Davis,6512 38th Dr.,8650605462,Carey83@gmail.com
cust0930,Mark Garfield,2260 108th Cir.,8282396371,Mark46@gmail.com
cust0931,John Washington,276 22nd Ave.,9349286076,John66@yahoo.com
cust0932,Mark Brown,2067 50th Ave.,6142312864,Mark47@aol.com
cust0933,Chris Anderson,206 177th Cir.,8671279175,Chris61@aol.com
cust0934,Megan Madison,3855 64th Rd.,9460879390,Megan64@yahoo.com
cust0935,Jordan Smith,4856 135th Pky.,1028059306,Jordan63@yahoo.com
cust0936,Tom Miller,1500 14th Rd.,9978538642,Tom73@msn.com
cust0937,Carly Washington,6755 112nd Ave.,8488547760,Carly63@aol.com
cust0938,Carly Anderson,8303 143rd Rd.,3923033766,Carly64@gmail.com
cust0939,Josh Johnson,2695 13th St.,6764662953,Josh71@msn.com
cust0940,Carey Garfield,7887 91st St.,7037168201,Carey84@aol.com
cust0941,Pat Washington,6643 77th Way,6413288647,Pat59@yahoo.com
cust0942,Lisa Garfield,9392 154th Dr.,1080857433,Lisa78@yahoo.com
cust0943,Josh Brown,1009 173rd Blvd.,1033448991,Josh72@aol.com
cust0944,Jordan Miller,7798 175th Cir.,7737207263,Jordan64@aol.com
cust0945,Jordan Madison,9800 68th Blvd.,4990179686,Jordan65@gmail.com
cust0946,Sue Washington,4560 113rd Way,8087909868,Sue41@gmail.com
cust0947,Chris Lincoln,4033 74th Way,4343030437,Chris62@gmail.com
cust0948,Cary Lincoln,5929 64th St.,9800347981,Cary54@gmail.com
cust0949,Lisa Davis,4796 110th Ln.,5136354484,Lisa79@msn.com
cust0950,Josh Madison,7180 4th Ln.,1226540003,Josh73@yahoo.com
cust0951,Megan Davis,6499 125th Cir.,9586684670,Megan65@gmail.com
cust0952,Cary Williams,2160 89th Rd.,2395122025,Cary55@aol.com
cust0953,Josh Johnson,3554 165th St.,7251716203,Josh74@aol.com
cust0954,Sue Madison,7172 187th Cir.,5703836019,Sue42@aol.com
cust0955,Scott Madison,2908 101st Blvd.,6197354717,Scott68@yahoo.com
cust0956,Scott Lincoln,3660 108th Cir.,6975446467,Scott69@gmail.com
cust0957,Cary Smith,1685 33rd Rd.,9423683627,Cary56@yahoo.com
cust0958,Lisa Brown,6309 30th Dr.,3133995079,Lisa80@gmail.com
cust0959,Sue Lincoln,5988 154th Ln.,1847579068,Sue43@gmail.com
cust0960,Josh Miller,3769 174th Ave.,4004693971,Josh75@yahoo.com
cust0961,Carly Garfield,6260 16th Blvd.,2110393548,Carly65@yahoo.com
cust0962,Tom Lincoln,8032 36th Ave.,8865942638,Tom74@aol.com
cust0963,George Smith,4564 109th Way,2853112323,George53@gmail.com
cust0964,George Davis,3933 188th Rd.,5429756882,George54@msn.com
cust0965,George Brown,4168 104th Blvd.,1239929361,George55@msn.com
cust0966,Mark Miller,9064 185th Pl.,8356393026,Mark48@aol.com
cust0967,Jordan Madison,9568 181st Ave.,8444049861,Jordan66@msn.com
cust0968,Jordan Garfield,1930 18th Way,1963987363,Jordan67@gmail.com
cust0969,George Washington,3631 196th Ave.,7125101120,George56@aol.com
cust0970,Megan Lincoln,2480 94th Ave.,1931595976,Megan66@yahoo.com
cust0971,Megan Brown,8634 22nd Pl.,4906032381,Megan67@msn.com
cust0972,Pat Lincoln,2710 31st Pky.,7447813631,Pat60@aol.com
cust0973,Megan Anderson,6920 192nd St.,1026472244,Megan68@gmail.com
cust0974,Cary Madison,998 69th Cir.,7425056669,Cary57@gmail.com
cust0975,Megan Smith,8264 110th St.,4097120895,Megan69@msn.com
cust0976,Chris Smith,7774 135th Way,7838493127,Chris63@aol.com
cust0977,George Brown,6119 15th Rd.,9904435492,George57@aol.com
cust0978,Megan Brown,9298 11th Blvd.,1229368751,Megan70@yahoo.com
cust0979,Carey Johnson,9740 49th Ln.,3752093067,Carey85@yahoo.com
cust0980,Tom Garfield,4166 145th Way,9995787560,Tom75@yahoo.com
cust0981,Jordan Davis,6182 65th Ave.,1253368707,Jordan68@yahoo.com
cust0982,Lisa Miller,2775 94th Blvd.,6929827406,Lisa81@gmail.com
cust0983,Jordan Brown,1426 149th Ave.,4226721572,Jordan69@aol.com
cust0984,Chris Lincoln,3516 131st Cir.,6787403783,Chris64@msn.com
cust0985,Josh Davis,3622 1st Way,1082507847,Josh76@msn.com
cust0986,Pat Lincoln,9769 146th Ave.,2540607443,Pat61@aol.com
cust0987,Tom Smith,8296 97th Ln.,1444903812,Tom76@aol.com
cust0988,Lisa Washington,5007 104th Pky.,6687015219,Lisa82@gmail.com
cust0989,Cary Garfield,6766 56th Pky.,7257430357,Cary58@aol.com
cust0990,Carey Madison,7536 99th Pl.,2440360195,Carey86@msn.com
cust0991,Jordan Miller,1292 161st Ln.,2267237149,Jordan70@yahoo.com
cust0992,Scott Washington,1331 134th Ln.,4179870791,Scott70@msn.com
cust0993,George Brown,2981 99th Pl.,3534068129,George58@aol.com
cust0994,George Miller,9637 175th Blvd.,4226160224,George59@msn.com
cust0995,John Smith,1717 154th Pl.,1758801930,John67@gmail.com
cust0996,Tom Johnson,4284 189th Rd.,2671874307,Tom77@aol.com
cust0997,Scott Washington,5671 60th Dr.,9441166137,Scott71@gmail.com
cust0998,Carey Brown,4520 57th Ave.,9667925722,Carey87@msn.com
cust0999,Josh Anderson,747 40th Rd.,2440089571,Josh77@gmail.com
cust1000,Lisa Madison,5746 161st Rd.,7636815143,Lisa83@yahoo.com
