user_id,name,address,phone,email
user0001,Adelind Rushin,8093 Norman Blvd W,2530160519,AdelindRushin@hotmail.com
user0002,Floris Vitrano,7795 Lakeview Way SE,4254803866,FlorisVitrano@gmail.com
user0003,Gennie Hamaker,8702 Blaine Pl NE,3605543281,GennieHamaker@icloud.com
user0004,Lizabeth Inciong,7904 Olympic St NE,2531610729,LizabethInciong@outlook.com
user0005,Aggy Gjertsen,5454 Emmons Or Milk Ave NE,2068521085,AggyGjertsen@gmail.com
user0006,Lauren Sidbury,8479 Mulford Way NE,5646726465,LaurenSidbury@aol.com
user0007,Estelle Garofolo,4513 Ivanhoe Pl ,5096880080,EstelleGarofolo@aol.com
user0008,Lib Davidian,8112 Lena Way ,3601242496,LibDavidian@yahoo.com
user0009,Gretna Okuda,6895 Pleasant Dr E,5036199796,GretnaOkuda@hotmail.com
user0010,Claudine Huntley,7409 Bayview Way NW,2530586963,ClaudineHuntley@outlook.com
user0011,Kaitlyn Paskiewicz,3335 Thirty-Ninth Ave W,2533858534,KaitlynPaskiewicz@hotmail.com
user0012,Jazmin Su,3414 Sterret Pl NW,5099371181,JazminSu@aol.com
user0013,Lulita Balbi,7772 Mcclair Pl NW,2532317786,LulitaBalbi@gmail.com
user0014,Hana Lushbaugh,3459 Carrie Dr S,5034625616,HanaLushbaugh@outlook.com
user0015,Kissee Kazi,5507 Mine Way E,2533716385,KisseeKazi@gmail.com
user0016,Kimbra Dorland,7232 Mccord Blvd SW,2061846081,KimbraDorland@hotmail.com
user0017,Idalina Dokuchitz,4366 Oakley St SE,3604335326,IdalinaDokuchitz@outlook.com
user0018,Eveleen Mines,8380 Laura Way ,2062892171,EveleenMines@hotmail.com
user0019,Lind Cozzens,8071 Banner Pl NE,4251319663,LindCozzens@outlook.com
user0020,Zelma Riola,4056 Violet Way NE,2536641075,ZelmaRiola@hotmail.com
user0021,Aretha Vocu,3268 Bloomfield Blvd SE,5415743885,ArethaVocu@icloud.com
user0022,Birgit Nixson,5357 Pennsylvania Ave ,2533835591,BirgitNixson@yahoo.com
user0023,Evaleen Kunkel,1721 Twenty-Ninth St E,5648381692,EvaleenKunkel@icloud.com
user0024,Margo Schluneger,3242 Swim Blvd N,4255637637,MargoSchluneger@yahoo.com
user0025,Caron Cozzolino,7571 Sherbrook Way NW,5415482434,CaronCozzolino@yahoo.com
user0026,Dolly Dular,2302 Lombard St E,4253679129,DollyDular@aol.com
user0027,Flo Manikowski,7438 Emmons St ,5035429969,FloManikowski@icloud.com
user0028,Layne Beyer,5086 Chelan Ave N,5640117050,LayneBeyer@icloud.com
user0029,Helenka Youngdahl,2664 Mccord Dr SE,5645770090,HelenkaYoungdahl@yahoo.com
user0030,Junina Gallero,3481 Granada Blvd W,5098663766,JuninaGallero@hotmail.com
user0031,Amabel Mcconathy,4089 Brunswick St ,5035997845,AmabelMcconathy@aol.com
user0032,Cloe Seti,5012 Burgess St S,5417118244,CloeSeti@yahoo.com
user0033,Devan Horabik,6744 Government Ave S,2534503929,DevanHorabik@icloud.com
user0034,Marielle Zahm,4367 Thirty-Fifth Way W,5414044928,MarielleZahm@aol.com
user0035,Doralyn Pershall,3161 Erie Blvd N,5645525611,DoralynPershall@icloud.com
user0036,Reeta Voorhees,8425 Vashon St NW,3608223065,ReetaVoorhees@gmail.com
user0037,Roby Danison,5341 Locksley Blvd N,2539014068,RobyDanison@outlook.com
user0038,Gustie Burtt,2893 Cove St E,5094319196,GustieBurtt@icloud.com
user0039,Bea Gungor,5383 Natches Dr NE,4257233917,BeaGungor@aol.com
user0040,Daphna Jennelle,5086 Northrup Pl ,2069180683,DaphnaJennelle@hotmail.com
user0041,Mada Germy,6625 Filbert Pl W,5645712329,MadaGermy@icloud.com
user0042,Marys Stpeter,3915 Birmingham Pl E,3605912460,MarysStpeter@outlook.com
user0043,Ernestine Hammel,3841 Choat Dr S,4251145954,ErnestineHammel@gmail.com
user0044,Dian Westrich,8709 Pontius Blvd NW,5034022555,DianWestrich@hotmail.com
user0045,Loralee Mallernee,1374 Bancroft Way W,3607821453,LoraleeMallernee@gmail.com
user0046,Sileas Dodd,3828 Twenty-Sixth Pl N,2536777109,SileasDodd@gmail.com
user0047,Theressa Bonett,4116 Texas St W,5414859181,TheressaBonett@aol.com
user0048,Lilian Fasy,5934 Ingersoll Pl N,3606612808,LilianFasy@hotmail.com
user0049,Adela Flenord,7380 Pittsburgh Ave W,4251078632,AdelaFlenord@gmail.com
user0050,Joan Muccigrosso,1575 Rollin Pl ,5413980543,JoanMuccigrosso@aol.com
user0051,Anne-Marie Huisman,8112 Gould Pl E,5416350678,Anne-MarieHuisman@outlook.com
user0052,Raeann Iozzi,1961 Scurry Blvd S,5092636059,RaeannIozzi@gmail.com
user0053,Eveleen Chehab,5361 Summit Pl SW,2533100277,EveleenChehab@hotmail.com
user0054,Carrissa Elizarraras,4840 Renold St SW,2064257716,CarrissaElizarraras@hotmail.com
user0055,Dianne Tindle,2547 Fourth Blvd SE,5646036614,DianneTindle@hotmail.com
user0056,Arlen Bunyea,4282 Western Dr S,5413026926,ArlenBunyea@aol.com
user0057,Marianne Stenkamp,1056 Frederick Ave ,5644808853,MarianneStenkamp@aol.com
user0058,Adore Zale,6668 Rollin St ,5647041681,AdoreZale@aol.com
user0059,Cinnamon Shuckhart,4564 Farm Way ,4255384585,CinnamonShuckhart@aol.com
user0060,Candice Quintania,7135 Ward Dr NW,4256430724,CandiceQuintania@hotmail.com
user0061,Freddi Fleitas,5158 Thirty-Eighth Ave ,5091108569,FreddiFleitas@outlook.com
user0062,Elli Leinhart,8585 Mitchell Dr ,2067072024,ElliLeinhart@hotmail.com
user0063,Marleah Violet,8314 Thirty-Third Way NW,5643912885,MarleahViolet@yahoo.com
user0064,Emilee Grundmeier,2025 Water Pl SE,5412748815,EmileeGrundmeier@yahoo.com
user0065,Christina Kornbau,2611 Fortieth Dr ,5031012879,ChristinaKornbau@yahoo.com
user0066,Devina Jabs,1167 Decatur Dr ,5412761282,DevinaJabs@gmail.com
user0067,Shaylyn Hulsman,3756 Stacy Dr E,5097739394,ShaylynHulsman@outlook.com
user0068,Alicea Mcpadden,7307 Brunswick Blvd W,5417610855,AliceaMcpadden@outlook.com
user0069,Peri Gonzoles,7924 State Dr W,4259818904,PeriGonzoles@hotmail.com
user0070,Leena Enoch,7203 Walnut Pl NW,5091540661,LeenaEnoch@aol.com
user0071,Jobi Busby,7051 Alhambra Ave SE,5031134075,JobiBusby@aol.com
user0072,Leanora Nolda,6039 Ingersoll Dr ,5643387988,LeanoraNolda@yahoo.com
user0073,Tatum Ramirez,4459 Twenty-Sixth Ave NE,5417508973,TatumRamirez@gmail.com
user0074,Carey Greenmyer,3967 Law'S Dr SW,5419756603,CareyGreenmyer@icloud.com
user0075,Jilly Loia,4728 Scott Blvd NW,5418665042,JillyLoia@gmail.com
user0076,Gayel Buckner,4558 Mine Pl NE,5645028448,GayelBuckner@aol.com
user0077,Brigit Shirar,8908 Elder Ave NW,5099531305,BrigitShirar@hotmail.com
user0078,Belicia Spieker,4191 Poplar Dr SW,5031507282,BeliciaSpieker@yahoo.com
user0079,Orsa Porcaro,8043 Wilkes Way NW,2534788608,OrsaPorcaro@outlook.com
user0080,Catherine Darlington,6010 Bradford St SE,5649831186,CatherineDarlington@hotmail.com
user0081,Kial Prokos,5061 Federal St N,3608996348,KialProkos@yahoo.com
user0082,Consuela Laferriere,2014 Silver Dr W,5039875249,ConsuelaLaferriere@outlook.com
user0083,Dodie Tooms,4581 Kansas Pl NW,2539918297,DodieTooms@outlook.com
user0084,Ekaterina Shiner,5719 John St N,5645971572,EkaterinaShiner@hotmail.com
user0085,Xena Cashatt,7129 Amy Dr NW,5099245979,XenaCashatt@outlook.com
user0086,Jaquenette Mitcham,4818 Williamson Ave NE,2060632919,JaquenetteMitcham@icloud.com
user0087,Konstance Patteson,6158 William Way SE,5418201643,KonstancePatteson@aol.com
user0088,Mandy Lopardo,3655 Tremont Pl N,3604122766,MandyLopardo@gmail.com
user0089,Ariella Wanat,8945 High Blvd S,2537834442,AriellaWanat@hotmail.com
user0090,Dionis Waln,7449 Alabama Ave SW,5031279037,DionisWaln@icloud.com
user0091,Rana Matos,1001 Westlake Dr ,3602129984,RanaMatos@icloud.com
user0092,Glyn Ekin,4251 Waite Ave N,4251282447,GlynEkin@hotmail.com
user0093,Christyna Mulcahey,1676 Vashon St ,2061234439,ChristynaMulcahey@yahoo.com
user0094,Moira Veatch,6523 Rollin Ave SW,5413315797,MoiraVeatch@hotmail.com
user0095,Bryna Reineke,4614 Prince Blvd E,5030345566,BrynaReineke@gmail.com
user0096,Alanna Leidy,2072 Lena Ave ,5032049326,AlannaLeidy@aol.com
user0097,Maurine Forsthoffer,1687 Market Blvd NW,3602061429,MaurineForsthoffer@gmail.com
user0098,Jessa Heutmaker,6929 Western Ave E,2533410378,JessaHeutmaker@aol.com
user0099,Sofie Leneave,7588 High Ave S,2533314904,SofieLeneave@yahoo.com
user0100,Thia Grumbine,8975 Choate Blvd NW,3601607233,ThiaGrumbine@hotmail.com
user0101,Elka Achille,2616 Thirty-First St W,5099377832,ElkaAchille@icloud.com
user0102,Janean Kordas,4913 Rainier Blvd W,2535971113,JaneanKordas@gmail.com
user0103,Daffy Haberer,7938 Aldrich Dr N,5091954823,DaffyHaberer@outlook.com
user0104,Shelba Kamber,7920 Dyer Blvd S,3604094676,ShelbaKamber@yahoo.com
user0105,Tove Faupel,7619 Yesler St S,5649224954,ToveFaupel@icloud.com
user0106,Shauna Olbrish,3450 Arbor Dr SE,5094823524,ShaunaOlbrish@aol.com
user0107,Gilli Scarpaci,7625 Farragut Blvd SE,2539248207,GilliScarpaci@aol.com
user0108,Koo Scoby,7146 Comstock Blvd ,5031843622,KooScoby@yahoo.com
user0109,Carree Loetz,3053 Grace Way NE,3600387359,CarreeLoetz@icloud.com
user0110,Allix Kobialka,8892 James Blvd NW,5039050009,AllixKobialka@gmail.com
user0111,Myrtice Thadison,6223 Angie Blvd NE,5098879964,MyrticeThadison@hotmail.com
user0112,Jerry Mcspadden,7062 Front Blvd ,5094577028,JerryMcspadden@aol.com
user0113,Lynn Jahde,1284 Fortieth Ave W,5415663184,LynnJahde@yahoo.com
user0114,Sharl Hollander,1427 Queets Ave SW,2534056048,SharlHollander@aol.com
user0115,Carri Eilertson,3336 Allee Ave ,5640721210,CarriEilertson@outlook.com
user0116,Sharla Lance,8604 Bradner Dr ,2066926706,SharlaLance@hotmail.com
user0117,Esme Fendley,2063 Emmons Dr NE,3601809506,EsmeFendley@gmail.com
user0118,Dion Woolen,7947 Marion St N,5414416027,DionWoolen@icloud.com
user0119,Sheena Stober,4828 Monroe Way N,2539175038,SheenaStober@gmail.com
user0120,Carmine Blackler,3585 Union Ave ,2535247525,CarmineBlackler@gmail.com
user0121,Ericka Casebolt,6148 Marmion Dr SW,4254349860,ErickaCasebolt@gmail.com
user0122,Jessie Burno,2953 Avenue Pl SE,5033997792,JessieBurno@icloud.com
user0123,Jasmina Orser,2097 Mclellan St SE,5030708089,JasminaOrser@hotmail.com
user0124,Salli Bolante,3595 Mclane Way E,5099805538,SalliBolante@hotmail.com
user0125,Gertruda Lacz,2907 Pearl Dr SW,5034366816,GertrudaLacz@yahoo.com
user0126,Charyl Daras,8157 Shearbrook St NE,2060725944,CharylDaras@aol.com
user0127,Cristen Amentler,5974 Connecticut Blvd ,5647054108,CristenAmentler@gmail.com
user0128,Brita Pallafor,3549 Prince St S,3601349884,BritaPallafor@icloud.com
user0129,Wanda Nallie,5425 Alva St ,5640446108,WandaNallie@yahoo.com
user0130,Lelia Delprete,3712 Cena Pl E,2065249998,LeliaDelprete@gmail.com
user0131,Cary Rathrock,2066 Waite St S,3605510817,CaryRathrock@hotmail.com
user0132,Amalia Carberry,3169 Nelson Way ,5647967249,AmaliaCarberry@yahoo.com
user0133,Daisy Krane,2234 Grange Pl E,2538050349,DaisyKrane@yahoo.com
user0134,Raine Andrson,4429 Westlake Blvd S,2533822038,RaineAndrson@outlook.com
user0135,Latashia Trentman,5192 California Blvd W,3604957476,LatashiaTrentman@hotmail.com
user0136,Kora Leukuma,1268 Columbia Blvd ,3606043736,KoraLeukuma@yahoo.com
user0137,Marla Borders,1546 Lake View Pl E,2063104021,MarlaBorders@hotmail.com
user0138,Mariya Drozdowski,2075 Queets Pl SW,5410542494,MariyaDrozdowski@aol.com
user0139,Genia Fagle,3162 Judkins St E,5090244112,GeniaFagle@outlook.com
user0140,Carmella Crager,4015 Day Pl W,5649043066,CarmellaCrager@aol.com
user0141,Channa Promer,6321 Decatur Pl SE,5036950293,ChannaPromer@yahoo.com
user0142,Biddie Brun,6714 Stanton Way W,3605579244,BiddieBrun@aol.com
user0143,Letty Nopachai,2654 Aldrich Pl NE,5417170353,LettyNopachai@yahoo.com
user0144,Edeline Merlin,8256 Thirty-First Pl W,5099110793,EdelineMerlin@hotmail.com
user0145,Allie Ursiak,2509 Pearl Ave SE,3607002309,AllieUrsiak@icloud.com
user0146,Jan Paolello,4981 Alder Pl E,2536891591,JanPaolello@outlook.com
user0147,Morna Ruedas,8715 Brook Way NE,4252817940,MornaRuedas@outlook.com
user0148,Deedee Vanier,4345 Oakley Blvd N,5646304559,DeedeeVanier@yahoo.com
user0149,Elle Guerin,2657 Temple Dr ,2060788817,ElleGuerin@yahoo.com
user0150,Leyla Astolfi,6275 Broad Blvd ,5645828484,LeylaAstolfi@yahoo.com
user0151,Madelene Aquilino,8515 Longfellow Way N,2063545470,MadeleneAquilino@icloud.com
user0152,Simonette Pleau,2453 Lamar St SW,5038137518,SimonettePleau@yahoo.com
user0153,Corine Iffert,4580 Kinnear St SE,4255219743,CorineIffert@gmail.com
user0154,Kai Yannantuono,7690 Pleasant Pl ,2538957860,KaiYannantuono@icloud.com
user0155,Anallese Malicdem,8401 Quentin Ave ,4250243604,AnalleseMalicdem@outlook.com
user0156,Vi Bealmear,1582 Payne Ave NE,4253956783,ViBealmear@outlook.com
user0157,Leandra Vereen,2324 Marmion Blvd S,5413112668,LeandraVereen@hotmail.com
user0158,Fanchon Toomes,3994 Ash Pl W,5414495133,FanchonToomes@yahoo.com
user0159,Deeann Manbeck,4742 Rollin Dr NE,3602388930,DeeannManbeck@gmail.com
user0160,Austina Paluch,7497 Lincoln St E,2530482027,AustinaPaluch@icloud.com
user0161,Amil Bickman,5320 Twenty-Second Blvd ,5413363095,AmilBickman@outlook.com
user0162,Etti Gadsen,1517 Rural Ave SW,3600018781,EttiGadsen@gmail.com
user0163,Dehlia Cassella,5698 Chester Ave NE,2538786847,DehliaCassella@icloud.com
user0164,Chandra Regan,6269 Cloverdale St NW,5038151355,ChandraRegan@gmail.com
user0165,Gilda Respass,3825 Frederick St SW,5648845610,GildaRespass@outlook.com
user0166,Coralie Eget,2290 Snoqualmie Ave SE,5091293340,CoralieEget@icloud.com
user0167,Stephani Scammahorn,2667 Lincoln Ave NW,2531804826,StephaniScammahorn@icloud.com
user0168,Aprilette Meil,7945 Lake Way W,5092132998,ApriletteMeil@yahoo.com
user0169,Chelsey Bagan,8559 Cooke St ,2537215483,ChelseyBagan@yahoo.com
user0170,Benni Giannattasio,6443 Nye St ,5035956685,BenniGiannattasio@gmail.com
user0171,Allis Haeger,3688 Westlake Ave N,4255693683,AllisHaeger@yahoo.com
user0172,Dot Toussaint,5960 Pine Pl NW,4257655738,DotToussaint@outlook.com
user0173,Valma Ganin,7755 Epler Way ,4252059434,ValmaGanin@gmail.com
user0174,Vonny Torbett,8314 Merrill Dr SW,2069606692,VonnyTorbett@aol.com
user0175,Myrtle Burgy,7894 Box Way SW,3602593586,MyrtleBurgy@hotmail.com
user0176,Dolley Banegas,4990 Ferry St W,2534849416,DolleyBanegas@gmail.com
user0177,Winonah Corazza,6101 Taylor Ave N,2535683422,WinonahCorazza@gmail.com
user0178,Leandra Carangelo,1448 Bulwer St ,4251754715,LeandraCarangelo@gmail.com
user0179,Mahala Getty,3841 Randolph Blvd ,5416339464,MahalaGetty@hotmail.com
user0180,Appolonia Haynesworth,5166 William Ave ,5030307860,AppoloniaHaynesworth@outlook.com
user0181,Cyb Lesnick,7537 Stirling Blvd NW,5035822897,CybLesnick@yahoo.com
user0182,Fay Maccallum,6915 Duwamish Ave NW,3604026215,FayMaccallum@icloud.com
user0183,Wilie Drain,1524 Wilson Blvd W,4257027592,WilieDrain@yahoo.com
user0184,Vinny Kernagis,7023 John Way NW,5036580900,VinnyKernagis@aol.com
user0185,Mavis Cuccaro,8606 Dyer Pl ,2069625755,MavisCuccaro@aol.com
user0186,Christean Altmann,4054 Galileo St SW,5418788331,ChristeanAltmann@icloud.com
user0187,Dasya Breashears,6219 Leary Dr NE,5643803240,DasyaBreashears@icloud.com
user0188,Angelina Frauenkron,8150 Cleveland St W,5647632728,AngelinaFrauenkron@icloud.com
user0189,Andromache Bresett,3736 Cove St ,5413311043,AndromacheBresett@outlook.com
user0190,Katti Monagle,8060 George Blvd NW,5032548730,KattiMonagle@icloud.com
user0191,Consolata Vanwieren,2343 Kentucky St S,5412804886,ConsolataVanwieren@gmail.com
user0192,Merci Fantroy,1024 Birmingham Pl NE,5035254565,MerciFantroy@gmail.com
user0193,Avivah Urrutia,6405 Augusta Ave ,2068877965,AvivahUrrutia@aol.com
user0194,Bernardina Bull,3394 Bush St E,5096796068,BernardinaBull@yahoo.com
user0195,Melina Cumming,7591 Marshall Ave W,2066034626,MelinaCumming@outlook.com
user0196,Jaine Bathrick,1107 Cooke Ave E,5096730726,JaineBathrick@yahoo.com
user0197,Paule Savoy,7360 Walker St NE,4253415691,PauleSavoy@hotmail.com
user0198,Ashlie Lang,7591 Vancouver Pl SE,5647484062,AshlieLang@outlook.com
user0199,Karole Dapolito,1618 Knight Dr SW,5647761761,KaroleDapolito@outlook.com
user0200,Janela Pelak,3987 Maynard Ave ,5030922895,JanelaPelak@hotmail.com
user0201,Bonni Klemanski,7897 Connecticut Way S,5414189333,BonniKlemanski@hotmail.com
user0202,Roana Dolecki,3495 Aldine Pl W,5410193090,RoanaDolecki@yahoo.com
user0203,Janeczka Sandidge,1568 Queets Blvd E,2063976113,JaneczkaSandidge@outlook.com
user0204,Ursuline Caravantes,3774 Galer St E,5037391118,UrsulineCaravantes@aol.com
user0205,Bridgette Brougham,7233 Queets Way W,5038535344,BridgetteBrougham@outlook.com
user0206,Berti Loynes,7631 Granada Way SE,5037639356,BertiLoynes@aol.com
user0207,Noemi Molleur,2173 Prince William Blvd ,2532918452,NoemiMolleur@hotmail.com
user0208,Danna Ardeneaux,3436 Franklin St ,3604895020,DannaArdeneaux@outlook.com
user0209,Donia Carson,2825 Highland Dr SE,2534565062,DoniaCarson@yahoo.com
user0210,Jewell Gnau,1188 Twenty-Sixth Pl ,5091661827,JewellGnau@gmail.com
user0211,Beryl Kuipers,1111 Holgate Way SW,4256993506,BerylKuipers@icloud.com
user0212,Ericha Pontiff,8292 Natches Blvd ,3604029761,ErichaPontiff@outlook.com
user0213,Angie Neumiller,1163 Bluff Pl SW,5034710943,AngieNeumiller@outlook.com
user0214,Aurelea Lamarta,2776 Prince William Pl SE,5032791241,AureleaLamarta@outlook.com
user0215,Lacee Riske,2394 Allee Ave ,5094716446,LaceeRiske@aol.com
user0216,Aprilette Houglum,1187 Beach St ,3608847311,ApriletteHouglum@hotmail.com
user0217,Gilda Lightcap,3388 Olive Dr SW,5094076148,GildaLightcap@outlook.com
user0218,Ardenia Driedric,6392 Wadsworth Way SW,5417667681,ArdeniaDriedric@yahoo.com
user0219,Ada Mahon,2231 Choate Dr SE,5039835258,AdaMahon@icloud.com
user0220,Afton Mettert,3055 Lewis Way ,5039200963,AftonMettert@gmail.com
user0221,Elaine Lafontain,5596 Gansvoort Way SW,5034718546,ElaineLafontain@hotmail.com
user0222,Leodora Labier,8164 Howe Blvd SW,4252769872,LeodoraLabier@icloud.com
user0223,Olivie Todt,3929 Forest Ave NE,5034235462,OlivieTodt@outlook.com
user0224,Alyssa Bowlus,6546 Summit Ave W,2068710103,AlyssaBowlus@hotmail.com
user0225,Ondrea Chudy,8764 Vancouver Blvd NE,5412327960,OndreaChudy@hotmail.com
user0226,Mercie Stowman,2149 Compton Pl ,5419295202,MercieStowman@yahoo.com
user0227,Deanna Biastock,4752 Bradner Ave S,4255726282,DeannaBiastock@gmail.com
user0228,Lilias Flair,4431 Diomede Way SW,4256964367,LiliasFlair@outlook.com
user0229,Tasha Godde,2766 Keokuk Blvd ,2538066149,TashaGodde@hotmail.com
user0230,Sigrid Mendillo,1439 Main Ave N,5091663866,SigridMendillo@aol.com
user0231,Kathe Wieder,7478 Scott Pl N,5031335817,KatheWieder@aol.com
user0232,Jorie Delrio,2591 Duwamish Blvd SE,5643404592,JorieDelrio@icloud.com
user0233,Nedi Ferenc,7155 Bradner Blvd SE,5038303689,NediFerenc@hotmail.com
user0234,Natassia Zambrano,2785 Alpine Dr NE,5030090534,NatassiaZambrano@outlook.com
user0235,Rivalee Levandowski,2712 Scurry Ave SE,2063721602,RivaleeLevandowski@yahoo.com
user0236,Dodi Dekrey,6315 Laurel Dr SW,5030930056,DodiDekrey@icloud.com
user0237,Willi Gallicchio,3129 Shearbrook Pl NW,2539817579,WilliGallicchio@hotmail.com
user0238,Kerrill Parikh,2398 Mikado Blvd ,5098438556,KerrillParikh@outlook.com
user0239,Tommie Parviainen,5911 Cullen Ave SE,2066195281,TommieParviainen@aol.com
user0240,Alvera Glazener,2474 Irving Blvd SE,4250908398,AlveraGlazener@outlook.com
user0241,Lyndel Ornellas,6183 Proctor Ave E,5093379323,LyndelOrnellas@yahoo.com
user0242,Nessie Lipovsky,8495 Frederick Blvd E,3607088860,NessieLipovsky@icloud.com
user0243,Mireielle Jasmann,5916 Smithers Way ,2068053873,MireielleJasmann@aol.com
user0244,Dorie Cruthers,5259 Hayes Blvd NE,2535738502,DorieCruthers@icloud.com
user0245,Whitney Feldhake,2112 Beach Ave SE,2061484835,WhitneyFeldhake@gmail.com
user0246,Doloritas Blanchet,3619 Ridgly Way ,3602553127,DoloritasBlanchet@yahoo.com
user0247,Dulcea Ayele,2649 Elaine Pl S,5642970830,DulceaAyele@outlook.com
user0248,Gabriel Cowherd,4485 Nelson St NW,2536342697,GabrielCowherd@gmail.com
user0249,Benny Satchwell,3263 Merrill Pl ,4258083277,BennySatchwell@gmail.com
user0250,Genni Kint,7769 Aldine Ave SW,2535654437,GenniKint@hotmail.com
user0251,Sissy Turbin,8682 Western Dr E,2066895908,SissyTurbin@yahoo.com
user0252,Jacquelin Hogeland,7814 View Pl W,5646987824,JacquelinHogeland@aol.com
user0253,Myrtice Matturro,8077 Oriental Blvd ,5416657214,MyrticeMatturro@gmail.com
user0254,Ofella Lingley,8113 Orange Pl S,5641844960,OfellaLingley@aol.com
user0255,Annmarie Ebel,1971 Jessie Way SE,5644616780,AnnmarieEbel@icloud.com
user0256,Fidela Duball,5157 Thirty-Fifth Way ,5645763258,FidelaDuball@yahoo.com
user0257,Kikelia Milley,3794 High Ave NE,3601184364,KikeliaMilley@icloud.com
user0258,Sadie Sasportas,1600 Hughston Way SE,5641978580,SadieSasportas@yahoo.com
user0259,Kris Landeros,8764 Western Pl ,5648265293,KrisLanderos@hotmail.com
user0260,Kippy Massengill,2033 Grace St ,3606550677,KippyMassengill@aol.com
user0261,Gennie Vietzke,7849 Manitoba St W,2534571512,GennieVietzke@gmail.com
user0262,Emmye Ringquist,4229 Longfellow Blvd SW,5415561075,EmmyeRingquist@yahoo.com
user0263,Claudette Baxley,7951 Locksley Pl SW,5092951942,ClaudetteBaxley@icloud.com
user0264,Murial Burman,3909 Hanford St W,5414739575,MurialBurman@hotmail.com
user0265,Kathye Purdin,1717 Republican Way SE,4251656020,KathyePurdin@aol.com
user0266,Milena Golightly,1483 Baker Way N,2532456934,MilenaGolightly@hotmail.com
user0267,Micky Mcclair,3126 Third Pl E,3604853925,MickyMcclair@outlook.com
user0268,Mellicent Quiros,8146 Hughston Ave ,5649563564,MellicentQuiros@aol.com
user0269,Rasla Decandia,2473 Villie Blvd W,2060445890,RaslaDecandia@gmail.com
user0270,Inessa Rohlman,2983 Wheeling Dr NW,5418828565,InessaRohlman@hotmail.com
user0271,Lenka Whittier,3722 Fortieth Pl SW,5646488508,LenkaWhittier@hotmail.com
user0272,Roz Guinn,2848 Connecticut Ave SE,5648072762,RozGuinn@yahoo.com
user0273,Jaynell Galipeau,5649 Kansas Pl NW,3605683066,JaynellGalipeau@hotmail.com
user0274,Louella Tomopoulos,6250 Madison Way SW,5039236906,LouellaTomopoulos@icloud.com
user0275,Charlotte Malinchalk,4989 Antiquary Dr S,3601368721,CharlotteMalinchalk@gmail.com
user0276,Dorree Wizar,8016 Light St S,2531497392,DorreeWizar@hotmail.com
user0277,Shana Skyberg,7726 Yakima St NW,2539575260,ShanaSkyberg@outlook.com
user0278,Tyne Capshaw,5325 Michigan Ave N,3602403757,TyneCapshaw@outlook.com
user0279,Bobbe Goeltz,6564 Campbell Way E,4257207415,BobbeGoeltz@hotmail.com
user0280,Mathilde Gardino,2781 Madison Dr W,5039569948,MathildeGardino@aol.com
user0281,Rachele Arroliga,2527 Roy Dr ,3608199154,RacheleArroliga@hotmail.com
user0282,Cariotta Rogalski,6622 Frank Dr SE,5646716338,CariottaRogalski@gmail.com
user0283,Cathrin Scoresby,5422 Mclellan Blvd ,5034962414,CathrinScoresby@gmail.com
user0284,Anabal Manigault,4134 Cleveland Ave N,4254422306,AnabalManigault@icloud.com
user0285,Pammi Furlong,7936 Nye Dr NE,5096370721,PammiFurlong@outlook.com
user0286,Raven Messana,8780 Preston Pl NE,5034659312,RavenMessana@icloud.com
user0287,Laurel Stjames,4379 Williamson Way ,5649832873,LaurelStjames@yahoo.com
user0288,Patrizia Galeazzi,1114 Olympic Pl ,3609138886,PatriziaGaleazzi@icloud.com
user0289,Sarena Giacone,4080 Lotta Pl SW,5412620007,SarenaGiacone@icloud.com
user0290,Rosalynd Hashim,4644 Elizabeth Blvd W,5413823108,RosalyndHashim@outlook.com
user0291,Erda Monzingo,5133 Renton Way E,5099811043,ErdaMonzingo@icloud.com
user0292,Regina Labella,4935 Olive Dr ,5090933811,ReginaLabella@hotmail.com
user0293,Denise Steffenson,3077 Mclane Way SW,5414512683,DeniseSteffenson@gmail.com
user0294,Lorri Sickafoose,6198 Eaton Dr ,5099007526,LorriSickafoose@yahoo.com
user0295,Costanza Height,6023 Colima St S,4253983870,CostanzaHeight@hotmail.com
user0296,Libbie Kreutzbender,2005 Wilson Ave N,4250374938,LibbieKreutzbender@aol.com
user0297,Eudora Daris,7586 Rollin Pl ,5094250959,EudoraDaris@outlook.com
user0298,Muriel Battaglia,5142 Benjamin Blvd ,5410419255,MurielBattaglia@gmail.com
user0299,Dinnie Romulus,6260 Banner Way SE,2060737405,DinnieRomulus@hotmail.com
user0300,Vikky Dorsay,5649 Eighth Blvd S,5417118346,VikkyDorsay@aol.com
user0301,Vannie Lauinger,1650 Nelson Blvd SE,4252095073,VannieLauinger@gmail.com
user0302,Nadean Heidrich,1741 Squire Pl N,5092574443,NadeanHeidrich@aol.com
user0303,Tallie Dampier,2981 Commercial St W,5415716207,TallieDampier@hotmail.com
user0304,Norean Stephans,2008 Ivanhoe Way N,3604492177,NoreanStephans@hotmail.com
user0305,Neala Brebes,7210 Galer Dr E,3600816174,NealaBrebes@gmail.com
user0306,Tamqrah Banbury,1810 William Way SW,3605915151,TamqrahBanbury@icloud.com
user0307,Trula Cortright,7232 Bancroft St SE,2531835254,TrulaCortright@icloud.com
user0308,Janet Utterback,3088 Roy Pl E,4257728030,JanetUtterback@icloud.com
user0309,Lurette Dorrell,4327 Oak Ave N,2060868530,LuretteDorrell@outlook.com
user0310,Elsinore Artega,3109 Mulford Ave E,5645857063,ElsinoreArtega@yahoo.com
user0311,Almire Vanevery,5750 Thirty-Third Pl SE,2060539268,AlmireVanevery@outlook.com
user0312,Audy Karns,8305 Germaine Way SW,4250197385,AudyKarns@yahoo.com
user0313,Anabel Breuninger,2178 Forty-Second Ave NW,2538706762,AnabelBreuninger@yahoo.com
user0314,Lib Ramjan,8459 Beach St E,5092593675,LibRamjan@hotmail.com
user0315,Blondie Eschenbacher,3907 Eaton Dr NE,2061391596,BlondieEschenbacher@gmail.com
user0316,Marys Bliske,1342 Texas Way SW,2539667238,MarysBliske@hotmail.com
user0317,Tommi Chambless,3688 John Blvd ,3603227135,TommiChambless@gmail.com
user0318,Janine Cueva,3610 Day Way NE,5038745486,JanineCueva@yahoo.com
user0319,Consuelo Swapp,4068 Remington Dr NE,2061669284,ConsueloSwapp@hotmail.com
user0320,Salli Wenger,5671 Mine Dr ,4251762733,SalliWenger@outlook.com
user0321,Daniele Mozo,7250 Lake Union St NE,5648775461,DanieleMozo@aol.com
user0322,Debi Howdeshell,4496 Lena Dr NW,5090804879,DebiHowdeshell@icloud.com
user0323,Bamby Shamburger,1940 Dexter Blvd NW,5090634071,BambyShamburger@aol.com
user0324,Thea Gump,8646 Chicago Way N,2061621543,TheaGump@outlook.com
user0325,Susanne Thielges,7766 Jacobs Dr W,2537743515,SusanneThielges@outlook.com
user0326,Corny Ragan,7591 Arbor Way NW,5643059589,CornyRagan@aol.com
user0327,Dulcine Opher,7128 Massillon Way SE,2539513008,DulcineOpher@yahoo.com
user0328,Rycca Palafox,5534 Elliott Ave W,4253466738,RyccaPalafox@outlook.com
user0329,Jada Amtower,6595 Modjeska St NE,5417297315,JadaAmtower@aol.com
user0330,Jennine Manlove,7057 Division St W,5646057515,JennineManlove@icloud.com
user0331,Cathy Menjares,3947 Stanton Way E,2531148050,CathyMenjares@hotmail.com
user0332,Sophi Brilla,1888 Poplar Pl ,2538275483,SophiBrilla@gmail.com
user0333,Pennie Ravi,8063 John Way NW,5035840911,PennieRavi@yahoo.com
user0334,Noami Naeher,4321 Ray Blvd NE,2533551790,NoamiNaeher@icloud.com
user0335,Dorella Newill,2080 Ward St NW,5646203299,DorellaNewill@hotmail.com
user0336,Lita Seaford,5879 Alabama Ave W,5411446584,LitaSeaford@aol.com
user0337,Carol-Jean Gookin,6128 Chester St NE,5411623454,Carol-JeanGookin@icloud.com
user0338,Josey Watkins,2688 Commercial Blvd SW,2530724784,JoseyWatkins@hotmail.com
user0339,Kameko Stofko,5139 Division Dr S,5092661331,KamekoStofko@icloud.com
user0340,Rani Lacau,7367 St. Lawrence Dr E,3608406637,RaniLacau@icloud.com
user0341,Penni Walentoski,1298 Elder St W,5641009666,PenniWalentoski@gmail.com
user0342,Corabel Aliment,2740 Rose Ave E,2534045080,CorabelAliment@aol.com
user0343,Starlene Hogge,7948 Government Ave SW,4252945147,StarleneHogge@hotmail.com
user0344,Bathsheba Viltz,3770 Brook St ,5644707099,BathshebaViltz@gmail.com
user0345,Roxane Willies,3418 Columbia Blvd SE,2063000372,RoxaneWillies@yahoo.com
user0346,Annabela Endecott,3819 Lawrence Pl S,5092127714,AnnabelaEndecott@yahoo.com
user0347,Ferne Selleck,6010 Birmingham Ave SW,5416412803,FerneSelleck@outlook.com
user0348,Lynelle Tenorio,6400 Preston Blvd NW,5644548196,LynelleTenorio@outlook.com
user0349,Blinny Halbrooks,1576 Joy Way SW,3606779340,BlinnyHalbrooks@outlook.com
user0350,Lucille Koteles,8904 Anne Ave ,5095726188,LucilleKoteles@hotmail.com
user0351,Catriona Abdin,2342 Lake View Ave SW,2067253952,CatrionaAbdin@hotmail.com
user0352,Annis Arlan,4733 Madison Blvd NW,5419635861,AnnisArlan@aol.com
user0353,Katey Bertrum,2789 Harrison St E,3609608152,KateyBertrum@outlook.com
user0354,Adrianna Casadei,5405 Baker Ave ,5037963179,AdriannaCasadei@yahoo.com
user0355,Madalyn Hodson,6164 Bayview Blvd W,2062242620,MadalynHodson@hotmail.com
user0356,Doretta Boivin,3251 Williams St SW,5648790865,DorettaBoivin@icloud.com
user0357,Hertha Gapp,8185 Liberty Ave E,5095932922,HerthaGapp@outlook.com
user0358,Cheri Hurren,2691 Twenty-Seventh Pl SE,5032976379,CheriHurren@hotmail.com
user0359,Vernice Kolthoff,3861 Elizabeth Way ,3600011647,VerniceKolthoff@gmail.com
user0360,Courtenay Iriarte,1888 Templar St NE,2532162787,CourtenayIriarte@icloud.com
user0361,Maxie Bromagen,6723 Werett St W,2067561914,MaxieBromagen@aol.com
user0362,Olivette Garib,3852 Lander Blvd SW,5644692837,OlivetteGarib@icloud.com
user0363,Claudelle Vandusen,1208 Union Pl N,2533607728,ClaudelleVandusen@outlook.com
user0364,Coleen Orehek,6102 Brunswick Pl N,5648621953,ColeenOrehek@yahoo.com
user0365,Etta Jerrel,7826 Green Blvd ,3609056318,EttaJerrel@hotmail.com
user0366,Ariella Gudmundson,7083 Granada Ave SE,2535591940,AriellaGudmundson@outlook.com
user0367,Mildred Impson,1283 Liberty St W,2534612687,MildredImpson@aol.com
user0368,Kary Pergram,8197 Modjeska Way E,5092246375,KaryPergram@hotmail.com
user0369,Mora Beccue,5422 Taylor Ave ,4256079599,MoraBeccue@gmail.com
user0370,Sapphire Padberg,6351 Lingard Blvd ,5644420146,SapphirePadberg@aol.com
user0371,Martita Lemmonds,1594 Johnson St ,3607581692,MartitaLemmonds@hotmail.com
user0372,Barb Filo,6706 Laurel Blvd NW,4250544617,BarbFilo@outlook.com
user0373,Nikkie Darosa,5702 Case Ave W,5099345907,NikkieDarosa@outlook.com
user0374,Edie Khemmanivong,4375 Flemming Dr NW,2062115216,EdieKhemmanivong@hotmail.com
user0375,Pavia Sukeforth,6482 Chicago Blvd SW,2063677311,PaviaSukeforth@outlook.com
user0376,Kym Arreaga,1479 Valentine Dr N,5643943725,KymArreaga@outlook.com
user0377,Blair Conaughty,2978 Mary St SE,5032328523,BlairConaughty@icloud.com
user0378,Corey Hobert,8144 Arbor St SW,3601842304,CoreyHobert@outlook.com
user0379,Cornelia Mingo,7342 Marion Dr NE,5094753574,CorneliaMingo@gmail.com
user0380,Susanna Scrimpsher,1320 Vancouver Pl NW,3600678427,SusannaScrimpsher@aol.com
user0381,Orelie Eagan,5808 Arthur Ave N,5098530074,OrelieEagan@hotmail.com
user0382,Leontine Siemens,4224 Central Pl W,4255951161,LeontineSiemens@hotmail.com
user0383,Oralia Rundstrom,3439 George Way NE,3603797566,OraliaRundstrom@aol.com
user0384,Sacha Pfister,7064 Mcclair Blvd SW,5035601011,SachaPfister@hotmail.com
user0385,Alta Sopha,4312 Baxter Ave E,5648346446,AltaSopha@gmail.com
user0386,Maryl Raffety,8096 Mcclellan Way W,2063284085,MarylRaffety@yahoo.com
user0387,Elsy Gonsalez,4168 Quimper St S,5034587718,ElsyGonsalez@yahoo.com
user0388,Cherilyn Herimann,6109 Broad St E,4259307034,CherilynHerimann@outlook.com
user0389,Bonita Byro,8799 Charles Dr SE,5038265456,BonitaByro@outlook.com
user0390,Aeriel Korb,4822 Mcclellan Pl ,5412130890,AerielKorb@outlook.com
user0391,Naomi Watton,8623 Nye Way S,5038580993,NaomiWatton@hotmail.com
user0392,Wilmette Hymes,5495 Bay Ave NW,2061868275,WilmetteHymes@yahoo.com
user0393,Winny Kristan,8407 Mercer Pl NW,3607369231,WinnyKristan@gmail.com
user0394,Merna Fenniman,7780 Mcgill Pl SE,4251146429,MernaFenniman@gmail.com
user0395,Chiquia Gip,3132 Dalgetty Way NE,5640606435,ChiquiaGip@hotmail.com
user0396,Celene Bierstedt,6718 Williamson Way SE,3606891941,CeleneBierstedt@gmail.com
user0397,Becky Mellow,1543 Rainier Ave NE,4256387503,BeckyMellow@outlook.com
user0398,Walliw Boast,2245 Werett Dr E,5418605467,WalliwBoast@outlook.com
user0399,Natalie Lowy,8559 Tenth St NE,5093864502,NatalieLowy@yahoo.com
user0400,Glenda Newenle,6006 Denny Dr E,5412087911,GlendaNewenle@hotmail.com
user0401,Lena Ehn,5451 Douglass St E,4257619356,LenaEhn@outlook.com
user0402,Cass Canup,5663 Colfax Pl E,4259156156,CassCanup@gmail.com
user0403,Hermina Mustoe,1694 Ninth Way NW,5414824804,HerminaMustoe@yahoo.com
user0404,Lynsey Alexader,6933 Tenth Way NE,5414748725,LynseyAlexader@icloud.com
user0405,Lottie Goltry,8498 Broad St N,2062942632,LottieGoltry@hotmail.com
user0406,Cassandre Szydlowski,4462 Allee Way S,4251254605,CassandreSzydlowski@gmail.com
user0407,Angelika Angell,2062 Hawthorne St NW,3608476000,AngelikaAngell@hotmail.com
user0408,Lorena Maranville,6943 Thirty-First Ave N,2062445261,LorenaMaranville@outlook.com
user0409,Kippy Southmayd,7701 Diomede Dr ,3601603656,KippySouthmayd@yahoo.com
user0410,Christiana Rosalez,3386 Grant Way NE,5411863183,ChristianaRosalez@outlook.com
user0411,Amalee Douma,8566 Mercer Blvd SW,3605030699,AmaleeDouma@hotmail.com
user0412,Papagena Ripke,4703 Kentucky Dr NE,5036345321,PapagenaRipke@hotmail.com
user0413,Rosanna Cuadro,8176 Walker Way S,5412449674,RosannaCuadro@gmail.com
user0414,Nora Lockart,5651 May St S,2063083512,NoraLockart@hotmail.com
user0415,Emiline Rohman,2094 Elizabeth Pl ,5033351973,EmilineRohman@icloud.com
user0416,Christan Denafo,8375 Pike Dr ,3609397429,ChristanDenafo@outlook.com
user0417,Margery Poppert,7422 Sixth Dr W,4254059071,MargeryPoppert@outlook.com
user0418,Cordelie Deprato,5391 Nevada St SE,5032923861,CordelieDeprato@hotmail.com
user0419,Minne Karcz,4213 Dearborn Ave E,4255032002,MinneKarcz@aol.com
user0420,Caroljean Aeling,5327 Twenty-Fifth Dr SE,3609487342,CaroljeanAeling@gmail.com
user0421,Davine Widman,1177 Woodstock Blvd E,2063758840,DavineWidman@yahoo.com
user0422,Chad Andersson,4211 Maynard Way SE,2061868306,ChadAndersson@gmail.com
user0423,Krysta Perniciaro,8063 Windon Dr NE,5416983050,KrystaPerniciaro@yahoo.com
user0424,Gayel Tail,2651 Fulton Pl N,5035021992,GayelTail@gmail.com
user0425,Adelle Quastad,4715 Milwaukie St W,5419627835,AdelleQuastad@gmail.com
user0426,Blondy Pyros,1106 Bradford Dr W,5644472940,BlondyPyros@hotmail.com
user0427,Riki Payden,8784 Snoqualmie Way N,4257823575,RikiPayden@yahoo.com
user0428,Hermine Aminov,6891 Market Dr SE,5094916934,HermineAminov@outlook.com
user0429,Jobie Gramham,6705 Rulon Ave SE,4253918592,JobieGramham@gmail.com
user0430,Cymbre Doyal,7597 Mary Blvd S,5091351635,CymbreDoyal@yahoo.com
user0431,Wenonah Maire,2092 Gould St N,3605831019,WenonahMaire@yahoo.com
user0432,Aubrey Brossard,1881 Spring Blvd SW,3604442092,AubreyBrossard@gmail.com
user0433,Nonna Gullickson,4734 Emmitt Dr E,5092404844,NonnaGullickson@hotmail.com
user0434,Morgan Welde,4618 Hughston Ave ,2064230706,MorganWelde@yahoo.com
user0435,Audre Vanvickle,8214 Central Ave SW,5416459281,AudreVanvickle@gmail.com
user0436,Dorice Zeidler,3817 May St SE,5093185242,DoriceZeidler@gmail.com
user0437,Sheilah Magill,7577 Smithers St S,4258188273,SheilahMagill@aol.com
user0438,Emmeline Reifsteck,6322 Woodstock Dr SE,5034121581,EmmelineReifsteck@hotmail.com
user0439,Virgie Abdelrahman,3807 Scurry Pl S,2061344892,VirgieAbdelrahman@outlook.com
user0440,Miof Mela Doughtie,7584 Flemming Blvd ,2539047491,Miof MelaDoughtie@gmail.com
user0441,Davine Evjen,6876 Mitchell Blvd N,5412243946,DavineEvjen@yahoo.com
user0442,Stephie Benincasa,1703 Lotta Dr ,5415263980,StephieBenincasa@outlook.com
user0443,Krystyna Cheak,8667 Garfield St ,5648924954,KrystynaCheak@icloud.com
user0444,Charin Bucheli,2480 Renton Pl SW,5649420975,CharinBucheli@hotmail.com
user0445,Danice Varakuta,2715 Diomede Ave SW,4255635576,DaniceVarakuta@hotmail.com
user0446,Ardella Gruenes,8324 Commercial Pl SE,2533609317,ArdellaGruenes@aol.com
user0447,Tedda Lawing,2877 Cedar Dr NE,5039624771,TeddaLawing@gmail.com
user0448,Ivy Craigmyle,4503 Chester St W,2533753622,IvyCraigmyle@icloud.com
user0449,Agnes Boyson,7812 Lewis Dr SE,2065609716,AgnesBoyson@hotmail.com
user0450,Katerina Walkinshaw,4531 Wilson St NW,5032560366,KaterinaWalkinshaw@outlook.com
user0451,Elbertina Rodick,3239 Dyer Dr SW,2533061310,ElbertinaRodick@gmail.com
user0452,Wilma Angeli,5364 Ridgly Way NW,5094350818,WilmaAngeli@aol.com
user0453,Astra Phuaphes,1735 Wheeling Dr E,2067775512,AstraPhuaphes@hotmail.com
user0454,Deni Fulwiler,6587 Oak St NW,5033679395,DeniFulwiler@icloud.com
user0455,Wilone Bubash,7227 Dearborn Ave ,2530792105,WiloneBubash@yahoo.com
user0456,Lira Aarsvold,8685 Victory Way SW,5640586431,LiraAarsvold@yahoo.com
user0457,Marga Winkelmann,5954 Atlantic Dr N,2533263956,MargaWinkelmann@aol.com
user0458,Karleen Fleener,4209 Kentucky Pl NE,4253776019,KarleenFleener@yahoo.com
user0459,Herta Ptaszynski,8101 Wheeling St ,5031811766,HertaPtaszynski@aol.com
user0460,Seline Morinville,3475 Orleans Pl SW,5411077173,SelineMorinville@yahoo.com
user0461,Carline Balhorn,4426 Stacey St NW,2065737000,CarlineBalhorn@yahoo.com
user0462,Alberta Hausler,8670 Galileo Way N,5645393017,AlbertaHausler@outlook.com
user0463,Madelena Rounsaville,4220 Jacobs Blvd N,5092656387,MadelenaRounsaville@icloud.com
user0464,Virginie Ezparza,2662 Gansvoort Pl S,5413017033,VirginieEzparza@yahoo.com
user0465,Lyndsey Schlette,8618 Thirty-Ninth Way SW,2531690708,LyndseySchlette@outlook.com
user0466,Davine Weich,5341 Central Ave SE,5415286677,DavineWeich@yahoo.com
user0467,Berrie Whapham,5953 Leary Pl NE,5642444594,BerrieWhapham@aol.com
user0468,Cymbre Christle,4286 Locksley Ave NE,3600862300,CymbreChristle@yahoo.com
user0469,Josy Schomburg,6101 Laura Pl ,4252367530,JosySchomburg@hotmail.com
user0470,Dedra Whitner,2074 Ithaca Pl NW,2069583386,DedraWhitner@icloud.com
user0471,Charity Treola,8299 Wilfred Blvd ,2530910293,CharityTreola@aol.com
user0472,Frannie Hatke,4905 Main Pl ,5094688866,FrannieHatke@gmail.com
user0473,Jodie Lober,3480 Canal Way SW,2065271013,JodieLober@icloud.com
user0474,Vera Symanski,5083 Emmitt Ave E,2060407469,VeraSymanski@aol.com
user0475,Berenice Janning,5372 Champa Pl W,5097405126,BereniceJanning@icloud.com
user0476,Pamella Dolores,8714 Knight St E,2535555862,PamellaDolores@icloud.com
user0477,Cora Henderickson,3711 Sterret St N,4255652632,CoraHenderickson@icloud.com
user0478,Janetta Mulvahill,3205 Harris Pl ,2539348343,JanettaMulvahill@yahoo.com
user0479,Starlene Riesen,2535 Newell Way W,5030693516,StarleneRiesen@aol.com
user0480,Gayle Gelzinis,2768 Talbot Way ,5645065660,GayleGelzinis@aol.com
user0481,Mae Pitkin,6074 Day Way NW,5093621177,MaePitkin@aol.com
user0482,Moina Vieau,5956 Adams Ave SE,5418983348,MoinaVieau@hotmail.com
user0483,Shani Stanage,3784 Galileo Dr E,5033767023,ShaniStanage@yahoo.com
user0484,Jo Ann Jent,4405 Judkins Way ,2064014924,Jo AnnJent@aol.com
user0485,Imogen Dooner,3157 Law'S Dr SE,5640556589,ImogenDooner@gmail.com
user0486,Samara Lothridge,1523 Lawrence Ave NE,2068278037,SamaraLothridge@hotmail.com
user0487,Eveline Pitner,4964 Boston St ,2536781234,EvelinePitner@gmail.com
user0488,Mair Vaux,2119 Oak Pl SW,2537832450,MairVaux@yahoo.com
user0489,Etty Ruell,6364 Bay Way ,3602114912,EttyRuell@icloud.com
user0490,Glad Brison,1918 Thirty-Eighth St N,4256557306,GladBrison@hotmail.com
user0491,Maribeth Twohey,4550 Lake Blvd N,2530120939,MaribethTwohey@yahoo.com
user0492,Keriann Bastura,1278 Marietta Ave NE,3603157783,KeriannBastura@outlook.com
user0493,Lory Seaman,6076 Avenue Ave NW,5033401862,LorySeaman@hotmail.com
user0494,Evania Feikles,8704 Howell Way SW,5648762301,EvaniaFeikles@hotmail.com
user0495,Sarene Schelle,1901 Thirty-Second Ave N,5415464337,SareneSchelle@gmail.com
user0496,Sophie Riech,7493 Davidson Dr SW,5094184376,SophieRiech@hotmail.com
user0497,Bryn Bertolini,8964 Angie Dr ,2530244930,BrynBertolini@outlook.com
user0498,Cori Obannion,1892 Grace Blvd SE,5414649532,CoriObannion@gmail.com
user0499,Malinde Burkhead,8922 Eastlake St N,5099419417,MalindeBurkhead@icloud.com
user0500,Margret Dibernardo,6566 Fir Pl NE,2533850768,MargretDibernardo@gmail.com
user0501,Darci Isch,2923 Bluff St NW,5031072282,DarciIsch@aol.com
user0502,Kanya Saverchenko,5033 Broad St NW,5644001430,KanyaSaverchenko@hotmail.com
user0503,Lethia Uballe,7049 Swim Dr ,2536613095,LethiaUballe@outlook.com
user0504,Donia Padarebones,1670 Michigan Way ,5416843229,DoniaPadarebones@hotmail.com
user0505,Tedra Bellingtier,4142 Diagonal Blvd SW,5418309903,TedraBellingtier@outlook.com
user0506,Jemmie Schlegel,2717 Irving Ave ,3603625696,JemmieSchlegel@hotmail.com
user0507,Hesther Olvedo,1181 Hall Pl S,5648913021,HestherOlvedo@outlook.com
user0508,Edwina Fuster,3368 Flemming Blvd N,5090883522,EdwinaFuster@gmail.com
user0509,Nanine Armour,5822 Eighth St ,5095582579,NanineArmour@aol.com
user0510,Alanna Smulik,4956 Fifteenth Way N,2069284615,AlannaSmulik@yahoo.com
user0511,Joane Puent,2614 Ivanhoe Way NW,5098742199,JoanePuent@hotmail.com
user0512,Eva Potthoff,6402 Kinnear Ave NE,3605043618,EvaPotthoff@icloud.com
user0513,Tandy Rosal,1556 Smithers Pl NE,2537955566,TandyRosal@hotmail.com
user0514,Andromache Dekort,7048 Ferry Ave SW,5036937713,AndromacheDekort@icloud.com
user0515,Sophey Kirschman,4963 Lingard Blvd S,5097431117,SopheyKirschman@icloud.com
user0516,Alane Waninger,6958 Lamar St ,2530347788,AlaneWaninger@outlook.com
user0517,Pierette Lawrenz,5498 Aldine St ,4250723949,PieretteLawrenz@hotmail.com
user0518,Cathy Kleck,4480 Smithers Pl SE,2536824888,CathyKleck@aol.com
user0519,Taffy Khachatoorian,2801 Banner Blvd NE,5039124804,TaffyKhachatoorian@gmail.com
user0520,Cosetta Demuth,6545 Day Dr NE,5033859854,CosettaDemuth@yahoo.com
user0521,Fredra Wohlert,6185 Talbot Dr ,2062755328,FredraWohlert@icloud.com
user0522,Estella Goodwill,7478 Green Pl E,5090015131,EstellaGoodwill@outlook.com
user0523,Petronille Meteer,3608 Madison Blvd W,2538640217,PetronilleMeteer@outlook.com
user0524,Rae Whitby,7297 Boylston Dr NE,2533771147,RaeWhitby@gmail.com
user0525,Ellen Cosio,7145 Ash Pl NW,5038222675,EllenCosio@yahoo.com
user0526,Libbi Gramer,1297 Judkins Dr NE,5647894859,LibbiGramer@yahoo.com
user0527,Imojean Schwegel,8005 Nineteenth Dr W,2539619435,ImojeanSchwegel@gmail.com
user0528,Dredi Colvert,5693 Wyckoff Dr NW,5641796725,DrediColvert@gmail.com
user0529,Sal Vasile,7609 Mulford Blvd SW,2537087450,SalVasile@gmail.com
user0530,Lynette Lindblom,8732 Grange Dr S,4259835845,LynetteLindblom@hotmail.com
user0531,Kaycee Debaecke,8885 Cushing Way SW,2534909209,KayceeDebaecke@aol.com
user0532,Meta Ramming,8448 Kentucky Way N,3607755031,MetaRamming@icloud.com
user0533,Luise Hollembaek,6832 Liberty Pl ,2061129429,LuiseHollembaek@hotmail.com
user0534,Coral Clerkley,4454 Augusta Pl SW,4259506346,CoralClerkley@aol.com
user0535,Johanna Dardenne,7688 Violet Pl W,4250196092,JohannaDardenne@gmail.com
user0536,Bernie Nieratko,5204 Emmons Or Milk Dr ,5091101690,BernieNieratko@icloud.com
user0537,Thomasine Austria,8528 Western Way N,5412860680,ThomasineAustria@hotmail.com
user0538,Anetta Vannatter,2997 Birch Dr SW,3608676216,AnettaVannatter@outlook.com
user0539,Dorrie Schryer,8890 Ray Dr NW,3600547360,DorrieSchryer@aol.com
user0540,Marjie Soran,2848 Shearbrook St SW,4259462042,MarjieSoran@aol.com
user0541,Elsinore Pitaniello,2007 Washington Way ,5642421559,ElsinorePitaniello@icloud.com
user0542,Corene Schap,2847 Tennessee St SE,2069920852,CoreneSchap@outlook.com
user0543,Jodie Ragus,8037 Cloverdale Ave NE,5416192678,JodieRagus@gmail.com
user0544,Gwyneth Merrick,6166 Cullen Pl SE,5640189136,GwynethMerrick@outlook.com
user0545,Linell Avon,2614 Ithaca Dr E,3600052460,LinellAvon@gmail.com
user0546,Leodora Ehr,6989 Russell Blvd E,3607759507,LeodoraEhr@outlook.com
user0547,Selie Hilovsky,7250 Blakely Way S,2060245981,SelieHilovsky@aol.com
user0548,Florence Campean,2574 Judkins Way ,3602653544,FlorenceCampean@aol.com
user0549,Guendolen Christoph,7338 Orleans Way NE,5031870609,GuendolenChristoph@gmail.com
user0550,Theadora Ares,4040 Armour Way W,2066396432,TheadoraAres@icloud.com
user0551,Joela Sao,5288 Chester Ave SE,2069070273,JoelaSao@gmail.com
user0552,Kristy Hagert,8486 Mitchell Blvd W,5413079584,KristyHagert@hotmail.com
user0553,Norry Balaski,5642 Sutter Blvd E,4257674143,NorryBalaski@yahoo.com
user0554,Aloisia Vertiz,3199 Orleans Way N,5099537605,AloisiaVertiz@outlook.com
user0555,Sheela Tifft,6064 Waite Ave SW,3601208152,SheelaTifft@hotmail.com
user0556,Savina Moxey,6220 Elin Ave SW,5413708821,SavinaMoxey@hotmail.com
user0557,Joanie Schachter,6549 Sutter Dr SE,4259608179,JoanieSchachter@yahoo.com
user0558,Celinda Smily,2138 Talbot Way NE,2531824198,CelindaSmily@gmail.com
user0559,Celie Macnab,1071 Lake Dr N,4259948231,CelieMacnab@aol.com
user0560,Amalia Bureau,5811 Prince Dr N,5642498141,AmaliaBureau@icloud.com
user0561,Gae Lampel,8261 South Blvd N,4255069720,GaeLampel@outlook.com
user0562,Gayla Vigier,2793 Banner Ave W,4256881801,GaylaVigier@outlook.com
user0563,Kathye Fritch,4551 Vancouver Pl SW,5414375719,KathyeFritch@outlook.com
user0564,Camilla Milich,8082 Mansion St E,2537594503,CamillaMilich@gmail.com
user0565,Morena Mcdonough,2479 Jesse Blvd SW,4255215621,MorenaMcdonough@icloud.com
user0566,Betteann Goucher,3331 Cleveland Way E,5032893603,BetteannGoucher@hotmail.com
user0567,Regan Iara,3931 Vancouver Dr W,5648951893,ReganIara@gmail.com
user0568,Florida Carnero,7862 Chelan St NW,4258230961,FloridaCarnero@gmail.com
user0569,Stormi Goldrick,4265 Marshall Ave SE,2530212608,StormiGoldrick@gmail.com
user0570,Gustie Dannatt,2848 Somerset Dr NW,5094335154,GustieDannatt@yahoo.com
user0571,Vanya Langstraat,3893 Clarence St SE,5095300564,VanyaLangstraat@aol.com
user0572,Lizzie Bubash,2185 Cove St ,5417828756,LizzieBubash@aol.com
user0573,Masha Bomberger,4696 Colima Dr ,5031835641,MashaBomberger@icloud.com
user0574,Editha Hanold,3680 Silver Pl SW,2533448981,EdithaHanold@aol.com
user0575,Giuditta Gamello,8910 Locksley Ave E,3602722082,GiudittaGamello@yahoo.com
user0576,Tracee Sumler,7443 Penn Ave W,2069122355,TraceeSumler@hotmail.com
user0577,Miguelita Neighbors,4001 Sprague Way NE,5410646922,MiguelitaNeighbors@aol.com
user0578,Florette Yeary,8836 Germaine Way E,5093793475,FloretteYeary@gmail.com
user0579,Pooh Trombly,7782 Rulon Blvd E,4258381806,PoohTrombly@outlook.com
user0580,Emilia Trower,8724 Joy Ave NW,2538998104,EmiliaTrower@hotmail.com
user0581,Reyna Hampshire,1490 Compton Blvd ,5642342175,ReynaHampshire@gmail.com
user0582,Norrie Ameen,4509 Seattle Pl ,5641317375,NorrieAmeen@icloud.com
user0583,Gertie Swingen,4334 Ash Way E,5646538079,GertieSwingen@icloud.com
user0584,Marcelia Maruyama,5713 Barrett Way NW,5418415482,MarceliaMaruyama@outlook.com
user0585,Chanda Belknap,3582 Elizabeth Ave W,2061059897,ChandaBelknap@aol.com
user0586,Dianemarie Faykosh,4027 Russell Dr S,4253349932,DianemarieFaykosh@hotmail.com
user0587,Eula Battuello,2926 Augusta Dr SE,4259958339,EulaBattuello@icloud.com
user0588,Celene Schillings,6077 Renold Way NE,5033242387,CeleneSchillings@gmail.com
user0589,Amata Paravati,1863 Marshall Way S,2532225136,AmataParavati@gmail.com
user0590,Maisie Lewandowsky,3374 Mansion Pl E,5097377940,MaisieLewandowsky@hotmail.com
user0591,Jo Ann Darrin,5265 Queets Pl W,5095814952,Jo AnnDarrin@yahoo.com
user0592,Luella Padavich,7496 Main Way N,5097023407,LuellaPadavich@aol.com
user0593,Abagail Thelen,1127 Cullen Blvd ,5037066957,AbagailThelen@hotmail.com
user0594,Miquela Broadie,6605 Pontius St SW,5095376487,MiquelaBroadie@yahoo.com
user0595,Hannis Palilla,2209 Wall Way E,5034420249,HannisPalilla@outlook.com
user0596,Philis Corona,3640 Kinnear Ave ,5037746936,PhilisCorona@aol.com
user0597,Margalit Schmeer,8339 Smith Dr E,3602327751,MargalitSchmeer@aol.com
user0598,Kirsti Konno,7439 Menlo Ave NE,5039301660,KirstiKonno@yahoo.com
user0599,Josey Bowersox,6927 Hazel Ave N,5031001844,JoseyBowersox@yahoo.com
user0600,Robyn Rye,1417 Summit Pl ,5645583716,RobynRye@gmail.com
user0601,Brigitte Breen,7567 Third Dr SE,2069076024,BrigitteBreen@icloud.com
user0602,Janela Whittle,7772 Renold Pl NW,4256970452,JanelaWhittle@yahoo.com
user0603,Lidia Schoffstall,6728 Twentieth Way N,4259678582,LidiaSchoffstall@icloud.com
user0604,Dorella Gimlin,4659 Tremont Pl NW,5034470586,DorellaGimlin@yahoo.com
user0605,Merci Mantooth,4395 Fontenelle Way N,5417027904,MerciMantooth@yahoo.com
user0606,Antoinette Bonne,1867 Temple Ave S,4256739154,AntoinetteBonne@yahoo.com
user0607,Robbin Haske,4297 Temple Dr N,5098150065,RobbinHaske@aol.com
user0608,Joan Prudom,4530 Waverley Way NW,5410323372,JoanPrudom@gmail.com
user0609,Corey Futrelle,3342 Lewis Pl SW,3608018059,CoreyFutrelle@aol.com
user0610,Giralda Kornegay,3883 Western Pl SE,5093565849,GiraldaKornegay@outlook.com
user0611,Aleda Broner,2467 Leary Blvd W,3608873591,AledaBroner@hotmail.com
user0612,Jehanna Senemounnarat,6225 Werett Pl ,4250692306,JehannaSenemounnarat@hotmail.com
user0613,Lianne Lashier,7109 Andover Pl ,2532664148,LianneLashier@hotmail.com
user0614,Quinn Herter,7466 Eleventh Ave ,4250968635,QuinnHerter@hotmail.com
user0615,Sabra Gude,4391 Pine Blvd ,5646707406,SabraGude@yahoo.com
user0616,Jerrylee Hintson,6172 Harrison Dr ,2531866717,JerryleeHintson@outlook.com
user0617,Fifi Schellman,6005 Nob Hill Pl SE,5646328448,FifiSchellman@icloud.com
user0618,Tiffi Kupihea,7962 Prince Ave SE,2539559032,TiffiKupihea@aol.com
user0619,Lyndsie Waters,5810 Preston Pl SE,5031276663,LyndsieWaters@hotmail.com
user0620,Sandye Summons,2201 Fifteenth Way ,5649065424,SandyeSummons@yahoo.com
user0621,Jacqui Dluhy,1566 Brook Blvd SW,2069607756,JacquiDluhy@yahoo.com
user0622,Jenni Visnic,5901 Ridgly Way ,5098333718,JenniVisnic@gmail.com
user0623,Milly Collier,2274 Willard Dr NW,5093480004,MillyCollier@hotmail.com
user0624,Sherye Bruner,5018 Barclay St ,5647644941,SheryeBruner@icloud.com
user0625,Chrissie Lamoureaux,3288 Lake Dr ,3606458700,ChrissieLamoureaux@outlook.com
user0626,Lura Barcenas,5468 William Dr E,5640279558,LuraBarcenas@hotmail.com
user0627,Jacklin Manwarren,2449 Brunswick Way SE,2536203525,JacklinManwarren@aol.com
user0628,Minerva Berube,1627 Brunswick Pl SW,3601947497,MinervaBerube@outlook.com
user0629,Helaina Womack,7511 Taylor Dr SW,5413675961,HelainaWomack@gmail.com
user0630,Jacenta Fatone,4985 Mclellan Dr ,2534573440,JacentaFatone@hotmail.com
user0631,Shani Glausier,4384 Mitchell Pl W,5031195107,ShaniGlausier@icloud.com
user0632,Midge Rundle,3492 Erie Pl SE,4259480942,MidgeRundle@icloud.com
user0633,Dyanne Ratigan,2353 Valley Way ,4252537870,DyanneRatigan@gmail.com
user0634,Judie Constanza,3200 Twentieth Blvd S,2063136860,JudieConstanza@icloud.com
user0635,Elfreda Bramasco,7997 Hanford Pl E,4259855875,ElfredaBramasco@gmail.com
user0636,Cassey Peredo,3525 Division Way W,5411453645,CasseyPeredo@hotmail.com
user0637,Abra Pollet,7377 Wadsworth Way SW,4252190794,AbraPollet@outlook.com
user0638,Shaina Lindwall,5923 Woodstock Pl S,5647285705,ShainaLindwall@outlook.com
user0639,Janenna Whack,7472 Garfield St ,5410792546,JanennaWhack@outlook.com
user0640,Stafani Rautenstrauch,8180 Templar Dr NE,5642455214,StafaniRautenstrauch@outlook.com
user0641,Roxine Dursteler,2392 Elin St N,5036549936,RoxineDursteler@aol.com
user0642,Millicent Riggles,3192 Preston Way W,5416970327,MillicentRiggles@yahoo.com
user0643,Aleda Seykora,2831 Occidental Ave NW,5644583193,AledaSeykora@gmail.com
user0644,Gennie Neun,4628 Twenty-First St ,5416495149,GennieNeun@gmail.com
user0645,Amelina Mcgonigal,7441 Forty-Second Dr SE,5030312924,AmelinaMcgonigal@outlook.com
user0646,Cammie Mccully,4225 Boren Ave E,5646153974,CammieMccully@aol.com
user0647,Martina Mcrea,5307 Somerset St ,2065657413,MartinaMcrea@outlook.com
user0648,Christina Defir,8695 Third Blvd SE,5093348113,ChristinaDefir@gmail.com
user0649,Mireille Simmoms,7304 Boren St N,3609510256,MireilleSimmoms@yahoo.com
user0650,Carlee Hendel,2833 Chelan Ave SE,4256275441,CarleeHendel@aol.com
user0651,Nani Aluise,5558 Twenty-Sixth Ave NW,5036962466,NaniAluise@outlook.com
user0652,Denise Muell,6033 Swim Blvd ,4251831453,DeniseMuell@gmail.com
user0653,Selle Galardo,8271 Norman Pl SE,4256590356,SelleGalardo@aol.com
user0654,Britni Dichiaro,3807 Oregon Dr N,5640817112,BritniDichiaro@aol.com
user0655,Carolyne Doran,7234 Galileo Blvd W,5038871277,CarolyneDoran@outlook.com
user0656,Demeter Griesinger,1504 Blaine Dr N,2061487916,DemeterGriesinger@gmail.com
user0657,Elena Haramoto,4653 Wirth Way SW,2538090468,ElenaHaramoto@aol.com
user0658,Mathilda Saale,4222 Woodstock St SE,4259758429,MathildaSaale@gmail.com
user0659,Gisela Mckeon,6071 Twenty-Third Way SW,5094663401,GiselaMckeon@icloud.com
user0660,Winny Beeckman,8686 Washington Blvd SW,3600692796,WinnyBeeckman@icloud.com
user0661,Wrennie Laurange,5756 Prince William St W,5646286627,WrennieLaurange@icloud.com
user0662,Celeste Schoggen,8784 Thirty-Third Dr SE,2535266581,CelesteSchoggen@gmail.com
user0663,Renie Ocasio,5303 Russell St W,4251049373,RenieOcasio@icloud.com
user0664,Cal Coult,3313 Pontius Blvd N,5033922025,CalCoult@yahoo.com
user0665,Bev Mearse,5867 Randolph Way ,5038815203,BevMearse@gmail.com
user0666,Tara Sheeler,8782 Longfellow Way ,5095386609,TaraSheeler@icloud.com
user0667,Eloise Golumski,6941 Oriental Ave E,4257794010,EloiseGolumski@outlook.com
user0668,Belinda Ciliento,6864 Spruce Way SW,5037282372,BelindaCiliento@icloud.com
user0669,Kathi Spiva,7159 Kinnear Dr SE,5645712084,KathiSpiva@icloud.com
user0670,Helene Sim,8810 Diomede Ave N,2064639396,HeleneSim@gmail.com
user0671,Lenna Handcock,6542 Columbia Dr SW,5037572126,LennaHandcock@outlook.com
user0672,Kathye Taube,6741 Seventeenth Ave SE,5417599145,KathyeTaube@aol.com
user0673,Lurlene Chavera,1470 Beacon Blvd NE,5095536889,LurleneChavera@yahoo.com
user0674,Karla Brush,8225 Smiths Pl SE,5644199635,KarlaBrush@hotmail.com
user0675,Hazel Kroetch,3441 Quinault Dr SE,3607458148,HazelKroetch@gmail.com
user0676,Shanta Glad,5330 Beach Way NE,5641870900,ShantaGlad@yahoo.com
user0677,Valma Kandel,1849 Hill Dr ,5039467553,ValmaKandel@aol.com
user0678,Cybill Waldal,7204 Amy Way NE,2066743680,CybillWaldal@hotmail.com
user0679,Milly Hovermale,6605 Montana Blvd NW,3603107520,MillyHovermale@gmail.com
user0680,Debee Glende,2266 Woodland Ave W,2539185468,DebeeGlende@icloud.com
user0681,Wenonah Zumwalt,2434 Knight St ,4250352929,WenonahZumwalt@yahoo.com
user0682,Starlene Din,1602 Hyde Ave NW,3609238883,StarleneDin@gmail.com
user0683,Stormi Eller,1854 Olympic Ave N,5649554763,StormiEller@outlook.com
user0684,Vida Risinger,2102 Alhambra Pl SE,5417901576,VidaRisinger@icloud.com
user0685,Nora Josias,6702 Compton Dr SE,5644833031,NoraJosias@icloud.com
user0686,Hattie Herbster,4191 Diagonal Pl S,2532654580,HattieHerbster@icloud.com
user0687,Ertha Sedy,2942 Jefferson Ave E,2536719927,ErthaSedy@outlook.com
user0688,Marji Josey,1309 Olympic Blvd N,2067242216,MarjiJosey@gmail.com
user0689,Irina Guarisco,2472 Nineteenth Pl SE,4256278901,IrinaGuarisco@yahoo.com
user0690,Eveline Ellinghuysen,5297 Galileo St W,4259787704,EvelineEllinghuysen@hotmail.com
user0691,Isabelita Ermogemous,1113 Waterton Dr E,5092232627,IsabelitaErmogemous@gmail.com
user0692,Jinny Santti,6686 Johnston Pl SW,4255610277,JinnySantti@gmail.com
user0693,Odelia Hedges,7688 Walla Walla Blvd NE,5039210235,OdeliaHedges@icloud.com
user0694,Marrissa Chavira,7662 Alvah Blvd W,5641362041,MarrissaChavira@hotmail.com
user0695,Melony Angert,8393 Cooke St SE,5090102761,MelonyAngert@yahoo.com
user0696,Felisha Mcleroy,6637 Phelps Blvd ,5641980729,FelishaMcleroy@outlook.com
user0697,Viki Sallmen,3122 Belmont Way E,5647893724,VikiSallmen@aol.com
user0698,Aleen Miene,6616 Benjamin Blvd W,4254380317,AleenMiene@hotmail.com
user0699,Verena Keshishyan,2004 Brunswick St ,2063328511,VerenaKeshishyan@yahoo.com
user0700,Caro Omundson,5973 Villard Pl NW,4259371292,CaroOmundson@icloud.com
user0701,Willy Hinojos,2999 Harvard Pl SE,5033183082,WillyHinojos@yahoo.com
user0702,Erin Canizares,3712 Vancouver Pl ,3605708313,ErinCanizares@gmail.com
user0703,Marilyn Blechman,4515 Lake Union Pl E,4252733474,MarilynBlechman@icloud.com
user0704,Goldy Krogstad,6605 Pike Blvd ,5649185093,GoldyKrogstad@gmail.com
user0705,Stella Vanmarter,2306 Laura Pl S,5035105898,StellaVanmarter@yahoo.com
user0706,Merlina Greer,1565 Cooke Dr NW,2535248860,MerlinaGreer@gmail.com
user0707,Lanae Ura,8072 Belmont Dr ,2533959099,LanaeUra@gmail.com
user0708,Olivie Hintze,4705 Pearl Way NE,2069663654,OlivieHintze@gmail.com
user0709,Anabel Pickell,4978 Orleans Way ,5645750651,AnabelPickell@hotmail.com
user0710,Olga Hardinson,2255 Brunswick Pl E,5099793351,OlgaHardinson@hotmail.com
user0711,Daffie Neidiger,2794 Quentin Blvd S,2064366246,DaffieNeidiger@icloud.com
user0712,Cosetta Violetta,2785 Fairview Way W,3606175690,CosettaVioletta@outlook.com
user0713,Chantalle Carin,6742 Shearbrook Blvd NW,5094315896,ChantalleCarin@gmail.com
user0714,Marney Kon,7426 Duke Ave N,5643090999,MarneyKon@icloud.com
user0715,Tomi Leis,2402 Summit Way NE,5646573308,TomiLeis@outlook.com
user0716,Chiquita Misik,6890 Joy St SE,2536621928,ChiquitaMisik@hotmail.com
user0717,Dorthea Douds,4626 Thirty-Eighth Dr E,4256882543,DortheaDouds@aol.com
user0718,Junette Aprill,4392 Sprague Dr E,5645718285,JunetteAprill@icloud.com
user0719,Holly Deodato,7467 Carrie Way E,5094754385,HollyDeodato@hotmail.com
user0720,Arabella Belcher,7284 Government Dr E,2539204696,ArabellaBelcher@hotmail.com
user0721,Clary Tyrus,2385 Mclane St SE,5411562306,ClaryTyrus@icloud.com
user0722,Cam Villalva,1572 Elder Pl SW,5093768123,CamVillalva@hotmail.com
user0723,Shoshanna Voedisch,4658 Andover Blvd ,2537612800,ShoshannaVoedisch@yahoo.com
user0724,Tildie Paltanavage,2534 Frank Pl NE,4258704539,TildiePaltanavage@aol.com
user0725,Claudie Coran,7458 Alder Way NE,3605175174,ClaudieCoran@icloud.com
user0726,Ermentrude Roehrenbeck,3856 Hall Ave NW,5413425424,ErmentrudeRoehrenbeck@hotmail.com
user0727,Katee Schmid,4641 Drexel Way SW,2530619579,KateeSchmid@icloud.com
user0728,Joella Cruson,6528 Cooke Way SW,4255912318,JoellaCruson@icloud.com
user0729,Marylinda Breznak,2035 Stacey Pl ,5419689755,MarylindaBreznak@yahoo.com
user0730,Kaila Cizek,8151 Proctor St E,2067587404,KailaCizek@icloud.com
user0731,Irina Keep,2396 Frederick St SW,5647596328,IrinaKeep@aol.com
user0732,Clemmie Kantah,3415 Elin Pl E,5413566568,ClemmieKantah@gmail.com
user0733,Jo-Anne Viramontas,8091 Mcclellan Ave W,4253773719,Jo-AnneViramontas@icloud.com
user0734,Vevay Vanguilder,7103 Winthrop St SW,3607251539,VevayVanguilder@icloud.com
user0735,Drucie Larock,5466 Idaho Ave SW,5646574704,DrucieLarock@icloud.com
user0736,Delia Coskrey,5694 Elizabeth St N,5415953672,DeliaCoskrey@outlook.com
user0737,Henrie Miland,5991 Dearborn St SW,5099723951,HenrieMiland@icloud.com
user0738,Nyssa Whitefield,4816 Mcgill Blvd NE,2062399716,NyssaWhitefield@gmail.com
user0739,Laureen Mcgeachy,5948 Eighth Way NW,5411185307,LaureenMcgeachy@outlook.com
user0740,Janith Pender,6680 Marietta Pl NE,5035640394,JanithPender@hotmail.com
user0741,Deidre Ravenhorst,6223 Benjamin Blvd S,4254683327,DeidreRavenhorst@outlook.com
user0742,Daffie Bagdasarian,3318 Chicago Pl NW,5641315924,DaffieBagdasarian@hotmail.com
user0743,Carlota Baucum,3603 Wilford Way NE,5099623738,CarlotaBaucum@hotmail.com
user0744,Constancy Turinetti,4922 Yakima Way W,5649756590,ConstancyTurinetti@aol.com
user0745,Merola Bobzien,5544 Stanton Blvd N,5644320052,MerolaBobzien@icloud.com
user0746,Rebecka Andreas,4033 St. Lawrence Dr SE,2534774951,RebeckaAndreas@outlook.com
user0747,Claudetta Bennie,1907 Forest Pl SE,5412938561,ClaudettaBennie@icloud.com
user0748,Faustine Tuning,1249 Natches Way W,5418301053,FaustineTuning@aol.com
user0749,Jacquenetta Fredrickson,3829 Bradford Dr ,4256157877,JacquenettaFredrickson@aol.com
user0750,Sherye Rarang,1727 Cove Blvd NE,5094231359,SheryeRarang@outlook.com
user0751,Julia Manieri,4542 Jesse St ,5646826721,JuliaManieri@aol.com
user0752,Sybila Hluska,5222 Broad Dr SE,5039334856,SybilaHluska@yahoo.com
user0753,Mareah Deonarian,7443 Lewis St NW,5413081065,MareahDeonarian@hotmail.com
user0754,Rora Jurich,5394 Ithaca Dr N,5649080010,RoraJurich@icloud.com
user0755,Amargo Soscia,2282 Fairview St NW,5641741376,AmargoSoscia@hotmail.com
user0756,Arden Friedman,8723 Davis Pl E,4251136391,ArdenFriedman@outlook.com
user0757,Taryn Torrell,1765 Modjeska St E,5643793155,TarynTorrell@hotmail.com
user0758,Roseanne Rauch,8883 Bayview Way NW,2064498237,RoseanneRauch@gmail.com
user0759,Sarah Obi,4842 Bay Blvd E,5098914318,SarahObi@gmail.com
user0760,Collette Leef,5907 Mitchell Pl SW,4252105121,ColletteLeef@icloud.com
user0761,Franni Roeker,4124 Jesse Dr S,5644127242,FranniRoeker@outlook.com
user0762,Mimi Bureau,8931 Willard Blvd ,5030962909,MimiBureau@outlook.com
user0763,Hinda Mega,7716 Orange Ave ,2539754354,HindaMega@gmail.com
user0764,Mara Hellenbrand,7892 Twenty-Sixth Blvd SE,5647752953,MaraHellenbrand@outlook.com
user0765,Zilvia Allensworth,1113 Alhambra St NE,2533053586,ZilviaAllensworth@aol.com
user0766,Sheba Eighmey,2509 Nob Hill Dr N,5033562720,ShebaEighmey@yahoo.com
user0767,Alyss Birge,5778 Wilfred St NW,5643478787,AlyssBirge@aol.com
user0768,Consuela Holguin,8514 Brook Blvd NE,5411769382,ConsuelaHolguin@icloud.com
user0769,Dyanne Kjellman,3141 Bancroft Ave SE,5647416844,DyanneKjellman@aol.com
user0770,Gabey Kos,3552 Rainier Ave N,3604331283,GabeyKos@hotmail.com
user0771,Alix Presnall,1182 Government Pl NW,5091054814,AlixPresnall@gmail.com
user0772,Keely Bachelor,1046 Adams St SW,5646020064,KeelyBachelor@hotmail.com
user0773,Zelda Petruso,4858 Eighth St W,3605807185,ZeldaPetruso@aol.com
user0774,Julienne Reichelderfer,1105 Avenue Way S,2539924659,JulienneReichelderfer@hotmail.com
user0775,Ashly Jeanclaude,8263 Bloomfield Dr W,5412913375,AshlyJeanclaude@yahoo.com
user0776,Taffy Wenrich,5871 Prince William St N,3609885549,TaffyWenrich@icloud.com
user0777,Nana Davensizer,2150 Mccord Blvd SE,3608955371,NanaDavensizer@gmail.com
user0778,Janet Marum,2796 Hall St SW,4250406231,JanetMarum@gmail.com
user0779,Chlo Keeman,7622 Cherry Blvd NE,2067116334,ChloKeeman@hotmail.com
user0780,Cyndie Rolf,8168 Thomas Pl W,5419676280,CyndieRolf@icloud.com
user0781,Bonnie Lachino,4630 Forest Dr NE,3603232952,BonnieLachino@aol.com
user0782,Twila Bonds,6383 Lotta Pl SW,5644463277,TwilaBonds@icloud.com
user0783,Philippe Blazosky,6852 Sheafe Dr N,2068763402,PhilippeBlazosky@icloud.com
user0784,Dodie Chastine,1017 Terry St ,5646928819,DodieChastine@icloud.com
user0785,Ora Clampitt,8644 Spring Ave NW,4259507717,OraClampitt@yahoo.com
user0786,Charissa Perrill,1990 Bayview Ave S,5642854449,CharissaPerrill@aol.com
user0787,Mari Caddell,5299 Depot St NW,2534089335,MariCaddell@gmail.com
user0788,Fredrika Wosick,5661 High Pl W,5417835239,FredrikaWosick@outlook.com
user0789,Barbette Appelt,5177 Sansome Dr ,2063414515,BarbetteAppelt@yahoo.com
user0790,Zelda Artalejo,3668 Bradford Way W,5033476738,ZeldaArtalejo@icloud.com
user0791,Libbie Occhipinti,5613 Sherman Way E,5414373376,LibbieOcchipinti@hotmail.com
user0792,Ophelie Eitnier,1843 White Way N,3600922063,OphelieEitnier@icloud.com
user0793,Carmella Declouette,1000 Day Ave NW,3604706951,CarmellaDeclouette@hotmail.com
user0794,Margarete Szerlong,3808 Aloha Pl ,2538904774,MargareteSzerlong@yahoo.com
user0795,Malissa Behrens,5225 Madison Ave ,4251341538,MalissaBehrens@yahoo.com
user0796,Georgeta Ringo,8913 Front Ave SW,5096694083,GeorgetaRingo@yahoo.com
user0797,Nanny Irion,2383 Western Pl W,5039166470,NannyIrion@outlook.com
user0798,Rafaela Tangert,7456 Wyckoff Dr NE,2066702800,RafaelaTangert@icloud.com
user0799,Nerta Ofarrell,6869 Lingard St W,5039535521,NertaOfarrell@hotmail.com
user0800,Wallie Capels,7242 Havens Pl E,2531265536,WallieCapels@gmail.com
user0801,Kiersten Medbery,3950 Clarence Dr S,2539142728,KierstenMedbery@outlook.com
user0802,Shanon Cheong,3779 View Dr SE,5640537385,ShanonCheong@hotmail.com
user0803,Frederique Holzhauer,1190 Idaho Pl NE,5645307996,FrederiqueHolzhauer@gmail.com
user0804,Debera Hecht,5905 Grange Blvd E,5645489876,DeberaHecht@aol.com
user0805,Michaeline Kerstetter,4494 Massillon St W,2061596147,MichaelineKerstetter@outlook.com
user0806,Tabbatha Bekerman,8605 Tenth Pl NE,4257094155,TabbathaBekerman@aol.com
user0807,Francine Winegarden,6680 Remington Way S,2536986236,FrancineWinegarden@hotmail.com
user0808,Beverly Fevold,2673 Ivanhoe Pl NE,5410637262,BeverlyFevold@gmail.com
user0809,Dotty Korona,1932 Bellevue Dr SE,5035290148,DottyKorona@yahoo.com
user0810,Farra Burnell,1842 Mercer Blvd E,5419708801,FarraBurnell@hotmail.com
user0811,Terrye Garelick,2684 Twenty-Third Way W,3600749180,TerryeGarelick@gmail.com
user0812,Carmelle Dudenhoeffer,5333 Bradford Dr N,2538948520,CarmelleDudenhoeffer@aol.com
user0813,Flor Koszyk,6950 Town Way E,5412513381,FlorKoszyk@yahoo.com
user0814,Kaylee Wrinn,2895 Armour Pl ,5410189641,KayleeWrinn@gmail.com
user0815,Kirsteni Gaskell,3912 Benjamin Blvd W,2534680777,KirsteniGaskell@hotmail.com
user0816,Heidie Munzer,1516 Olympia Blvd NE,5413489769,HeidieMunzer@gmail.com
user0817,Idalina Kalas,4723 Willow Way S,5034965012,IdalinaKalas@icloud.com
user0818,Nancy Centano,2351 Augusta Ave SW,2532770699,NancyCentano@outlook.com
user0819,Almeria Medal,4215 Cooke Blvd ,5039805692,AlmeriaMedal@aol.com
user0820,Merilee Catalano,4690 Temple Pl E,5411241510,MerileeCatalano@icloud.com
user0821,Morgen Springman,1064 Jessie Pl SW,4250091006,MorgenSpringman@gmail.com
user0822,Chelsae Nap,4933 Stevens Way S,3604065802,ChelsaeNap@outlook.com
user0823,Uta Dermo,3579 Mcclellan Blvd W,5645588220,UtaDermo@outlook.com
user0824,Ruthi Fordham,1792 Forty-First Way E,3608308292,RuthiFordham@aol.com
user0825,Noni Palowoda,7876 Bowman Ave ,5640470526,NoniPalowoda@gmail.com
user0826,Corliss Comeauy,1086 Mitchell Blvd W,5643405047,CorlissComeauy@aol.com
user0827,Stevena Hammers,7088 Lander Dr SE,2069488313,StevenaHammers@hotmail.com
user0828,Riva Prochak,7477 Tremont Dr NW,3604349426,RivaProchak@icloud.com
user0829,Anthea Rocha,8117 Villie Way SE,2060297847,AntheaRocha@outlook.com
user0830,Maryrose Broce,2872 Hayes Blvd NW,5412821114,MaryroseBroce@hotmail.com
user0831,Shina Bartsch,8307 Locksley Ave SE,5037643560,ShinaBartsch@yahoo.com
user0832,Benedicta Gatson,6522 Villie Pl W,3606764948,BenedictaGatson@hotmail.com
user0833,Daveen Norrid,1551 Colima Dr E,5034839698,DaveenNorrid@icloud.com
user0834,Prue Dirago,2306 Alva Dr NE,2536675943,PrueDirago@hotmail.com
user0835,Eugenia Woolson,2142 Seventh Ave E,4259779952,EugeniaWoolson@aol.com
user0836,Arluene Bava,1840 Quilcene Pl N,4250897229,ArlueneBava@yahoo.com
user0837,Teena Acre,1161 Day Dr E,5413317743,TeenaAcre@yahoo.com
user0838,Colene Cuther,2016 Cherry Blvd ,5098796592,ColeneCuther@gmail.com
user0839,Adela Feulner,6941 Depot Way ,5649835875,AdelaFeulner@hotmail.com
user0840,Sibeal Markou,6628 Bancroft Way S,2062648084,SibealMarkou@aol.com
user0841,Gratia Cephus,1105 Dyer Way E,3607424761,GratiaCephus@aol.com
user0842,Linnell Dellasciucca,6177 Leary Ave E,5095525282,LinnellDellasciucca@yahoo.com
user0843,Tabbatha Dear,8916 George Pl NE,5415624957,TabbathaDear@icloud.com
user0844,Min Swiger,1728 Forty-Second Dr SW,3607823388,MinSwiger@yahoo.com
user0845,Kamila Roton,3822 Thirty-Seventh Dr W,5096161569,KamilaRoton@aol.com
user0846,Doralia Hingle,1042 Twelfth Pl E,2066819396,DoraliaHingle@hotmail.com
user0847,Dolores Holzerland,8779 Valley Way NE,5094713958,DoloresHolzerland@gmail.com
user0848,Latia Eno,1068 Ingersoll Pl W,5097469445,LatiaEno@hotmail.com
user0849,Cherey Flannery,4833 Oakley Ave SW,4252818128,ChereyFlannery@outlook.com
user0850,Mella Gansburg,5723 Williamson Ave NW,3600360930,MellaGansburg@yahoo.com
user0851,Randa Kjar,5494 Andover St NE,5644416352,RandaKjar@gmail.com
user0852,Alicia Larriviere,1314 Bradley Pl S,3604472365,AliciaLarriviere@aol.com
user0853,Tory Casuscelli,7084 Depot Pl NE,5416467914,ToryCasuscelli@icloud.com
user0854,Sharon Abetrani,5666 Jefferson St N,5417345056,SharonAbetrani@aol.com
user0855,Hettie Antonich,7492 Harris Dr ,5411271143,HettieAntonich@hotmail.com
user0856,Nora Sotlar,5453 Liberty Blvd ,2533366360,NoraSotlar@icloud.com
user0857,Roshelle Malanga,2298 Cullen St E,4251312042,RoshelleMalanga@icloud.com
user0858,Izabel Metty,2191 William Dr E,5030478587,IzabelMetty@outlook.com
user0859,Goldia Marra,8186 Northrup Ave N,2537900803,GoldiaMarra@aol.com
user0860,Ricki Stackhouse,3624 Bayview St SW,5092714876,RickiStackhouse@hotmail.com
user0861,Elyssa Profitt,7897 Bismark Blvd N,5035172252,ElyssaProfitt@outlook.com
user0862,Ada Cardera,6921 Waite Way S,5033153398,AdaCardera@yahoo.com
user0863,Mehetabel Carnillo,6412 Jesse Blvd ,3603042771,MehetabelCarnillo@yahoo.com
user0864,Francyne Pidro,5549 Blakely Dr W,5649130484,FrancynePidro@hotmail.com
user0865,Ardyce Trautner,1700 Helen St E,5645177702,ArdyceTrautner@outlook.com
user0866,Bobbette Glenna,7514 Cove Blvd E,5039221541,BobbetteGlenna@aol.com
user0867,Katy Baiotto,8707 Rochester Ave SW,5039893057,KatyBaiotto@hotmail.com
user0868,Linnie Aubry,3029 Villie Dr E,5099011754,LinnieAubry@outlook.com
user0869,Meridith Stathos,8750 Twenty-Seventh Way ,2539008662,MeridithStathos@aol.com
user0870,Harrietta Arakawa,2804 Smith Ave ,2063135424,HarriettaArakawa@hotmail.com
user0871,Vivien Sowden,8826 Harrison Way SW,4251490714,VivienSowden@yahoo.com
user0872,Albina Akhavan,7890 Mccord Dr W,2066142481,AlbinaAkhavan@gmail.com
user0873,Ursala Weinger,6769 Manitoba Dr SW,3607214247,UrsalaWeinger@icloud.com
user0874,Juana Hitchings,4020 Bowman Dr SW,2539300704,JuanaHitchings@yahoo.com
user0875,Goldina Feingold,2508 Broad St SW,5640108913,GoldinaFeingold@hotmail.com
user0876,Sianna Giangrosso,6207 Westlake Blvd ,5092554662,SiannaGiangrosso@hotmail.com
user0877,Jillane Gibes,3386 John Way NW,2062995862,JillaneGibes@yahoo.com
user0878,Ivory Goralski,6755 Amy Dr N,5090845686,IvoryGoralski@hotmail.com
user0879,Betsy Szerlong,4750 Indigo Way NE,5417957419,BetsySzerlong@icloud.com
user0880,Anselma Wayman,5739 Dyer Way W,4250976591,AnselmaWayman@yahoo.com
user0881,Estella Kimberley,4019 Nob Hill Way NW,2067507706,EstellaKimberley@icloud.com
user0882,Wynnie Cons,2639 Knight Pl SW,5099284414,WynnieCons@gmail.com
user0883,Lena Angerman,4777 Colima Way ,2061674261,LenaAngerman@icloud.com
user0884,Ryann Bailly,6004 Third Pl N,2061262804,RyannBailly@yahoo.com
user0885,Sofie Dininger,2610 Payne Dr ,5092237209,SofieDininger@hotmail.com
user0886,Tally Stingley,5965 Broadway St E,3602502669,TallyStingley@icloud.com
user0887,Livvyy Surano,8997 Allee Blvd S,5644538743,LivvyySurano@hotmail.com
user0888,Ursa Knapchuck,7952 Twentieth Dr ,2536746897,UrsaKnapchuck@aol.com
user0889,Bette Wieseman,2882 Dearborn Pl W,4251793396,BetteWieseman@hotmail.com
user0890,Lucilia Bradon,8235 Chestnut Ave NE,5098107888,LuciliaBradon@gmail.com
user0891,Viole Lawn,2487 Manitoba Ave SE,5097347659,VioleLawn@yahoo.com
user0892,Nona Schabes,4089 Dexter Ave S,4258217208,NonaSchabes@gmail.com
user0893,Kimberli Schwoerer,4211 Woodland Ave SW,2539991113,KimberliSchwoerer@icloud.com
user0894,Fionnula Rumore,1631 Wall Pl E,5649719243,FionnulaRumore@aol.com
user0895,Kimmi Labita,8913 Scott Dr NW,2065729845,KimmiLabita@aol.com
user0896,Rica Gerth,6565 Emmons Or Milk Ave NW,2069426462,RicaGerth@hotmail.com
user0897,Kristen Orellana,4976 Park Blvd ,2536675167,KristenOrellana@hotmail.com
user0898,Una Quinzi,8063 Marshall Dr W,2064252503,UnaQuinzi@gmail.com
user0899,Nat Boin,7461 Chestnut Blvd SW,3606617628,NatBoin@yahoo.com
user0900,Laurie Keaten,1794 Nelson Pl SE,4257499518,LaurieKeaten@outlook.com
user0901,Simona Edem,6002 Amy St ,5645295541,SimonaEdem@icloud.com
user0902,Glori Doak,1034 Tennyson St S,5416675051,GloriDoak@gmail.com
user0903,Minne Rickards,2398 Bulwer Ave S,5093487690,MinneRickards@aol.com
user0904,Marget South,5230 Monroe St ,2063329938,MargetSouth@hotmail.com
user0905,Aprilette Maenhout,1277 Eleventh Pl S,5641574945,ApriletteMaenhout@yahoo.com
user0906,Ronnie Krofft,3395 Ward St SE,5033183824,RonnieKrofft@aol.com
user0907,Sarena Rezek,6220 Snoqualmie Blvd N,5036928134,SarenaRezek@aol.com
user0908,Linnea Nwankwo,3087 Willow Ave E,5414057083,LinneaNwankwo@yahoo.com
user0909,Idelle Wayns,8995 Quilcene St S,5092531688,IdelleWayns@aol.com
user0910,Koral Renze,1837 De Forest Pl E,2068200325,KoralRenze@yahoo.com
user0911,Elbertina Turnmyre,5352 Dexter Blvd S,5033307956,ElbertinaTurnmyre@yahoo.com
user0912,Lexine Bainey,4965 Davis Blvd NE,5093297411,LexineBainey@outlook.com
user0913,Karyl Homchick,4203 Birmingham Dr ,5098490916,KarylHomchick@aol.com
user0914,Cecilia Neglio,3769 Marshall Blvd W,5036733761,CeciliaNeglio@yahoo.com
user0915,Katuscha Zwanzig,7013 Thirty-Eighth Way SW,5033679197,KatuschaZwanzig@icloud.com
user0916,Jena Rothery,8182 Sherbrook Pl W,5646759104,JenaRothery@gmail.com
user0917,Natassia Tepper,1013 Lotta St ,3603891570,NatassiaTepper@gmail.com
user0918,Florenza Delphia,8576 Remington Dr ,5092082058,FlorenzaDelphia@yahoo.com
user0919,Mindy Erven,8751 Kentucky Ave NW,5646734223,MindyErven@hotmail.com
user0920,Britney Ibara,3758 Jesse Ave W,4258456046,BritneyIbara@aol.com
user0921,Lainey Poette,6240 Pearl Way NE,2063006178,LaineyPoette@yahoo.com
user0922,Nicolea Simuel,5697 First St NW,5648032754,NicoleaSimuel@yahoo.com
user0923,Barbe Napoleon,8900 Flemming Blvd ,5092763001,BarbeNapoleon@aol.com
user0924,Myra Lungren,6001 Phelps Blvd SE,2061326626,MyraLungren@icloud.com
user0925,Dorelle Steitzer,5939 Fifth Pl SE,2060960377,DorelleSteitzer@outlook.com
user0926,Blisse Frasher,3396 Everett Dr NE,5412546089,BlisseFrasher@outlook.com
user0927,Lenette Corujo,7389 Lawrence St ,4252007065,LenetteCorujo@yahoo.com
user0928,Lonni Gradillas,7312 Renton Dr N,5648996481,LonniGradillas@aol.com
user0929,Rosaline Coburn,7228 Lingard Dr S,2532022298,RosalineCoburn@outlook.com
user0930,Terrye Harman,6090 Davis Ave W,5090240422,TerryeHarman@icloud.com
user0931,Helen-Elizabeth Molino,2281 Payne Way S,2539103436,Helen-ElizabethMolino@outlook.com
user0932,Orsa Tero,7353 Remington St NE,4256864129,OrsaTero@gmail.com
user0933,Roseann Ligman,7024 Ray Ave NW,5648356775,RoseannLigman@hotmail.com
user0934,Odessa Niedermeyer,6294 Lake Washington Pl S,5649006829,OdessaNiedermeyer@hotmail.com
user0935,Theo Skupski,4340 Market Pl ,2061501248,TheoSkupski@yahoo.com
user0936,Rory Montembeau,8933 Lake Blvd SE,5414071799,RoryMontembeau@outlook.com
user0937,Juieta Vanecek,6738 Poplar St W,3607462930,JuietaVanecek@yahoo.com
user0938,Karon Thurner,3281 Bancroft Blvd S,5098833782,KaronThurner@outlook.com
user0939,Brunhilde Bethurem,5234 Chelan Dr E,2537564865,BrunhildeBethurem@outlook.com
user0940,Ginevra Hensle,2913 Marion Way W,2538365953,GinevraHensle@gmail.com
user0941,Brittaney Satter,3916 Wilford Blvd NW,5644528368,BrittaneySatter@outlook.com
user0942,Reeba Defee,8564 Box Ave W,3608486292,ReebaDefee@yahoo.com
user0943,Nissa Jeswald,7998 Bloomfield Blvd E,5649231831,NissaJeswald@gmail.com
user0944,Guendolen Woolum,6792 Windon Pl W,2066520519,GuendolenWoolum@outlook.com
user0945,Noellyn Legel,3032 Aloha Blvd NW,2539654093,NoellynLegel@yahoo.com
user0946,Kalila Banco,3275 Orange Pl ,5034098154,KalilaBanco@yahoo.com
user0947,Mersey Girst,2887 Champa Way N,5036349578,MerseyGirst@hotmail.com
user0948,Adiana Terrel,6617 Cooke Dr W,5647204522,AdianaTerrel@icloud.com
user0949,Charmaine Tulis,1833 Chelan Dr N,5090174806,CharmaineTulis@outlook.com
user0950,Doll Lavoy,2851 Crawford Ave S,5035148874,DollLavoy@aol.com
user0951,Corella Cortright,3861 Leary Dr ,5099425080,CorellaCortright@hotmail.com
user0952,Dannie Pardall,1264 Catherine Pl N,2063166351,DanniePardall@icloud.com
user0953,Margalo Nemerofsky,7198 Cushing Dr S,2533019526,MargaloNemerofsky@icloud.com
user0954,Marna Beisel,1907 Twenty-Eighth Way S,2061824783,MarnaBeisel@hotmail.com
user0955,George Windom,3299 Kinnear Pl NE,3603393400,GeorgeWindom@hotmail.com
user0956,Concettina Branes,4509 Somerset St NE,2539834368,ConcettinaBranes@yahoo.com
user0957,Glennie Walborn,1258 Preston Way N,2538328235,GlennieWalborn@aol.com
user0958,Corella Garmen,4829 Monroe Pl SE,5412972251,CorellaGarmen@outlook.com
user0959,Andrea Knisely,1147 Burgess Blvd W,4259574963,AndreaKnisely@aol.com
user0960,Teresina Tilghman,2799 Mcgill Pl SE,5645199146,TeresinaTilghman@icloud.com
user0961,Cecil Hayslett,7773 Stevens St ,4259235171,CecilHayslett@aol.com
user0962,Pris Zarling,7276 Lena Blvd SE,4259417355,PrisZarling@yahoo.com
user0963,Nadiya Cavallaro,2870 Pine Dr SW,5645962612,NadiyaCavallaro@aol.com
user0964,Celestyna Konefal,1901 Ithaca Dr N,3603480482,CelestynaKonefal@gmail.com
user0965,Norina Schroll,4668 Sixth Pl ,5415708381,NorinaSchroll@gmail.com
user0966,Anny Ingber,3566 Armour Way NW,5039554513,AnnyIngber@hotmail.com
user0967,Colette Woodyard,1628 Robstart Ave SW,2533966046,ColetteWoodyard@yahoo.com
user0968,Mersey Figart,8536 Market Dr S,3609357625,MerseyFigart@aol.com
user0969,Samara Eutsler,4109 State St N,5640786237,SamaraEutsler@outlook.com
user0970,Amy Plater,8394 Irving Blvd NW,2537379479,AmyPlater@gmail.com
user0971,Deni Lumbley,5691 Elliott Dr NW,3605672880,DeniLumbley@icloud.com
user0972,Melodie Honeysucker,7215 Texas Pl W,5640787360,MelodieHoneysucker@icloud.com
user0973,Shantee Hudrick,3689 Cena Pl NW,5091365289,ShanteeHudrick@outlook.com
user0974,Brittany Segawa,4782 Prince Pl E,5094637433,BrittanySegawa@yahoo.com
user0975,Codi Cawthron,7377 Quilcene Pl S,5417170377,CodiCawthron@aol.com
user0976,Evaleen Reisher,2797 Ninth Pl N,3605430538,EvaleenReisher@icloud.com
user0977,Judye Chickering,2447 Ferry Way N,5097466432,JudyeChickering@outlook.com
user0978,Nelli Reasner,4479 Locksley Ave NE,5093541511,NelliReasner@outlook.com
user0979,Pierrette Varrone,1143 Thirty-First Dr N,3600087914,PierretteVarrone@yahoo.com
user0980,Aloisia Herrud,7940 Twenty-First Pl N,5037414852,AloisiaHerrud@hotmail.com
user0981,Karry Galaz,7675 Thirty-Fifth St NE,5035602260,KarryGalaz@icloud.com
user0982,Charlean Landmann,5465 Herschel Ave NW,5096918413,CharleanLandmann@icloud.com
user0983,Willamina Loskill,6506 Comstock Blvd E,5096594000,WillaminaLoskill@icloud.com
user0984,Cornela Hoffmann,8724 Durward Ave N,4252390380,CornelaHoffmann@icloud.com
user0985,Tim Tonschock,2113 Cloverdale Way SW,5641042988,TimTonschock@outlook.com
user0986,Georgianna Hawker,3508 Idaho Blvd NE,5419758561,GeorgiannaHawker@aol.com
user0987,Shawn Hesters,5595 Galer Way N,2530351401,ShawnHesters@icloud.com
user0988,Adoree Taomoto,3331 Bradley Blvd NE,5097653013,AdoreeTaomoto@aol.com
user0989,Shawn Dechert,5827 Waterton Way N,5642542235,ShawnDechert@yahoo.com
user0990,Windy Hopke,4620 Beach Ave W,5091944191,WindyHopke@outlook.com
user0991,Iris Rotondo,5935 Angie Blvd S,3609516977,IrisRotondo@outlook.com
user0992,Catharine Decristoforo,4753 Granada Way ,5418862475,CatharineDecristoforo@outlook.com
user0993,Othilia Stell,2950 Crown Dr NW,3601372354,OthiliaStell@hotmail.com
user0994,Nikkie Flowers,7125 Montana Ave N,2534623746,NikkieFlowers@yahoo.com
user0995,Karylin Stenslie,1218 Stacy Ave ,2062064986,KarylinStenslie@outlook.com
user0996,Hollie Snowdeal,8157 Liberty Dr W,5645250799,HollieSnowdeal@hotmail.com
user0997,Belvia Zaragoza,6360 Eleventh Pl N,5415047831,BelviaZaragoza@aol.com
user0998,Carlin Shorette,2945 Second Pl ,5643242020,CarlinShorette@icloud.com
user0999,Tonie Rojero,4854 Duwamish Dr ,4252105061,TonieRojero@gmail.com
user1000,Annamarie Krampe,8710 Charles Dr NE,5418211766,AnnamarieKrampe@yahoo.com
