user_id,name,address,phone,email
user0001,Ora Kaldahl,3871 Atlantic Ave SE,2063591443,OraKaldahl@aol.com
user0002,Dreddy Welti,7438 Wilford Pl SW,2067235295,DreddyWelti@yahoo.com
user0003,Abbie Shouldice,5450 Alva Way E,5037138929,AbbieShouldice@gmail.com
user0004,Harrie Suryanarayana,6614 Birch Way ,2064798049,HarrieSuryanarayana@yahoo.com
user0005,Mary Mowrer,7202 High Ave W,5414644789,MaryMowrer@gmail.com
user0006,Elva Uber,8469 Union Way W,2535264234,ElvaUber@gmail.com
user0007,Averyl Angove,8387 Mansion Blvd ,4250133404,AverylAngove@yahoo.com
user0008,Mechelle Drakes,6115 Smith Blvd NW,2066644058,MechelleDrakes@aol.com
user0009,Lexi Migliore,3159 Blakely St NE,5642034804,LexiMigliore@hotmail.com
user0010,Laureen Kiewiet,1582 Swim Way ,5642900421,LaureenKiewiet@icloud.com
user0011,Ashlie Dobratz,4871 Erie Blvd NW,5034991822,AshlieDobratz@gmail.com
user0012,Katalin Skolnick,7961 Alabama Way SW,5647204927,KatalinSkolnick@aol.com
user0013,Shaylyn Maontesano,4956 Penn Ave N,3605237025,ShaylynMaontesano@yahoo.com
user0014,Devonna Tennessee,4913 Alaska Ave N,5033213911,DevonnaTennessee@yahoo.com
user0015,Chad Stellings,6416 Dearborn Dr N,5034119472,ChadStellings@gmail.com
user0016,Beverlee Morgenroth,6239 Franklin Ave S,2539368912,BeverleeMorgenroth@hotmail.com
user0017,Felicle Armor,4554 Grange Dr ,5412197564,FelicleArmor@outlook.com
user0018,Lorelle Klosowski,6380 Jones Way W,5645558263,LorelleKlosowski@outlook.com
user0019,Krissie Sonkens,7183 Jacobs St NW,5643335417,KrissieSonkens@icloud.com
user0020,Catrina Borello,3612 Alpine Blvd ,2531145759,CatrinaBorello@yahoo.com
user0021,Ailina Seegobin,8145 Sixth Way NW,3602411201,AilinaSeegobin@outlook.com
user0022,Orella Robair,2538 Menlo St S,2535361027,OrellaRobair@hotmail.com
user0023,Phillie Biringer,5180 Blaine Blvd SE,2068691810,PhillieBiringer@outlook.com
user0024,Eva Carlow,7531 Mcgraw Ave SE,5096634182,EvaCarlow@aol.com
user0025,Jolene Nicoson,8683 Cullen Blvd NW,5418402118,JoleneNicoson@icloud.com
user0026,Kathe Bax,4874 James Dr NE,5099920613,KatheBax@yahoo.com
user0027,Franciska Sweere,1885 Blaine Way ,3600734527,FranciskaSweere@yahoo.com
user0028,Ingrid Bodovsky,1597 Town Dr ,5411919156,IngridBodovsky@yahoo.com
user0029,Pearl Boarts,7243 Bradner St ,5094340681,PearlBoarts@yahoo.com
user0030,Em Laboe,8867 Ithaca Dr ,2536396174,EmLaboe@icloud.com
user0031,Jemmy Morlas,7807 Cove Ave W,5649486991,JemmyMorlas@icloud.com
user0032,Donia Maille,3206 Villie Ave E,3602092531,DoniaMaille@icloud.com
user0033,Jada Macchi,1085 Decatur Way ,5641832037,JadaMacchi@gmail.com
user0034,Cornelle Orlikowski,2313 Prince William Way ,5414220391,CornelleOrlikowski@yahoo.com
user0035,Julita Fore,5726 Beacon Ave NW,2068650318,JulitaFore@outlook.com
user0036,Storm Briski,1980 Aldine Way S,3604382055,StormBriski@outlook.com
user0037,Lettie Textor,8344 Thirty-First Blvd NE,5032812687,LettieTextor@hotmail.com
user0038,Hulda Dreibelbis,2258 Johnston Dr SW,2062955626,HuldaDreibelbis@icloud.com
user0039,Kristan Massart,5914 St. Lawrence Dr ,2536944442,KristanMassart@gmail.com
user0040,Robenia Moala,5438 Grand St NW,4257835265,RobeniaMoala@outlook.com
user0041,Godiva Kiltie,7435 Seattle Way W,5096819439,GodivaKiltie@icloud.com
user0042,Romonda Fineberg,1027 Town Dr N,5416372328,RomondaFineberg@outlook.com
user0043,Kristy Buggs,8069 Crown Ave SW,2539185961,KristyBuggs@hotmail.com
user0044,Fulvia Vanwie,1818 Burgess Blvd ,5094817359,FulviaVanwie@icloud.com
user0045,Jocelin Walinski,8189 Elizabeth Ave ,4254636627,JocelinWalinski@yahoo.com
user0046,Cacilie Kleppen,7498 Chestnut Blvd ,2064406387,CacilieKleppen@icloud.com
user0047,Sigrid Fowlston,8941 Mcgill Pl S,5032097298,SigridFowlston@yahoo.com
user0048,Wilie Sammartano,2937 Kansas St S,4251382814,WilieSammartano@yahoo.com
user0049,Gwynne Vandenbergh,8463 Seventh Blvd N,5644215915,GwynneVandenbergh@yahoo.com
user0050,Nicola Yamasaki,4631 Twenty-Fourth St ,5419103789,NicolaYamasaki@yahoo.com
user0051,Mari Chasser,1428 Waterton St NE,5649400427,MariChasser@outlook.com
user0052,Jobey Hermida,6937 Lena Ave ,5099469631,JobeyHermida@outlook.com
user0053,Maddi Swanner,5967 Box Dr ,5037471944,MaddiSwanner@aol.com
user0054,Cathlene Sossaman,5120 Thirty-Seventh Pl NE,2535962488,CathleneSossaman@aol.com
user0055,Shaylyn Atengco,7162 Eighth Way NE,5410110668,ShaylynAtengco@gmail.com
user0056,Laureen Haraway,1997 Bradford St N,5092670108,LaureenHaraway@aol.com
user0057,Faith Lebold,5486 Belmont Ave N,4253105104,FaithLebold@icloud.com
user0058,Adah Pugel,6492 Snoqualmie Dr SE,5098058103,AdahPugel@aol.com
user0059,Jacinthe Demo,6422 Squire St W,4256416326,JacintheDemo@outlook.com
user0060,Debor Kalvaitis,7365 Irving Way S,2068726423,DeborKalvaitis@gmail.com
user0061,Ag Ladeau,6634 Mastick Way NE,2539212935,AgLadeau@gmail.com
user0062,Vivienne Habermann,4389 Alvah Ave W,5415903180,VivienneHabermann@yahoo.com
user0063,Felicdad Moehn,8338 Massachusetts St N,5033916344,FelicdadMoehn@outlook.com
user0064,Perrine Ciaccio,6849 Law Blvd NE,2063152500,PerrineCiaccio@hotmail.com
user0065,Kimmy Doering,7189 California Dr E,4253708176,KimmyDoering@yahoo.com
user0066,Leesa Gambill,1858 Banner Dr ,5640793205,LeesaGambill@outlook.com
user0067,Alexina Kodera,7164 Green Ave W,5038171724,AlexinaKodera@aol.com
user0068,Roxi Ashalintubbi,3390 Lawrence Ave N,5415203284,RoxiAshalintubbi@yahoo.com
user0069,Bellina Kley,7759 Florence Dr S,4250142757,BellinaKley@gmail.com
user0070,Shay Strang,2773 Harrison Ave E,3600968591,ShayStrang@gmail.com
user0071,Kettie Chapmon,5811 Fourteenth Blvd SE,5413751149,KettieChapmon@icloud.com
user0072,Leela Hetzler,5458 Cooke Way ,4253163993,LeelaHetzler@icloud.com
user0073,Kellia Gladding,3279 Cushing Way E,5097140623,KelliaGladding@icloud.com
user0074,Arly Spackman,8440 Baxter Way E,2067941034,ArlySpackman@hotmail.com
user0075,Claudia Papadopoulos,2224 Gansvoort St S,2531708491,ClaudiaPapadopoulos@icloud.com
user0076,Aubine Collier,1604 Modjeska Ave ,4252460797,AubineCollier@icloud.com
user0077,Sibyl Chmielowiec,3500 Lake St SE,5030367594,SibylChmielowiec@yahoo.com
user0078,Deeanne Araya,1714 Aldine St SW,2535337677,DeeanneAraya@aol.com
user0079,Vera Rankins,1977 Lander Dr E,4252516726,VeraRankins@yahoo.com
user0080,Sashenka Bowels,5997 Beacon Dr NE,5035743318,SashenkaBowels@icloud.com
user0081,Philly Galva,2994 Pennsylvania St W,2068132762,PhillyGalva@outlook.com
user0082,Codie Faller,3773 Diomede Pl N,4253493924,CodieFaller@aol.com
user0083,Petra Slimak,5228 Gould Ave ,2535960900,PetraSlimak@gmail.com
user0084,Thekla Konkel,8657 Crown Dr SE,2539801241,TheklaKonkel@hotmail.com
user0085,Meridel Chaban,2585 Pittsburgh Dr ,5644068430,MeridelChaban@outlook.com
user0086,Simonne Lav,6412 Washington Way N,3609718377,SimonneLav@hotmail.com
user0087,Gilbertina Lotridge,5969 Holgate Ave W,5415234640,GilbertinaLotridge@yahoo.com
user0088,Valma Zaharchuk,8861 Alabama Pl W,5091784026,ValmaZaharchuk@hotmail.com
user0089,Ange Philip,5658 Harvard Pl NW,2065005625,AngePhilip@gmail.com
user0090,Mattie Seebach,7172 Bush Way N,5644917387,MattieSeebach@hotmail.com
user0091,Hanni Reash,8941 Arbor Pl E,3605714752,HanniReash@icloud.com
user0092,Rina Rabidoux,8167 Pleasant St N,5030857480,RinaRabidoux@outlook.com
user0093,Susana Frehse,3759 Marion Dr SE,4251827376,SusanaFrehse@yahoo.com
user0094,Rosalynd Palsgrove,3486 Occidental Way SE,2539898673,RosalyndPalsgrove@outlook.com
user0095,Jillian Laskowitz,4822 Benjamin St W,5416063454,JillianLaskowitz@aol.com
user0096,Bebe Cady,6524 Aloha Blvd NW,2067066717,BebeCady@outlook.com
user0097,Joyan Jahoda,6862 Ivanhoe Ave E,5039049843,JoyanJahoda@icloud.com
user0098,Mellie Minto,3672 Frederick St E,5647084606,MellieMinto@hotmail.com
user0099,Allene Migneault,3891 Park St ,5647169895,AlleneMigneault@gmail.com
user0100,Celia Kincaid,4181 Frank Blvd NE,5644013698,CeliaKincaid@hotmail.com
