user_id,name,address,phone,email
user0001,Maxi Bonano,8507 Boren St NW,5091560679,MaxiBonano@hotmail.com
user0002,Loni Swinerton,3336 Wiley Blvd W,5031277079,LoniSwinerton@icloud.com
user0003,Klarrisa Katzenberger,3956 Lake Union Pl NW,5031505917,KlarrisaKatzenberger@hotmail.com
user0004,Gerri Showers,6581 Northrup Way NE,4250720260,GerriShowers@gmail.com
user0005,Jaclyn Walto,7956 Winthrop Dr W,4258090569,JaclynWalto@icloud.com
user0006,Adelaide Palay,1906 Twenty-Third St NW,5098942830,AdelaidePalay@gmail.com
user0007,Cherri Lortz,4863 Madison St S,4255389940,CherriLortz@icloud.com
user0008,Clarinda Laguardia,5259 Durward Way SE,4253574742,ClarindaLaguardia@aol.com
user0009,Jehanna Lampton,6335 Stephens St E,2532905304,JehannaLampton@yahoo.com
user0010,Kalindi Dobrasz,2538 Crockett Pl E,4257298812,KalindiDobrasz@icloud.com
user0011,Michelina Cely,2558 Lawrence Blvd SE,5033811110,MichelinaCely@aol.com
user0012,Jewell Riner,8028 Wilford Ave W,5412787448,JewellRiner@icloud.com
user0013,Berrie Newmann,7644 Laura Way SW,5417376003,BerrieNewmann@aol.com
user0014,Ianthe Mashburn,7058 Poplar Way NE,5098333358,IantheMashburn@aol.com
user0015,Aggi Algier,7301 Twenty-Fourth Pl ,2062734667,AggiAlgier@outlook.com
user0016,Laverne Vasek,8094 Davidson Blvd W,4253219045,LaverneVasek@outlook.com
user0017,Idette Dahl,8154 Crawford Dr ,5644112726,IdetteDahl@aol.com
user0018,Delinda Chalita,2880 Stacy Pl NE,3606169672,DelindaChalita@hotmail.com
user0019,Edita Soechting,5335 Belmont Dr SW,3607930229,EditaSoechting@gmail.com
user0020,Aloisia Mellow,7462 Emmons Blvd SW,5419128878,AloisiaMellow@icloud.com
user0021,Janean Bailie,7477 Green St ,5645993667,JaneanBailie@aol.com
user0022,Gwenni Meeter,4170 Arthur Dr ,2068126563,GwenniMeeter@gmail.com
user0023,Manya Grupa,1246 Twenty-Ninth Way E,5092225544,ManyaGrupa@yahoo.com
user0024,Shaylah Gostowski,8591 Alvah Ave W,2060683092,ShaylahGostowski@icloud.com
user0025,Giacinta Thorington,6782 Lander Dr W,5039351093,GiacintaThorington@outlook.com
user0026,Corissa Stevens,8695 Walla Walla Way W,5642980442,CorissaStevens@aol.com
user0027,Daryl Noseff,3630 Swim Way N,3602255786,DarylNoseff@gmail.com
user0028,Daphene Chuck,6293 Twenty-Third Dr SE,5094199397,DapheneChuck@aol.com
user0029,Benoite Danley,4908 Frederick Ave SE,5099218123,BenoiteDanley@yahoo.com
user0030,Anetta Giaquinto,5466 Thirty-Fifth Ave ,5410163027,AnettaGiaquinto@outlook.com
user0031,Patty Dennett,2825 Twenty-Sixth Pl W,3600012747,PattyDennett@icloud.com
user0032,Cate Sammartino,2554 Grant Ave SW,5037979285,CateSammartino@aol.com
user0033,Edee Wurgler,8573 Mississippi Way E,2531167412,EdeeWurgler@gmail.com
user0034,Brittani Gorrindo,1359 Crockett Way W,3609240624,BrittaniGorrindo@gmail.com
user0035,Suzanne Whitcher,6349 Olive Pl SW,5090780229,SuzanneWhitcher@aol.com
user0036,Athene Trosper,5118 Garfield Blvd SE,5643590350,AtheneTrosper@icloud.com
user0037,Regan Rodarta,1339 Fourteenth Dr S,5097525844,ReganRodarta@outlook.com
user0038,Filide Gulnick,3667 Bluff Ave NW,2060639341,FilideGulnick@icloud.com
user0039,Nariko Beyda,5310 Hazel Way NE,5412822994,NarikoBeyda@outlook.com
user0040,Robena Beeler,8487 Wall Pl NW,3602751255,RobenaBeeler@yahoo.com
user0041,Jaine Mckasson,4636 Market Way E,2062133122,JaineMckasson@gmail.com
user0042,Hortensia Vanderjagt,4319 Talbot Pl NE,3600848697,HortensiaVanderjagt@hotmail.com
user0043,Juanita Grimshaw,3559 Valley Ave SE,5647587381,JuanitaGrimshaw@hotmail.com
user0044,Bebe Ausdemore,4352 Powell Pl ,5419042364,BebeAusdemore@yahoo.com
user0045,Issie Abramowitz,3134 Hyde Dr W,5094705540,IssieAbramowitz@hotmail.com
user0046,Sharai Maguet,5010 Thirty-Sixth Way SE,2069681532,SharaiMaguet@yahoo.com
user0047,Barbaraanne Rochlitz,2583 Water Ave E,4256893170,BarbaraanneRochlitz@outlook.com
user0048,Reeta Fuentes,5058 Twenty-Second Dr SW,4255979896,ReetaFuentes@gmail.com
user0049,Sasha Knabe,2390 Mcclair Dr NE,5647183061,SashaKnabe@icloud.com
user0050,Iris Pendergrast,7268 Everett Way NE,5412841945,IrisPendergrast@aol.com
user0051,Jamima Pruiett,6421 Champa Ave SE,3604967865,JamimaPruiett@hotmail.com
user0052,Jennifer Melusky,5214 Douglass Blvd SW,5034893710,JenniferMelusky@gmail.com
user0053,Ruthi Tapat,1904 Prince William Way W,5413097200,RuthiTapat@outlook.com
user0054,Enrichetta Wubbel,2270 Elliott Dr ,5640123687,EnrichettaWubbel@outlook.com
user0055,Margret Orear,3785 Federal Way ,2066167049,MargretOrear@yahoo.com
user0056,Anabella Freeders,5421 Lake Blvd SE,5414145730,AnabellaFreeders@icloud.com
user0057,Hynda Cibula,6897 Windon Way NE,4250754825,HyndaCibula@aol.com
user0058,Dee Dotterer,2738 Republican St NE,2537127720,DeeDotterer@outlook.com
user0059,Nessie Brickson,3943 Violet Way N,2067774620,NessieBrickson@yahoo.com
user0060,Bennie Worford,2385 Nevada Dr E,5416879043,BennieWorford@aol.com
user0061,Maure Aspegren,7503 Sansome Dr N,5098125618,MaureAspegren@icloud.com
user0062,Lynette Feit,2950 Herschel Dr SW,4259703968,LynetteFeit@hotmail.com
user0063,Aleta Spillett,1910 Banner Dr NE,5641705417,AletaSpillett@yahoo.com
user0064,Fernandina Whitmer,8662 Fontenelle Way SW,2069911750,FernandinaWhitmer@yahoo.com
user0065,Lishe Vanvolkinburg,4483 Lake Ave ,5036347530,LisheVanvolkinburg@aol.com
user0066,Diane Lenigan,7054 Waterton Ave SW,5098745375,DianeLenigan@icloud.com
user0067,Ariana Alarid,4608 Frank Way S,5411747401,ArianaAlarid@yahoo.com
user0068,Ida Domebo,3693 Prince William Pl S,3603109595,IdaDomebo@gmail.com
user0069,Ranna Venhorst,4832 Latona Pl S,5417843515,RannaVenhorst@icloud.com
user0070,Verla Ettienne,6807 State Ave SE,4250689921,VerlaEttienne@outlook.com
user0071,Aeriela Beahm,5791 Proctor Way ,3606949329,AerielaBeahm@yahoo.com
user0072,Tabbatha Leshem,5138 Davis Way E,3605183065,TabbathaLeshem@gmail.com
user0073,Chiquia Bek,5952 Brook Dr W,5413750742,ChiquiaBek@outlook.com
user0074,Cyndia Tucci,4430 Ivanhoe Way NE,5642454832,CyndiaTucci@hotmail.com
user0075,Erika Torrent,7976 Lotta Way W,5032777238,ErikaTorrent@aol.com
user0076,Glenna Churan,1099 Hayes Ave N,5098137963,GlennaChuran@gmail.com
user0077,Elfrieda Magadan,7625 Day Ave SW,5642894980,ElfriedaMagadan@gmail.com
user0078,Codee Drude,1425 Thomas Blvd ,5642379279,CodeeDrude@yahoo.com
user0079,Darb Taper,7354 Birmingham Blvd W,5649649536,DarbTaper@outlook.com
user0080,Neille Artzer,6296 Galer Pl NW,2064758299,NeilleArtzer@yahoo.com
user0081,Lanette Sessler,7126 Twenty-Third St SE,2061747243,LanetteSessler@yahoo.com
user0082,Flore Vassil,2532 Chestnut Pl SE,5415765674,FloreVassil@hotmail.com
user0083,Megen Arnot,2135 Market Way SW,5640430094,MegenArnot@gmail.com
user0084,Lyndsie Tollefsen,7602 Front Dr N,5643606157,LyndsieTollefsen@yahoo.com
user0085,Ketti Risko,6813 Vancouver Pl W,5094338846,KettiRisko@aol.com
user0086,Raquel Peroddy,7773 Albert Pl ,3608621621,RaquelPeroddy@aol.com
user0087,Renate Rakoci,7080 Wheeling St W,5035025711,RenateRakoci@aol.com
user0088,Valma Shuford,7709 Sheafe Pl NW,3605150471,ValmaShuford@outlook.com
user0089,Kelcey Bohne,2317 Johnson Way ,2064994885,KelceyBohne@aol.com
user0090,Brena Amick,2506 Stephens St E,5419700490,BrenaAmick@hotmail.com
user0091,Sallyanne Sochan,2297 Marion Dr NW,5030329185,SallyanneSochan@hotmail.com
user0092,Addi Thackxton,8723 Farragut Dr NE,5037068089,AddiThackxton@yahoo.com
user0093,Gertrude Yohannes,4973 Waterton Blvd SE,2534234113,GertrudeYohannes@hotmail.com
user0094,Marcelia Patin,3473 Thirty-First St E,5649182769,MarceliaPatin@aol.com
user0095,Shawnee Hurlock,1776 Olympia Pl N,5645857942,ShawneeHurlock@yahoo.com
user0096,Corrie Postin,4045 Monroe Way SW,2067068725,CorriePostin@gmail.com
user0097,Kissie Klahr,8129 William St SE,5095382734,KissieKlahr@icloud.com
user0098,Brigitte Smoley,8521 Bluff Blvd SE,3604393183,BrigitteSmoley@hotmail.com
user0099,Gertrud Nachor,2397 State Blvd S,5641432627,GertrudNachor@gmail.com
user0100,Consuela Tibbert,6485 Twenty-Second Blvd S,3604046469,ConsuelaTibbert@aol.com
user0101,Lari Gehred,6952 Anne St NE,5099968051,LariGehred@icloud.com
user0102,Ralina Wackerly,4355 Keokuk Ave N,5647831121,RalinaWackerly@yahoo.com
user0103,Aggy Ureno,3200 Montana Dr ,2066697488,AggyUreno@outlook.com
user0104,Anastasie Scandura,1025 Moltke St W,5030272502,AnastasieScandura@aol.com
user0105,Sherri Ricardi,6753 Montana Pl S,3606664876,SherriRicardi@gmail.com
user0106,Romola Tenofsky,1344 Seventh Way ,4255549119,RomolaTenofsky@yahoo.com
user0107,Petronia Barritt,3386 Tremont Ave E,5032142209,PetroniaBarritt@aol.com
user0108,Patrica Chesmore,4512 Yesler Blvd SW,4254523037,PatricaChesmore@hotmail.com
user0109,Francine Oeltjen,3375 Bowman Pl NW,2537484668,FrancineOeltjen@hotmail.com
user0110,Jourdan Minogue,6662 Lee Blvd E,2532420087,JourdanMinogue@gmail.com
user0111,Nerty Ohmann,7057 Farragut Way NW,4252362699,NertyOhmann@yahoo.com
user0112,Wynn Trenkle,2038 Temple Pl SW,2536840676,WynnTrenkle@hotmail.com
user0113,Lexis Stillion,8617 Forty-Second Dr W,5092028703,LexisStillion@gmail.com
user0114,Vicky Hoey,3670 Mclellan St SE,3605567051,VickyHoey@yahoo.com
user0115,Lynda Titlow,3662 Pontius St S,2068568968,LyndaTitlow@gmail.com
user0116,Harmonie Larive,1139 Bulwer St NW,5090727341,HarmonieLarive@outlook.com
user0117,Lelia Inafuku,5486 Queen Anne Pl NE,5095508294,LeliaInafuku@icloud.com
user0118,Blanche Jennette,6183 Alabama Ave S,5412611899,BlancheJennette@aol.com
user0119,Kayle Serrata,1844 Lake View Ave ,5648103981,KayleSerrata@gmail.com
user0120,Maryann Herzing,4777 Marshall Ave N,2069455428,MaryannHerzing@aol.com
user0121,Jeannie Kvoeschen,8009 Herschel Dr NW,5031655691,JeannieKvoeschen@aol.com
user0122,Emelyne Pallante,7840 Somerset Way E,5096292565,EmelynePallante@hotmail.com
user0123,Dorotea Saulsbery,1178 Villard Dr NE,2535291452,DoroteaSaulsbery@aol.com
user0124,Kaja Franceschini,2031 Angie Dr NE,5090662276,KajaFranceschini@hotmail.com
user0125,Adelina Hornstrom,7802 Longfellow Ave NW,5644123166,AdelinaHornstrom@outlook.com
user0126,Ameline Skow,3116 Nineteenth St W,3609686881,AmelineSkow@yahoo.com
user0127,Robbi Brumsey,6158 Sherbrook Dr N,2539027798,RobbiBrumsey@outlook.com
user0128,Hesther Calvery,2184 Helen Way NW,2061470548,HestherCalvery@yahoo.com
user0129,Fern Ganotisi,4994 Renold Way NW,5414893106,FernGanotisi@hotmail.com
user0130,Joline Dench,8270 Whitman Pl N,5419707488,JolineDench@outlook.com
user0131,Randie Kusumoto,8757 Willow Ave W,5091652678,RandieKusumoto@aol.com
user0132,Marrilee Bobowiec,6271 Wiley Pl N,3600932744,MarrileeBobowiec@aol.com
user0133,Hannis Shenkman,4072 Donworth Pl SW,3604044019,HannisShenkman@aol.com
user0134,Fancy Digian,6472 Elizabeth Dr S,5034499313,FancyDigian@outlook.com
user0135,Nona Wolfer,5163 Mcclair Way E,4253848365,NonaWolfer@hotmail.com
user0136,Caroljean Sanna,8393 Taylor Way S,2069737764,CaroljeanSanna@hotmail.com
user0137,Romola Annarino,1289 State Pl SW,5413204224,RomolaAnnarino@aol.com
user0138,Elisabetta Bushweller,1148 Quinault Dr SW,2533498304,ElisabettaBushweller@gmail.com
user0139,Jane Govin,7022 Box Ave NW,5035877551,JaneGovin@hotmail.com
user0140,Rhonda Korwin,8382 Jacobs Ave NW,5033097008,RhondaKorwin@outlook.com
user0141,Letty Woolford,8323 Lander Dr NW,5090516527,LettyWoolford@aol.com
user0142,Austina Prater,3792 Durward Pl N,5411341448,AustinaPrater@hotmail.com
user0143,Kailey Jaso,2568 Thirty-Fourth Dr N,5094287316,KaileyJaso@outlook.com
user0144,Esma Storage,7728 Bowman Pl NE,5641024800,EsmaStorage@icloud.com
user0145,Pierrette Lanze,5871 Lake Washington Ave S,5032141027,PierretteLanze@icloud.com
user0146,Stacee Lappe,8905 Front Pl ,5415910922,StaceeLappe@icloud.com
user0147,Bebe Klauer,4815 Summit Pl SE,4253371889,BebeKlauer@hotmail.com
user0148,Anna-Diana Gesualdi,5688 Oakley Pl SE,5098172332,Anna-DianaGesualdi@gmail.com
user0149,Adaline Itnyre,8406 Albert St NW,5037194306,AdalineItnyre@gmail.com
user0150,Berget Francher,2294 Lamar Pl ,4251820907,BergetFrancher@icloud.com
user0151,Sibley Wipprecht,5485 Shearbrook St SW,4253074638,SibleyWipprecht@gmail.com
user0152,Jo Ann Teas,5913 Second St ,3604268647,Jo AnnTeas@aol.com
user0153,Kai Hallstrom,4979 Sheafe Blvd E,4250443056,KaiHallstrom@icloud.com
user0154,Nelli Blanzy,5484 Arbor Dr ,3607921040,NelliBlanzy@gmail.com
user0155,Flori Dorrington,4196 Fontenelle Blvd NE,2067677304,FloriDorrington@gmail.com
user0156,Fleur Luzzi,5847 Hazel Ave SW,2066082430,FleurLuzzi@yahoo.com
user0157,Estell Fupocyupanqui,1503 White Dr W,5093008219,EstellFupocyupanqui@yahoo.com
user0158,Jourdan Kalas,1165 Herschel Ave W,5419495357,JourdanKalas@aol.com
user0159,Larine Melero,4089 Johnson Way SW,3608245960,LarineMelero@aol.com
user0160,Ariadne Corporal,3493 Newton Blvd E,2060437285,AriadneCorporal@outlook.com
user0161,Elisha Krucker,6801 Choate Dr W,3608881123,ElishaKrucker@hotmail.com
user0162,Prisca Girardeau,7462 Clay Blvd E,5095586993,PriscaGirardeau@gmail.com
user0163,Korrie Keetch,8991 Alabama Ave S,3607754228,KorrieKeetch@hotmail.com
user0164,Meaghan Nquyen,6867 Judkins Ave E,4253903808,MeaghanNquyen@outlook.com
user0165,Konstanze Coontz,1675 Sansome St NE,4252626022,KonstanzeCoontz@hotmail.com
user0166,Willow Bielecki,2434 Oriental Pl ,4251476915,WillowBielecki@yahoo.com
user0167,Lane Blonder,7015 Howell St SW,2539971181,LaneBlonder@gmail.com
user0168,Grier Khela,1657 Massillon Way S,2539757764,GrierKhela@icloud.com
user0169,Lorenza Whitler,8383 Milwaukie Dr ,5030974733,LorenzaWhitler@gmail.com
user0170,Dorree Guagenti,1325 James Blvd SW,4257616738,DorreeGuagenti@gmail.com
user0171,Kary Leidich,7867 Pennsylvania Way ,2061648734,KaryLeidich@gmail.com
user0172,Melanie Tyger,6049 Stacy Blvd N,4250833207,MelanieTyger@icloud.com
user0173,Madeline Korinta,7340 Hanford Blvd SE,4251875213,MadelineKorinta@yahoo.com
user0174,Caitrin Ulch,3897 Sherman Blvd N,4251913099,CaitrinUlch@outlook.com
user0175,Karlen Burrage,2542 Colima Way S,5410465295,KarlenBurrage@hotmail.com
user0176,Joye Woodrum,7738 Ashland Dr NW,4252878610,JoyeWoodrum@outlook.com
user0177,Blondelle Tronzo,3194 Idaho Way N,4258163130,BlondelleTronzo@hotmail.com
user0178,Mirabella Chyle,5107 Wadsworth Dr ,2535858159,MirabellaChyle@icloud.com
user0179,Lorraine Danesi,1269 Valley Dr NW,3608707943,LorraineDanesi@outlook.com
user0180,Fidela Blacklock,2506 Ivanhoe Ave NW,3607425148,FidelaBlacklock@icloud.com
user0181,Heddi Liederbach,2801 Texas Blvd E,5031263350,HeddiLiederbach@outlook.com
user0182,Aleen Tin,4303 Ohio Ave NW,4257810468,AleenTin@outlook.com
user0183,Greta Farmwald,6382 Robstart St ,3609335473,GretaFarmwald@aol.com
user0184,Iseabal Golish,2585 High Way ,4255746855,IseabalGolish@hotmail.com
user0185,Carrie Innarelli,7792 Beach Dr N,3608173343,CarrieInnarelli@yahoo.com
user0186,Jasmine Strey,8097 Stevens Ave ,3600813203,JasmineStrey@outlook.com
user0187,Janis Puryear,7196 Smiths Pl NW,2067250925,JanisPuryear@yahoo.com
user0188,Albertina Zwicker,4872 Clarence Dr W,5095351010,AlbertinaZwicker@hotmail.com
user0189,Franky Grabert,4837 Cherry Pl ,5646969202,FrankyGrabert@outlook.com
user0190,Vitia Benanti,5407 Duwamish Pl SE,5412713868,VitiaBenanti@aol.com
user0191,Desiree Masher,8909 Temperance Way ,2532812170,DesireeMasher@aol.com
user0192,Ashely Monasterio,1296 Twenty-First Blvd N,5645314304,AshelyMonasterio@gmail.com
user0193,Bamby Vanhove,2021 Diomede St SW,5411579626,BambyVanhove@outlook.com
user0194,Kerianne Netter,2049 Thomas Dr ,2535370853,KerianneNetter@yahoo.com
user0195,Ursala Sveen,8071 Massachusetts Way NE,4255940903,UrsalaSveen@outlook.com
user0196,Juieta Yarmitsky,7619 Clay St E,5411019029,JuietaYarmitsky@hotmail.com
user0197,Iormina Fergoson,3898 Choate Dr NW,5035842886,IorminaFergoson@aol.com
user0198,Thia Procaccini,2213 Pike Way NW,5648233029,ThiaProcaccini@gmail.com
user0199,Olivette Gilgour,5643 Government Dr W,2530333035,OlivetteGilgour@outlook.com
user0200,Valma Debacker,4039 Williams Blvd ,3603336028,ValmaDebacker@hotmail.com
user0201,Meredithe Debenedictis,8413 Antiquary Blvd SE,5099811738,MereditheDebenedictis@outlook.com
user0202,Juditha Rajala,2426 Thirty-Eighth Ave SW,5645976573,JudithaRajala@gmail.com
user0203,Doti Grando,4159 Fourteenth St SW,5417108141,DotiGrando@icloud.com
user0204,Barbabra Buzzelli,1747 Spruce Way SE,3609255210,BarbabraBuzzelli@gmail.com
user0205,Nanette Kriskovich,6755 Thirty-Seventh Dr NW,5035744411,NanetteKriskovich@aol.com
user0206,Irene Oropeza,7719 Minor Dr ,2538710653,IreneOropeza@gmail.com
user0207,Ania Sauvage,3068 Blakely Pl N,2537967183,AniaSauvage@outlook.com
user0208,Alysia Goodnough,6000 Oregon Dr E,3600567574,AlysiaGoodnough@hotmail.com
user0209,Greta Bruso,3603 Carrie Blvd N,4258351448,GretaBruso@yahoo.com
user0210,Jeralee Ellefson,4993 Queets Way ,5418563323,JeraleeEllefson@aol.com
user0211,Linnet Rang,5940 Michigan Ave SE,4251885378,LinnetRang@outlook.com
user0212,Loretta Geddie,4844 Union Way S,5412060356,LorettaGeddie@icloud.com
user0213,Sidonia Sherwood,1365 Havens Blvd NW,2061368692,SidoniaSherwood@gmail.com
user0214,Claude Leaverton,6474 Mclellan St ,5038780662,ClaudeLeaverton@icloud.com
user0215,Josey Filmer,7915 Campbell Pl W,5648377657,JoseyFilmer@outlook.com
user0216,Elfie Bulcao,8955 Grace Dr ,2062814715,ElfieBulcao@yahoo.com
user0217,Hayley Henaire,1849 Harris Pl ,2067478302,HayleyHenaire@icloud.com
user0218,Cinderella Yankovich,6211 Cascade Dr NW,2065170456,CinderellaYankovich@outlook.com
user0219,Allyson Benes,7304 Orleans Dr N,2536461853,AllysonBenes@gmail.com
user0220,Myrtle Underwood,4527 Elder St ,5418915965,MyrtleUnderwood@outlook.com
user0221,Margy England,7940 Barrett Ave S,5410867612,MargyEngland@icloud.com
user0222,Sile Vinciguerra,2466 Lynn Blvd SW,3600754813,SileVinciguerra@outlook.com
user0223,Theadora Colins,7288 Marietta Blvd N,5035227680,TheadoraColins@hotmail.com
user0224,Anissa Rubano,5215 Central Pl S,5039029125,AnissaRubano@yahoo.com
user0225,Babette Lanteigne,1910 Hallum St W,5038424025,BabetteLanteigne@hotmail.com
user0226,Sindee Gau,8723 Franklin Ave NW,2065376708,SindeeGau@icloud.com
user0227,Diane Mcdermid,4114 Morse Pl W,5030985482,DianeMcdermid@gmail.com
user0228,Mallissa Templet,5628 Sander Ave ,2067308153,MallissaTemplet@outlook.com
user0229,Lorene Raucci,4140 Northrup St ,5036599302,LoreneRaucci@icloud.com
user0230,Corina Ketelhut,8731 Federal St S,5642042755,CorinaKetelhut@gmail.com
user0231,Sybila Brands,3335 Scurry St ,5646623288,SybilaBrands@hotmail.com
user0232,Regina Amistadi,2928 Orleans Blvd NE,5641046376,ReginaAmistadi@outlook.com
user0233,Raychel Ferrario,4458 Windon Ave ,3601434799,RaychelFerrario@hotmail.com
user0234,Katrine Tecson,6024 Smith Way SE,4259625784,KatrineTecson@yahoo.com
user0235,Karlene Gurne,1490 Winthrop St N,3607597056,KarleneGurne@yahoo.com
user0236,Mallory Studstill,7766 Gould Pl E,5030873017,MalloryStudstill@yahoo.com
user0237,Romola Diano,6248 Victory St W,3608779145,RomolaDiano@yahoo.com
user0238,Simonne Palin,8198 Mikado Blvd SW,5090602985,SimonnePalin@aol.com
user0239,Mari Schoenhut,4659 Tennessee Dr SW,5033038962,MariSchoenhut@hotmail.com
user0240,Jill Mena,7425 Rose Dr S,4251830765,JillMena@yahoo.com
user0241,Thomasa Yohannes,1996 Short St S,5418499634,ThomasaYohannes@hotmail.com
user0242,Shari Nyce,3387 Kenney Pl SE,5640206078,ShariNyce@gmail.com
user0243,Cheslie Gaslin,1604 Nineteenth Dr NE,5648665375,CheslieGaslin@gmail.com
user0244,Jaclyn Igbal,3731 Seventeenth Way E,5648630091,JaclynIgbal@outlook.com
user0245,Kynthia Antrim,5127 Stanton Ave W,2065717114,KynthiaAntrim@icloud.com
user0246,Bonnee Allamong,2373 Judkins Dr NE,5032454725,BonneeAllamong@gmail.com
user0247,Jami Rozo,8809 Scott Pl E,5036786523,JamiRozo@hotmail.com
user0248,Tova Heistand,6855 Twenty-First Ave S,3607596087,TovaHeistand@yahoo.com
user0249,Sherry Catalli,1163 Drexel St NE,5419448880,SherryCatalli@gmail.com
user0250,Dollie Danna,7503 Light Dr N,3609920068,DollieDanna@aol.com
user0251,Rasia Zaborowski,2097 South St ,5414742087,RasiaZaborowski@outlook.com
user0252,Carine Ravizee,3205 Emmitt Dr ,5039187319,CarineRavizee@hotmail.com
user0253,Judye Zender,4229 Helen Way S,4255040550,JudyeZender@outlook.com
user0254,Michaeline Holthus,1293 Thirteenth Way S,5093619781,MichaelineHolthus@yahoo.com
user0255,Jillayne Umana,7340 Davidson Ave NE,2533867509,JillayneUmana@outlook.com
user0256,Dolley Solorsano,4974 Texas Way S,2535937090,DolleySolorsano@aol.com
user0257,Tiertza Mossor,3196 Carrie Dr W,2062832686,TiertzaMossor@aol.com
user0258,Hinda Sigman,4353 Hazel Blvd NE,2062325315,HindaSigman@hotmail.com
user0259,Catharine Haessly,1434 Pontius Blvd SE,5647088112,CatharineHaessly@outlook.com
user0260,Catlaina Hayse,6107 Eastlake Dr NE,2064594277,CatlainaHayse@icloud.com
user0261,Estrella Mccully,5239 Prince Blvd ,2063144937,EstrellaMccully@hotmail.com
user0262,Sadie Huhammad,7719 Hallum Way N,3605581743,SadieHuhammad@icloud.com
user0263,Nancey Mumma,4519 Violet Ave ,2062954495,NanceyMumma@gmail.com
user0264,Cicely Vidot,1075 California Way S,5094638454,CicelyVidot@aol.com
user0265,Rosmunda Sapper,8443 Crockett Dr ,5418530044,RosmundaSapper@hotmail.com
user0266,Atlanta Poag,7677 Thirteenth Dr NW,5035576780,AtlantaPoag@yahoo.com
user0267,Tawnya Corliss,8380 Jesse Way NW,2538969347,TawnyaCorliss@outlook.com
user0268,Loreen Witt,5054 Hayes St S,5645327906,LoreenWitt@hotmail.com
user0269,Jenn Lantis,6361 Bellevue St NE,2060129138,JennLantis@aol.com
user0270,Jinny Dummermuth,1674 Jefferson Pl NW,2537422434,JinnyDummermuth@yahoo.com
user0271,Toby Creviston,2377 Farm Dr ,2534476014,TobyCreviston@gmail.com
user0272,Chiarra Herimann,3440 Natches Way W,3608443292,ChiarraHerimann@hotmail.com
user0273,Rosanne Oshields,4919 Chestnut Ave N,5414510247,RosanneOshields@outlook.com
user0274,Bride Feeley,1993 Winthrop Way SE,5032190991,BrideFeeley@hotmail.com
user0275,Phyllis Demma,2093 Rochester St NE,5093146078,PhyllisDemma@aol.com
user0276,Rozelle Fedalen,8501 Flemming Dr SW,3608241654,RozelleFedalen@gmail.com
user0277,Kamila Mcvicar,8709 Andover Pl W,2534859376,KamilaMcvicar@hotmail.com
user0278,Lotta Loveland,3724 Division Ave NE,2064849177,LottaLoveland@aol.com
user0279,Sibby Leski,2759 Wiley Blvd ,5092252524,SibbyLeski@aol.com
user0280,Lea Tica,7797 Smithers St S,3605348671,LeaTica@outlook.com
user0281,Vallie Screnci,3305 Compton Blvd E,5038653386,VallieScrenci@outlook.com
user0282,June Schou,6995 Front Way SW,2068694257,JuneSchou@icloud.com
user0283,Cathie Mihatsch,1068 Second Blvd N,5410703730,CathieMihatsch@aol.com
user0284,Pearle Querido,5433 St. Lawrence Pl ,2538149781,PearleQuerido@yahoo.com
user0285,Angel Trover,5869 Orange Pl E,2060899149,AngelTrover@yahoo.com
user0286,Noemi Deck,6592 Sherbrook Way SE,5416666276,NoemiDeck@hotmail.com
user0287,Carin Caviggia,4984 Mitchell Pl ,2539429542,CarinCaviggia@aol.com
user0288,Tamera Brashears,5925 Prince William Pl SE,5649345643,TameraBrashears@icloud.com
user0289,Carla Blohm,5488 Elder Dr SW,2534606273,CarlaBlohm@hotmail.com
user0290,Ally Pastuch,7273 Galileo St E,5032423303,AllyPastuch@outlook.com
user0291,Gabie Roache,8411 Blakely Ave NW,2066016089,GabieRoache@yahoo.com
user0292,Oralla Kerfoot,4130 Wilfred Pl ,5030657503,OrallaKerfoot@hotmail.com
user0293,Ondrea Signaigo,5938 Frederick Blvd SW,3608946807,OndreaSignaigo@hotmail.com
user0294,Karlotte Lisle,1499 Florence St E,5098018791,KarlotteLisle@outlook.com
user0295,Sheryl Lemings,5818 Clarence Way NE,3609325735,SherylLemings@yahoo.com
user0296,Jennie Poster,6921 Stacy Ave SE,5032702122,JenniePoster@yahoo.com
user0297,Ardis Sontheimer,5309 Victory Way S,5641383502,ArdisSontheimer@hotmail.com
user0298,Shelby Ikerd,5711 Nineteenth Ave ,5645447605,ShelbyIkerd@aol.com
user0299,Susanna Plouffe,7751 Stacey Ave NW,3604447817,SusannaPlouffe@outlook.com
user0300,Sela Scoma,7874 Snoqualmie St E,4251479374,SelaScoma@yahoo.com
user0301,Emylee Jabaay,5791 Crown Pl SE,5095014411,EmyleeJabaay@icloud.com
user0302,Cordey Cuffman,8818 Twenty-First Way N,2531896022,CordeyCuffman@yahoo.com
user0303,Angelina Antonello,7407 Adams Pl NW,5413298047,AngelinaAntonello@aol.com
user0304,Melonie Policz,6570 Alva Way W,2533251710,MeloniePolicz@aol.com
user0305,Conni Penz,2110 Denny Ave N,5035828050,ConniPenz@yahoo.com
user0306,Millisent Lestor,7996 Colfax Dr NW,2534108423,MillisentLestor@yahoo.com
user0307,Tootsie Manbeck,1230 Lewis Ave SW,4250702878,TootsieManbeck@outlook.com
user0308,Ann-Marie Manygoats,4760 Squire Blvd ,3607575042,Ann-MarieManygoats@outlook.com
user0309,Anabella Osterhaut,3278 Howell Blvd SE,5036122441,AnabellaOsterhaut@outlook.com
user0310,Arlana Quivers,4392 Ninth Pl NE,4252737942,ArlanaQuivers@aol.com
user0311,Othilia Rather,8891 Cena Pl NE,3608407715,OthiliaRather@icloud.com
user0312,Janean Aveni,3242 Blaine St ,5037165929,JaneanAveni@gmail.com
user0313,Bibbie Sroka,8740 Violet Blvd SE,4251688394,BibbieSroka@yahoo.com
user0314,Gwenora Hormuth,7939 Manitoba Dr ,2063655133,GwenoraHormuth@aol.com
user0315,Adriena Kurland,5781 Eaton Blvd SE,4251418274,AdrienaKurland@outlook.com
user0316,Nomi Ruhmann,8183 Brook Way ,2066696046,NomiRuhmann@yahoo.com
user0317,Engracia Soldeo,8162 Walla Walla Pl NW,2539063500,EngraciaSoldeo@icloud.com
user0318,Vikki Fleer,8202 Adams Ave SW,2063388250,VikkiFleer@yahoo.com
user0319,Farand Loparo,7116 Willow Dr W,5416929443,FarandLoparo@aol.com
user0320,Tiffany Zambrana,5762 Orion Pl S,4254176227,TiffanyZambrana@hotmail.com
user0321,Corly Wyrosdick,8511 Marmion Blvd SE,5415317815,CorlyWyrosdick@aol.com
user0322,Dannie Rippy,7177 Victory St W,2067100115,DannieRippy@icloud.com
user0323,Rozanne Whatcott,1945 Wilford Blvd NE,4255936416,RozanneWhatcott@gmail.com
user0324,Dusty Rasmussen,8018 Ninth Blvd S,5416135074,DustyRasmussen@outlook.com
user0325,Rheba Wilchek,6855 Woodstock Blvd NE,2539217508,RhebaWilchek@icloud.com
user0326,Mirabella Sluis,1632 Waterton Ave E,3607245598,MirabellaSluis@icloud.com
user0327,Constantia Sharrar,2041 Rollin Ave E,5410281260,ConstantiaSharrar@hotmail.com
user0328,Chlo Olan,4264 Alhambra Pl S,5414041575,ChloOlan@hotmail.com
user0329,Stesha Berman,8441 Pine Pl E,5645898580,SteshaBerman@icloud.com
user0330,Lenore Joshua,7170 Franklin Ave N,2062470929,LenoreJoshua@icloud.com
user0331,Amelina Khatcherian,6262 Carrie Dr NW,2536854150,AmelinaKhatcherian@gmail.com
user0332,Valenka Gerula,3159 Lena Ave SE,4251734971,ValenkaGerula@aol.com
user0333,Teresina Serdula,6954 Harris Way NE,5648490311,TeresinaSerdula@hotmail.com
user0334,Merrily Figueira,8830 Nineteenth Dr N,2534749089,MerrilyFigueira@gmail.com
user0335,Codee Compere,6973 Donworth Ave ,5095190233,CodeeCompere@icloud.com
user0336,Carmella Pollom,5590 Payne Pl E,4259620401,CarmellaPollom@icloud.com
user0337,Joelle Marcussen,6381 Rural Ave S,2060934387,JoelleMarcussen@outlook.com
user0338,Stevana Rumbaugh,8262 Thirty-Fourth Blvd ,5412625827,StevanaRumbaugh@outlook.com
user0339,Albertina Franeo,2572 Adams Way N,2061637929,AlbertinaFraneo@gmail.com
user0340,Tootsie Biley,5547 Stacy Way SW,5411974386,TootsieBiley@yahoo.com
user0341,Tabina Mensik,1505 Benjamin Dr NE,5649931881,TabinaMensik@gmail.com
user0342,Vittoria Verso,3037 Renton St SE,2061324626,VittoriaVerso@icloud.com
user0343,Kaitlynn Goyen,5039 Seventh Dr ,5643002740,KaitlynnGoyen@icloud.com
user0344,Gerta Hibma,1551 Lena Dr E,4251916830,GertaHibma@outlook.com
user0345,Anne Spalding,3633 Quinault Way E,5414707364,AnneSpalding@aol.com
user0346,Chloette Stigers,3269 Brook Pl NW,5092501563,ChloetteStigers@yahoo.com
user0347,Evy Hatridge,7652 Monroe Ave ,5411169278,EvyHatridge@gmail.com
user0348,Miranda Pitts,4963 Grange Way N,5036276737,MirandaPitts@gmail.com
user0349,Danita Amigo,4421 Cena Way SE,5093351702,DanitaAmigo@hotmail.com
user0350,Dee Dee Mucci,2555 Wilson Ave SE,3607084963,Dee DeeMucci@yahoo.com
user0351,Sib Staber,7148 Water Ave NW,2060057343,SibStaber@hotmail.com
user0352,Frannie Tones,3999 Morse Way SW,5095896375,FrannieTones@icloud.com
user0353,Sallie Ienco,7266 Jesse Blvd S,4257433483,SallieIenco@icloud.com
user0354,Aeriell Palin,4506 Depot Way NE,3605538732,AeriellPalin@outlook.com
user0355,Lanny Bocock,1276 Ruden St ,5039962849,LannyBocock@icloud.com
user0356,Trenna Murff,1650 Tennyson Pl E,5036066646,TrennaMurff@outlook.com
user0357,Kayla Mcentyre,2363 Hyde Blvd ,5098682285,KaylaMcentyre@gmail.com
user0358,Lizbeth Rosa,8205 Willow Way NE,2535711544,LizbethRosa@yahoo.com
user0359,Zilvia Kalberg,3249 Emmons Or Milk Pl ,5094200035,ZilviaKalberg@icloud.com
user0360,Luz Miesse,3934 Day Blvd NE,4250833453,LuzMiesse@gmail.com
user0361,Katrine Monigold,3984 Yakima Dr S,3603125635,KatrineMonigold@hotmail.com
user0362,Saba Kaili,1702 Eighth Way ,2066984619,SabaKaili@icloud.com
user0363,Ally Loflin,3289 Cena Ave SW,5090372258,AllyLoflin@outlook.com
user0364,Ellyn Goswick,1720 Hazel Dr ,5038131937,EllynGoswick@aol.com
user0365,Ketty Touchton,4306 Champa Ave E,4253582859,KettyTouchton@hotmail.com
user0366,Elene Ansbacher,2124 Harrison Way SW,3600306617,EleneAnsbacher@hotmail.com
user0367,Dionis Molz,8383 Stacy Dr ,5096103129,DionisMolz@aol.com
user0368,Almeta Pemble,6104 Judkins Way ,5095864556,AlmetaPemble@icloud.com
user0369,Joscelin Moradel,4152 Temperance Pl N,5643198355,JoscelinMoradel@gmail.com
user0370,Melissa Mabrey,2288 Jones Dr SW,3601964259,MelissaMabrey@gmail.com
user0371,Elsi Spatafora,5431 Herschel Dr NE,5418837292,ElsiSpatafora@icloud.com
user0372,Rosina Balfour,7247 Box St W,2067728777,RosinaBalfour@aol.com
user0373,Veronica Speranza,3322 Jesse Pl ,2536264700,VeronicaSperanza@hotmail.com
user0374,Binni Moresi,7996 Indigo Dr ,2069006940,BinniMoresi@outlook.com
user0375,Abagail Spakes,2685 Town Way E,5419276286,AbagailSpakes@gmail.com
user0376,Tine Stumme,5455 Eastlake Way E,2534580895,TineStumme@yahoo.com
user0377,Kameko Lybert,8113 Birmingham Blvd ,5035959182,KamekoLybert@yahoo.com
user0378,Drusi Fenny,6757 Brook St SE,5097154635,DrusiFenny@gmail.com
user0379,Roxane Mackinnon,2509 May Pl E,4256760738,RoxaneMackinnon@icloud.com
user0380,Ricki Anakalea,3312 Holgate Dr E,5098489677,RickiAnakalea@outlook.com
user0381,Jenna Cabellero,4780 Bulwer Dr W,5642179419,JennaCabellero@yahoo.com
user0382,Nixie Bek,8924 Lynn Ave ,5413850216,NixieBek@icloud.com
user0383,Shelley Tavaris,8246 Canal Pl N,2539746907,ShelleyTavaris@gmail.com
user0384,Ronalda Diga,8036 Spring Pl ,5412799005,RonaldaDiga@aol.com
user0385,Phylis Mennella,1268 Galileo Dr N,5642858573,PhylisMennella@outlook.com
user0386,Wallis Mietus,2519 Elder St N,5411367925,WallisMietus@icloud.com
user0387,Olympe Olshefski,8859 Idaho Dr NW,4259301906,OlympeOlshefski@yahoo.com
user0388,Dianna Munshower,1608 Elin St SE,5095178473,DiannaMunshower@yahoo.com
user0389,Grete Tadman,8948 Mcgraw St NW,5640254099,GreteTadman@yahoo.com
user0390,Rita Chou,7064 Drexel St S,2539251705,RitaChou@gmail.com
user0391,Bunny Newport,3808 Hayes Ave E,5649765307,BunnyNewport@aol.com
user0392,Tatum Grider,8318 Windon Pl NW,5413549879,TatumGrider@hotmail.com
user0393,Delilah Pingitore,1153 Twelfth Ave SE,5415792336,DelilahPingitore@outlook.com
user0394,Lorna Freet,2238 Ward Pl ,5411376042,LornaFreet@gmail.com
user0395,Orelie Bjornberg,8597 Williams Blvd NW,5037893261,OrelieBjornberg@outlook.com
user0396,Cynthea Ahlgren,6304 Davis Pl SE,2060506208,CyntheaAhlgren@hotmail.com
user0397,Kaela Blacio,4574 Western Way ,2060303982,KaelaBlacio@aol.com
user0398,Bernetta Koppy,3012 May Way N,4255806760,BernettaKoppy@icloud.com
user0399,Mariellen Hunking,7857 Franklin Pl ,2065356350,MariellenHunking@icloud.com
user0400,Monah Shiels,3292 Rulon Blvd ,5648383086,MonahShiels@outlook.com
user0401,Leoline Markstrom,2353 Everett Blvd SW,5099764294,LeolineMarkstrom@hotmail.com
user0402,Jocelyne Gummersall,3150 Charles Blvd SW,5032641912,JocelyneGummersall@hotmail.com
user0403,Mellicent Kennelly,8594 Malden Way ,2069075246,MellicentKennelly@yahoo.com
user0404,Danella Lamarca,5251 Grace Dr ,5034122331,DanellaLamarca@yahoo.com
user0405,Hallie Lietzow,3105 Rollin Dr SW,4258683108,HallieLietzow@icloud.com
user0406,Phillis Wycoff,4307 Davis Ave SW,5415526469,PhillisWycoff@aol.com
user0407,Hailee Kamensky,8246 Birch Dr NW,2537860012,HaileeKamensky@icloud.com
user0408,Penelopa Capezzuto,8686 Connecticut Pl SW,5642903076,PenelopaCapezzuto@aol.com
user0409,Ilysa Korgie,1609 Pontius Ave N,2531924784,IlysaKorgie@outlook.com
user0410,Elna Speckman,8494 Werett Ave ,5098133345,ElnaSpeckman@outlook.com
user0411,Fanechka Baker,6473 Elder St SE,2064594931,FanechkaBaker@outlook.com
user0412,Ainsley Artola,3049 Mcgraw St W,2532960316,AinsleyArtola@hotmail.com
user0413,Shandie Mcglaun,3585 Lake View Ave ,2538311086,ShandieMcglaun@gmail.com
user0414,Jammie Fleshman,6395 Cooke Blvd SE,3609810686,JammieFleshman@gmail.com
user0415,Kettie Hoggle,4385 Randolph Dr S,5033802619,KettieHoggle@icloud.com
user0416,Kellsie Wildt,4127 Crockett Blvd ,2065107807,KellsieWildt@icloud.com
user0417,Joline Horton,7565 Twenty-Sixth Blvd S,5033352590,JolineHorton@icloud.com
user0418,Georgia Seifts,8399 Havens Pl E,5039552021,GeorgiaSeifts@aol.com
user0419,Philipa Ferderer,6355 Morse Way NW,2539922403,PhilipaFerderer@outlook.com
user0420,April Bierstedt,7319 Park St ,3602898004,AprilBierstedt@aol.com
user0421,Henriette Salandy,3002 Green Pl SW,5031821696,HenrietteSalandy@hotmail.com
user0422,Clarine Pittillo,6127 Modjeska Pl ,5411826784,ClarinePittillo@aol.com
user0423,Cheryl Vanaller,4982 Davis Way E,5642794584,CherylVanaller@aol.com
user0424,Elizabet Guerard,7522 Cooke Pl SW,5031594984,ElizabetGuerard@gmail.com
user0425,Riannon Stillwell,5910 Twenty-Fifth Pl NW,5648809154,RiannonStillwell@aol.com
user0426,Celinka Frost,7041 Payne Pl SW,5413863291,CelinkaFrost@outlook.com
user0427,Christye Lalim,8947 Vanderbilt Way NW,5645092907,ChristyeLalim@yahoo.com
user0428,Shawnee Talicska,8746 Chelan Way W,5417286401,ShawneeTalicska@aol.com
user0429,Roshelle Gofman,8875 George Way W,4251944150,RoshelleGofman@yahoo.com
user0430,Arly Dickason,7350 Marshall Pl S,5649228013,ArlyDickason@icloud.com
user0431,Pru Reeb,7081 Campbell Way ,3600628665,PruReeb@icloud.com
user0432,Lyndell Segawa,2071 Waterton Dr S,5647096111,LyndellSegawa@icloud.com
user0433,Celene Skov,7168 Silver Way W,5419454360,CeleneSkov@outlook.com
user0434,Cathyleen Quann,3795 Carrie Pl NW,2062398677,CathyleenQuann@aol.com
user0435,Adda Sorum,6227 Donworth Pl ,5032621007,AddaSorum@outlook.com
user0436,Renee Credi,8325 Diomede Ave SW,5647229733,ReneeCredi@outlook.com
user0437,Lenka Jardot,5094 Baxter Way SE,5092006669,LenkaJardot@outlook.com
user0438,Margarette Thuney,3773 Grange St N,5412285864,MargaretteThuney@hotmail.com
user0439,Ursuline Egwuohua,1081 Thirty-Fifth St NW,5035793831,UrsulineEgwuohua@yahoo.com
user0440,Andrei Sobol,3420 Broad Pl ,5034829971,AndreiSobol@icloud.com
user0441,Raquel Wesloh,2770 Eighth Way ,4259686804,RaquelWesloh@outlook.com
user0442,Allie Luckman,2092 Marmion Blvd NW,4252278719,AllieLuckman@gmail.com
user0443,Corissa Averhart,5449 Wilford St NE,5644694560,CorissaAverhart@icloud.com
user0444,Jocelyne Aardema,5343 Thirty-Ninth Dr N,4257499569,JocelyneAardema@icloud.com
user0445,Odette Basha,5042 Liberty Blvd ,5646068959,OdetteBasha@hotmail.com
user0446,Min Nyswonger,8125 Shearbrook St NW,5645033496,MinNyswonger@aol.com
user0447,Lesley Arif,8892 Smiths Blvd N,5032448556,LesleyArif@aol.com
user0448,Sarene Wilcut,3539 Terry St NW,2532633330,SareneWilcut@gmail.com
user0449,Cynde Eshom,3878 Thirty-Ninth Way NE,5092490215,CyndeEshom@aol.com
user0450,Devon Oseguera,6582 Central Blvd W,5030713427,DevonOseguera@yahoo.com
user0451,Hannis Sannutti,2525 Helen St ,2062777376,HannisSannutti@gmail.com
user0452,Mirabel Donkor,5732 Havens Dr ,5642287852,MirabelDonkor@aol.com
user0453,Eleanora Drollinger,1380 Fourteenth Way SE,4257791429,EleanoraDrollinger@aol.com
user0454,Carlita Schaunt,8744 Twelfth St S,5416128490,CarlitaSchaunt@icloud.com
user0455,Nona Wilkson,8233 Granada Blvd ,2535681899,NonaWilkson@icloud.com
user0456,Rosanna Sward,6450 Frederick Dr W,5418186947,RosannaSward@gmail.com
user0457,Sondra Coller,5199 Grand Blvd ,2060008205,SondraColler@hotmail.com
user0458,Kellie Sakkas,8552 Farm St SW,5097553223,KellieSakkas@outlook.com
user0459,Dorelle Rosenwald,3021 Twentieth St N,5093970837,DorelleRosenwald@aol.com
user0460,Courtenay Hilsendager,2549 Aldrich Dr N,5412277418,CourtenayHilsendager@icloud.com
user0461,Kirstyn Rubero,4334 Green Way NE,5099065153,KirstynRubero@icloud.com
user0462,Britta Silverstein,8971 Thirty-Third Way ,5417702996,BrittaSilverstein@aol.com
user0463,Almire Ainge,7881 Denny Blvd W,5092977612,AlmireAinge@gmail.com
user0464,Wilmette Men,8337 Bluff Dr W,5035276700,WilmetteMen@hotmail.com
user0465,Anstice Whitlach,3580 Twenty-Fifth St SE,5642210473,AnsticeWhitlach@gmail.com
user0466,Toma Deforge,7482 Lake View St SW,4258646179,TomaDeforge@icloud.com
user0467,Lianne Loverich,5711 Wilfred Ave S,5644315006,LianneLoverich@hotmail.com
user0468,Junina Delucchi,2657 Park Way SW,4253881659,JuninaDelucchi@aol.com
user0469,Crysta Macer,6359 Stephens Blvd NW,3607345037,CrystaMacer@yahoo.com
user0470,Ira Geffrard,4147 Washington Way NW,5413785444,IraGeffrard@gmail.com
user0471,Annmarie Spara,4883 Waite Blvd ,2062561626,AnnmarieSpara@yahoo.com
user0472,Frederique Reel,5394 Forty-First Ave NW,2532158355,FrederiqueReel@icloud.com
user0473,Cathyleen Marsolek,4976 Victory St W,5646266403,CathyleenMarsolek@gmail.com
user0474,Pam Sadee,1864 Bradford St ,5648769891,PamSadee@hotmail.com
user0475,Candis Fitzpatrick,1775 Davis Pl E,5030382380,CandisFitzpatrick@gmail.com
user0476,Barrie Apple,4575 Thirty-Fourth Way ,3605697775,BarrieApple@gmail.com
user0477,Marla Quastad,7986 Stacy Way NW,3601147146,MarlaQuastad@hotmail.com
user0478,Marlene Womeldorff,7790 Summit Ave W,5096560816,MarleneWomeldorff@aol.com
user0479,Gratiana Wippert,6265 Fourteenth Dr ,5034271439,GratianaWippert@aol.com
user0480,Lori Teece,2514 Marietta Blvd SW,2535338592,LoriTeece@icloud.com
user0481,Kate Lasota,1788 Mountain St ,4253918014,KateLasota@gmail.com
user0482,Ardelle Kerman,1688 Division Way E,2065850408,ArdelleKerman@aol.com
user0483,Annie Hutter,6441 Yesler Dr S,2068783545,AnnieHutter@icloud.com
user0484,Quintilla Start,3380 Violet Pl ,5039860372,QuintillaStart@hotmail.com
user0485,Elset Manon,6286 Rochester St ,2061166492,ElsetManon@aol.com
user0486,Vinny Shillito,1422 Marmion St NW,5417879375,VinnyShillito@icloud.com
user0487,Frances Guerrette,8619 Highland Blvd NE,4256221275,FrancesGuerrette@aol.com
user0488,Ariel Wearing,1801 Prince St NE,2062854369,ArielWearing@outlook.com
user0489,Cecilla Bettridge,1045 Davidson St SW,2538922401,CecillaBettridge@hotmail.com
user0490,Courtenay Goens,2889 Fourteenth Ave W,5030361950,CourtenayGoens@outlook.com
user0491,Carol Allenbach,3382 Victory St S,5410240611,CarolAllenbach@outlook.com
user0492,Lida Shanholtz,3160 Irving Ave SW,5644746991,LidaShanholtz@aol.com
user0493,Roby Bamford,4573 Wilkes Way W,2065869612,RobyBamford@yahoo.com
user0494,Marcille Mccutchan,8372 Mclellan Ave NE,5098945012,MarcilleMccutchan@yahoo.com
user0495,Ashlee Gallander,2082 Charlestown St E,5094907688,AshleeGallander@icloud.com
user0496,Josefina Bukovsky,1920 Waterton Pl N,5035913886,JosefinaBukovsky@yahoo.com
user0497,Eyde Mckibbon,7857 Granada Dr W,2530398931,EydeMckibbon@outlook.com
user0498,Riva Vine,6384 Squire Way SW,5414374094,RivaVine@aol.com
user0499,Cordelie Chowning,6511 Oakley Blvd W,5095666635,CordelieChowning@hotmail.com
user0500,Marta Gargano,3764 Champa Ave W,4257892079,MartaGargano@aol.com
