user_id,name,address,phone_number,email
cust_1,George Washington,4 Bowling Green,2125555555,george@governmenthouse.com
cust_2,John Adams,524-30 Market St,2675551212,john@presidentshouse.com
cust_3,Thomas Jefferson,1600 Pennsylvania Ave,2029999999,thomas@whitehouse.gov
cust_4,Ginny Cunningham,40657 Oldtown Rd,8896857277,ginny.cunningham@quorum.com
cust_5,Sean Wilson,22591 Island Dr,8858355161,sean.wilson@cmm.com
cust_6,Jessica Cunningham,89670 Zzyzx Rd,5592607265,jessica.cunningham@pinternet.com
cust_7,Philippa Borman,32583 Hacienda Ter,3570130016,philippa.borman@dmail.com
cust_8,Tywin Thompson,33475 South St,9103152466,tywin.thompson@goggle.com
cust_9,Natalie Dillinger,35500 King Pkwy,6094527308,natalie.dillinger@indiewentwent.com
cust_10,Tywin Fitzgerald,77170 South St,4229132967,tywin.fitzgerald@facefolder.com
cust_11,David Thompson,85757 Zzyzx Rd,7537631861,david.thompson@exfeedia.com
cust_12,Liam Livingston,1030 South St,6361782455,liam.livingston@koldaid.com
cust_13,Alan King,34628 Euclid Wy,1070538517,alan.king@facefolder.com
cust_14,Fred Isaacson,35134 Valkyrie Wy,9554367760,fred.isaacson@dmail.com
cust_15,Katie Ellington,26896 London Ave,9935005417,katie.ellington@bong.com
cust_16,Michael Dillinger,53309 Main St,3691791981,michael.dillinger@cmm.com
cust_17,Christopher Fitzgerald,89623 Island Dr,4297388837,christopher.fitzgerald@cmm.com
cust_18,Harold Dillinger,84952 South St,9875745838,harold.dillinger@bong.com
cust_19,Liam Michaelson,67571 First St,7709436224,liam.michaelson@levos.com
cust_20,David Isaacson,41075 West St,1535466141,david.isaacson@cmm.com
cust_21,Jessica Wilson,97905 First St,7217040614,jessica.wilson@dmail.com
cust_22,Tywin Michaelson,73259 West St,2425632598,tywin.michaelson@cmm.com
cust_23,Sean Ellington,67995 Yesler Wy,6369170488,sean.ellington@aul.com
cust_24,Beverly Livingston,96523 South St,8862515073,beverly.livingston@aul.com
cust_25,Alan Fitzgerald,48725 Port St,4080916102,alan.fitzgerald@facefolder.com
cust_26,Michael Dillinger,37789 Yesler Wy,4821491580,michael.dillinger@munster.com
cust_27,Fred Gutenberg,60305 Main St,3846277729,fred.gutenberg@munster.com
cust_28,Quincy Borman,69416 Zzyzx Rd,7517675243,quincy.borman@napple.com
cust_29,Sean Nelson,18488 King Pkwy,8273282288,sean.nelson@cmm.com
cust_30,Quincy Livingston,99745 London Ave,1108537872,quincy.livingston@munster.com
cust_31,William Gutenberg,93206 Main St,4909386293,william.gutenberg@indiewentwent.com
cust_32,Michael Borman,11834 Thomas St,9211815354,michael.borman@cmm.com
cust_33,Quincy Hindenberg,99179 Yesler Wy,6631840785,quincy.hindenberg@aul.com
cust_34,Alan King,75871 West St,2362811016,alan.king@munster.com
cust_35,Jessica Sutherland,23637 Port St,7784545758,jessica.sutherland@aul.com
cust_36,Harold Hindenberg,49681 Oldtown Rd,1590516061,harold.hindenberg@jimmyjanes.com
cust_37,Fred Anderson,56757 Euclid Wy,6026121596,fred.anderson@aul.com
cust_38,Ines Dillinger,59282 South St,5472156405,ines.dillinger@levos.com
cust_39,Philippa Anderson,23605 Columbus Cir,6328514668,philippa.anderson@pinternet.com
cust_40,Ginny Ellington,6314 Xanadu St,3010835570,ginny.ellington@cmm.com
cust_41,Jessica Isaacson,21146 Euclid Wy,1958270205,jessica.isaacson@indiewentwent.com
cust_42,Beverly Thompson,98411 First St,1356108263,beverly.thompson@quorum.com
cust_43,Beverly Borman,58143 Xanadu St,9643909642,beverly.borman@munster.com
cust_44,Jessica Michaelson,85389 First St,2469060487,jessica.michaelson@exfeedia.com
cust_45,Ines Gutenberg,56103 Port St,1950652479,ines.gutenberg@quorum.com
cust_46,Liam Cunningham,39384 Union St,2311202141,liam.cunningham@facefolder.com
cust_47,Alan Anderson,97968 Xanadu St,5560114736,alan.anderson@oreoz.com
cust_48,William Hindenberg,20786 King Pkwy,7194084509,william.hindenberg@exfeedia.com
cust_49,Quincy King,35691 Dragon Ave,7585307309,quincy.king@homemail.com
cust_50,Katie Livingston,3927 Valkyrie Wy,5441954052,katie.livingston@munster.com
cust_51,Michael Anderson,31880 Port St,2642667703,michael.anderson@pinternet.com
cust_52,Liam Cunningham,79643 South St,5340810148,liam.cunningham@napple.com
cust_53,Michael Thompson,89627 First St,2105545844,michael.thompson@munster.com
cust_54,Elizabeth Anderson,34366 Island Dr,4247477499,elizabeth.anderson@munster.com
cust_55,David Gutenberg,52250 Euclid Wy,6521363944,david.gutenberg@levos.com
cust_56,Ginny Thompson,92517 South St,5106597955,ginny.thompson@munster.com
cust_57,Ines King,28723 Dragon Ave,6152800939,ines.king@koldaid.com
cust_58,Liam Michaelson,43204 Jones Rd,7800469945,liam.michaelson@cmm.com
cust_59,Harold Dillinger,52305 Jones Rd,5787186667,harold.dillinger@napple.com
cust_60,Christopher Nelson,38832 Aardvark Ln,3752457897,christopher.nelson@koldaid.com
cust_61,Ines Fitzgerald,54462 London Ave,8927019936,ines.fitzgerald@levos.com
cust_62,Natalie Michaelson,83476 Gold Rd,7609718584,natalie.michaelson@exfeedia.com
cust_63,William Isaacson,58149 Jones Rd,4489582416,william.isaacson@quorum.com
cust_64,Liam Borman,2073 Oldtown Rd,5455725639,liam.borman@facefolder.com
cust_65,David Gutenberg,29405 Main St,4568135609,david.gutenberg@pinternet.com
cust_66,Ines Thompson,55963 Main St,2498147167,ines.thompson@munster.com
cust_67,Sean King,18533 Oldtown Rd,3584757818,sean.king@dmail.com
cust_68,Christopher Cunningham,71586 Main St,4039157776,christopher.cunningham@facefolder.com
cust_69,Philippa King,58640 Yesler Wy,7945293599,philippa.king@napple.com
cust_70,Michael Borman,32056 Main St,5474870494,michael.borman@quorum.com
cust_71,Quincy Thompson,7010 Birch St,9405348811,quincy.thompson@dmail.com
cust_72,Liam Ellington,36409 First St,6348496004,liam.ellington@koldaid.com
cust_73,Natalie Nelson,80740 Gold Rd,3480134659,natalie.nelson@munster.com
cust_74,Harold Livingston,30992 Thomas St,2448771341,harold.livingston@quorum.com
cust_75,Natalie Ellington,73233 Xanadu St,8008237624,natalie.ellington@levos.com
cust_76,Ginny Fitzgerald,84291 Main St,2101458980,ginny.fitzgerald@oreoz.com
cust_77,Ines Dillinger,91269 Thomas St,4052653495,ines.dillinger@indiewentwent.com
cust_78,Ginny Fitzgerald,22572 Port St,4029873579,ginny.fitzgerald@levos.com
cust_79,Jessica Sutherland,74883 North Pkwy,9870805870,jessica.sutherland@indiewentwent.com
cust_80,Fred Sutherland,11079 Aardvark Ln,1435286985,fred.sutherland@facefolder.com
cust_81,Natalie Wilson,98553 Columbus Cir,9416063267,natalie.wilson@quorum.com
cust_82,Natalie Michaelson,27310 Zzyzx Rd,8984639275,natalie.michaelson@indiewentwent.com
cust_83,David Michaelson,9156 Zzyzx Rd,8907645947,david.michaelson@bong.com
cust_84,Quincy Wilson,55089 Zzyzx Rd,9633399702,quincy.wilson@napple.com
cust_85,Michael Sutherland,846 Xanadu St,9789453136,michael.sutherland@levos.com
cust_86,Ginny Ellington,10523 Oldtown Rd,8875751486,ginny.ellington@aul.com
cust_87,Natalie Thompson,51576 Queen Ave,4639717948,natalie.thompson@levos.com
cust_88,Liam Nelson,75869 London Ave,1362509279,liam.nelson@exfeedia.com
cust_89,David Dillinger,39200 Columbus Cir,2004239227,david.dillinger@cmm.com
cust_90,Ginny Ellington,83482 North Pkwy,6285747689,ginny.ellington@levos.com
cust_91,Beverly Livingston,38396 Thomas St,9629430976,beverly.livingston@munster.com
cust_92,Katie Wilson,45625 King Pkwy,1943582192,katie.wilson@jimmyjanes.com
cust_93,Natalie Fitzgerald,65286 Thomas St,8158630550,natalie.fitzgerald@dmail.com
cust_94,Natalie Fitzgerald,34276 Thomas St,8694365227,natalie.fitzgerald@cmm.com
cust_95,Katie Thompson,53357 London Ave,7329372157,katie.thompson@koldaid.com
cust_96,Michael Gutenberg,66966 Royale Wy,2273635717,michael.gutenberg@levos.com
cust_97,David Fitzgerald,15931 Queen Ave,2953670826,david.fitzgerald@homemail.com
cust_98,Quincy Fitzgerald,95827 Xanadu St,6109176323,quincy.fitzgerald@indiewentwent.com
cust_99,Quincy Borman,96984 Port St,5110333831,quincy.borman@cmm.com
cust_100,Natalie Sutherland,12175 Dragon Ave,6848268646,natalie.sutherland@homemail.com
cust_101,Elizabeth King,30934 Euclid Wy,3651293019,elizabeth.king@exfeedia.com
cust_102,Ines Borman,8826 North Pkwy,4869505718,ines.borman@koldaid.com
cust_103,Michael Hindenberg,60353 North Pkwy,7190273923,michael.hindenberg@exfeedia.com
cust_104,Ginny Sutherland,54399 Yesler Wy,6111091644,ginny.sutherland@indiewentwent.com
cust_105,Fred Fitzgerald,66318 Dragon Ave,7788598570,fred.fitzgerald@levos.com
cust_106,Alan Sutherland,35160 Dragon Ave,1404002402,alan.sutherland@exfeedia.com
cust_107,Michael Cunningham,19387 Island Dr,2155698527,michael.cunningham@facefolder.com
cust_108,Liam Borman,97526 Dragon Ave,7649835495,liam.borman@aul.com
cust_109,Ginny Wilson,73123 Jones Rd,7028700421,ginny.wilson@quorum.com
cust_110,Tywin Isaacson,92559 Euclid Wy,9750934470,tywin.isaacson@exfeedia.com
cust_111,Ginny Anderson,34534 Union St,1288638065,ginny.anderson@levos.com
cust_112,Natalie Michaelson,82949 Yesler Wy,9516749004,natalie.michaelson@levos.com
cust_113,Philippa Anderson,98637 Main St,8302509809,philippa.anderson@levos.com
cust_114,Katie Cunningham,73529 South St,3410188209,katie.cunningham@indiewentwent.com
cust_115,Elizabeth Ellington,97319 Columbus Cir,1964324373,elizabeth.ellington@aul.com
cust_116,William Livingston,43274 Xanadu St,5620124074,william.livingston@munster.com
cust_117,Fred Michaelson,80996 Birch St,5085876641,fred.michaelson@jimmyjanes.com
cust_118,Michael Michaelson,9795 Main St,8996580617,michael.michaelson@napple.com
cust_119,Natalie Hindenberg,62670 Zzyzx Rd,6517327154,natalie.hindenberg@dmail.com
cust_120,Natalie Nelson,36889 Queen Ave,4231804794,natalie.nelson@dmail.com
cust_121,Jessica Sutherland,21574 North Pkwy,1872054978,jessica.sutherland@aul.com
cust_122,Ginny Ellington,79619 Port St,5419606207,ginny.ellington@indiewentwent.com
cust_123,Harold Isaacson,89589 Valkyrie Wy,6168034221,harold.isaacson@facefolder.com
cust_124,Michael Dillinger,89246 Valkyrie Wy,9373331404,michael.dillinger@jimmyjanes.com
cust_125,Liam Wilson,30226 Jones Rd,2563985153,liam.wilson@jimmyjanes.com
cust_126,Christopher Hindenberg,24003 London Ave,2189275528,christopher.hindenberg@exfeedia.com
cust_127,William Sutherland,8152 Euclid Wy,3827786389,william.sutherland@bong.com
cust_128,Elizabeth Fitzgerald,57613 King Pkwy,5577040955,elizabeth.fitzgerald@quorum.com
cust_129,David Michaelson,82544 Valkyrie Wy,7707693888,david.michaelson@bong.com
cust_130,William Fitzgerald,52861 Thomas St,4093877813,william.fitzgerald@facefolder.com
cust_131,Katie Ellington,76318 Oldtown Rd,1884147308,katie.ellington@munster.com
cust_132,Philippa King,85107 Union St,1043591608,philippa.king@facefolder.com
cust_133,Michael Wilson,5885 South St,5839650133,michael.wilson@cmm.com
cust_134,Fred Nelson,90089 Thomas St,6179030807,fred.nelson@munster.com
cust_135,Quincy Fitzgerald,32077 Thomas St,5422521461,quincy.fitzgerald@munster.com
cust_136,Michael Ellington,50395 Birch St,5097531090,michael.ellington@pinternet.com
cust_137,Quincy Thompson,45341 Port St,3972101678,quincy.thompson@oreoz.com
cust_138,Sean King,7980 Yesler Wy,4811369856,sean.king@oreoz.com
cust_139,William Sutherland,49806 Jones Rd,4398060118,william.sutherland@levos.com
cust_140,Michael Cunningham,60681 Birch St,4321764905,michael.cunningham@levos.com
cust_141,Jessica Wilson,24180 Valkyrie Wy,1236966702,jessica.wilson@dmail.com
cust_142,Quincy Thompson,54644 Zzyzx Rd,1255088379,quincy.thompson@jimmyjanes.com
cust_143,Elizabeth Hindenberg,19508 Euclid Wy,3113653432,elizabeth.hindenberg@exfeedia.com
cust_144,Michael Anderson,80901 Main St,4109212283,michael.anderson@dmail.com
cust_145,William Sutherland,25985 King Pkwy,6568284706,william.sutherland@napple.com
cust_146,Sean Borman,38669 Yesler Wy,8498611476,sean.borman@quorum.com
cust_147,Katie Livingston,94305 London Ave,5192057022,katie.livingston@goggle.com
cust_148,Tywin Thompson,56014 South St,5518421276,tywin.thompson@levos.com
cust_149,Quincy Hindenberg,82967 King Pkwy,2673286661,quincy.hindenberg@aul.com
cust_150,Harold Borman,40688 Yesler Wy,3328682998,harold.borman@pinternet.com
cust_151,David Hindenberg,4839 Port St,3353749047,david.hindenberg@dmail.com
cust_152,Ines Wilson,40526 Jones Rd,6888626099,ines.wilson@koldaid.com
cust_153,Fred Ellington,88605 Queen Ave,1884418486,fred.ellington@jimmyjanes.com
cust_154,Philippa Dillinger,54125 Hacienda Ter,8007970714,philippa.dillinger@exfeedia.com
cust_155,Harold Fitzgerald,51112 Dragon Ave,2657334942,harold.fitzgerald@pinternet.com
cust_156,Alan Cunningham,24817 West St,9177270855,alan.cunningham@oreoz.com
cust_157,Sean Isaacson,94823 First St,9417679014,sean.isaacson@munster.com
cust_158,Harold Borman,37582 King Pkwy,9193838160,harold.borman@goggle.com
cust_159,Alan Michaelson,81624 Oldtown Rd,3228642821,alan.michaelson@aul.com
cust_160,Ginny Hindenberg,54198 South St,7169323111,ginny.hindenberg@aul.com
cust_161,Katie Cunningham,96498 Columbus Cir,4670024623,katie.cunningham@exfeedia.com
cust_162,Liam Michaelson,23780 North Pkwy,7387753608,liam.michaelson@pinternet.com
cust_163,Beverly Nelson,83786 Euclid Wy,1338004306,beverly.nelson@oreoz.com
cust_164,Quincy King,21603 South St,5771457942,quincy.king@dmail.com
cust_165,Sean Gutenberg,89634 First St,7175571821,sean.gutenberg@indiewentwent.com
cust_166,Ginny Sutherland,38155 Birch St,5523244664,ginny.sutherland@napple.com
cust_167,Jessica Gutenberg,65714 Royale Wy,3835140003,jessica.gutenberg@munster.com
cust_168,Ginny Thompson,26519 Gold Rd,6254572798,ginny.thompson@indiewentwent.com
cust_169,Michael Dillinger,83616 Port St,2070142321,michael.dillinger@koldaid.com
cust_170,Quincy Nelson,57795 Island Dr,6520326997,quincy.nelson@oreoz.com
cust_171,Jessica Ellington,23438 Yesler Wy,5627833055,jessica.ellington@homemail.com
cust_172,Fred Sutherland,26361 First St,6682276122,fred.sutherland@exfeedia.com
cust_173,Alan Cunningham,49391 Gold Rd,9486672620,alan.cunningham@jimmyjanes.com
cust_174,Ginny Gutenberg,19908 London Ave,5540260963,ginny.gutenberg@goggle.com
cust_175,Sean Thompson,96086 Main St,3534937824,sean.thompson@bong.com
cust_176,Alan Isaacson,90749 Columbus Cir,3128417650,alan.isaacson@cmm.com
cust_177,Quincy Michaelson,69024 Hacienda Ter,6309327942,quincy.michaelson@quorum.com
cust_178,Tywin Borman,49541 Euclid Wy,7732576800,tywin.borman@cmm.com
cust_179,Alan Borman,34002 First St,9771937264,alan.borman@munster.com
cust_180,Natalie Dillinger,41446 Xanadu St,2287833463,natalie.dillinger@goggle.com
cust_181,Ines Dillinger,75432 Island Dr,8079325682,ines.dillinger@indiewentwent.com
cust_182,Ginny Sutherland,92639 Zzyzx Rd,9588998972,ginny.sutherland@aul.com
cust_183,David Nelson,27036 Aardvark Ln,7756822724,david.nelson@pinternet.com
cust_184,Jessica Anderson,1308 Yesler Wy,6889494566,jessica.anderson@indiewentwent.com
cust_185,Harold Livingston,75224 King Pkwy,4475949951,harold.livingston@cmm.com
cust_186,Fred Borman,74265 North Pkwy,1431088881,fred.borman@goggle.com
cust_187,Jessica Fitzgerald,41003 Gold Rd,1691852378,jessica.fitzgerald@napple.com
cust_188,Tywin Gutenberg,73187 Island Dr,4500046548,tywin.gutenberg@dmail.com
cust_189,Tywin Fitzgerald,14209 First St,8363361630,tywin.fitzgerald@munster.com
cust_190,Katie Sutherland,84017 Jones Rd,5389192170,katie.sutherland@exfeedia.com
cust_191,Sean Livingston,31441 Aardvark Ln,7702232035,sean.livingston@aul.com
cust_192,Michael Dillinger,98839 Island Dr,7038163771,michael.dillinger@jimmyjanes.com
cust_193,Natalie Isaacson,60954 London Ave,9270283676,natalie.isaacson@napple.com
cust_194,Liam King,81529 Dragon Ave,9272653798,liam.king@cmm.com
cust_195,Fred Dillinger,96380 Union St,9929848423,fred.dillinger@aul.com
cust_196,Christopher Isaacson,56030 Oldtown Rd,9848679566,christopher.isaacson@cmm.com
cust_197,Beverly Dillinger,50522 London Ave,3237428001,beverly.dillinger@dmail.com
cust_198,William Wilson,80237 Main St,9480030386,william.wilson@oreoz.com
cust_199,Katie Hindenberg,74748 Xanadu St,3862819407,katie.hindenberg@bong.com
cust_200,Katie Borman,92488 Yesler Wy,6702616821,katie.borman@jimmyjanes.com
cust_201,William Fitzgerald,25356 Birch St,1202342121,william.fitzgerald@koldaid.com
cust_202,Tywin Wilson,19720 Union St,5602215620,tywin.wilson@koldaid.com
cust_203,David Ellington,20791 Royale Wy,8061148148,david.ellington@cmm.com
cust_204,Harold Livingston,89785 London Ave,6667715221,harold.livingston@oreoz.com
cust_205,Elizabeth Nelson,13630 Euclid Wy,1525230071,elizabeth.nelson@indiewentwent.com
cust_206,David Anderson,58405 Hacienda Ter,2037533022,david.anderson@levos.com
cust_207,David Michaelson,55718 Birch St,1160774878,david.michaelson@munster.com
cust_208,David Cunningham,19494 North Pkwy,9263918383,david.cunningham@dmail.com
cust_209,Quincy Thompson,63797 London Ave,9892646058,quincy.thompson@levos.com
cust_210,Liam Wilson,79611 Xanadu St,5882342800,liam.wilson@napple.com
cust_211,William Cunningham,10548 Queen Ave,3128913222,william.cunningham@cmm.com
cust_212,Philippa Thompson,92074 Valkyrie Wy,4937530238,philippa.thompson@goggle.com
cust_213,Beverly Thompson,33816 Zzyzx Rd,5286730233,beverly.thompson@dmail.com
cust_214,Sean Dillinger,40645 Union St,2274647580,sean.dillinger@munster.com
cust_215,Katie Sutherland,42862 Valkyrie Wy,5072928280,katie.sutherland@pinternet.com
cust_216,Ines Ellington,35900 Xanadu St,4303341017,ines.ellington@munster.com
cust_217,Katie Isaacson,31334 Queen Ave,8076037763,katie.isaacson@napple.com
cust_218,Liam Hindenberg,29864 Euclid Wy,9747043109,liam.hindenberg@bong.com
cust_219,Ines Livingston,64475 Royale Wy,5521450857,ines.livingston@aul.com
cust_220,Philippa Wilson,94722 Port St,1409097079,philippa.wilson@munster.com
cust_221,Harold Michaelson,49826 Euclid Wy,1675667873,harold.michaelson@quorum.com
cust_222,Sean Nelson,85842 Valkyrie Wy,8534289586,sean.nelson@quorum.com
cust_223,Jessica King,83026 Gold Rd,6361696415,jessica.king@napple.com
cust_224,Ines Borman,7717 Jones Rd,3473991762,ines.borman@exfeedia.com
cust_225,Ines Anderson,6099 First St,2910562769,ines.anderson@munster.com
cust_226,Michael Cunningham,40220 Xanadu St,4960454606,michael.cunningham@koldaid.com
cust_227,Ginny Borman,90358 Island Dr,5657449467,ginny.borman@bong.com
cust_228,Fred Hindenberg,24861 Columbus Cir,5727793806,fred.hindenberg@quorum.com
cust_229,Katie Nelson,53756 Dragon Ave,6266041903,katie.nelson@oreoz.com
cust_230,Quincy Dillinger,39344 South St,3350844551,quincy.dillinger@indiewentwent.com
cust_231,Ginny Fitzgerald,99134 Main St,7226726937,ginny.fitzgerald@homemail.com
cust_232,Natalie Thompson,82651 Columbus Cir,2205334553,natalie.thompson@aul.com
cust_233,Philippa Livingston,87901 Euclid Wy,7661968133,philippa.livingston@pinternet.com
cust_234,Harold Wilson,93431 Jones Rd,5898890110,harold.wilson@homemail.com
cust_235,Jessica Thompson,28911 Aardvark Ln,5540895564,jessica.thompson@jimmyjanes.com
cust_236,Sean Hindenberg,65677 North Pkwy,1122469912,sean.hindenberg@aul.com
cust_237,Beverly Fitzgerald,33516 Oldtown Rd,3562486375,beverly.fitzgerald@jimmyjanes.com
cust_238,Ines Thompson,48280 Euclid Wy,5078764140,ines.thompson@dmail.com
cust_239,Fred Livingston,84428 First St,1541753138,fred.livingston@bong.com
cust_240,Christopher King,68690 Jones Rd,4026392920,christopher.king@homemail.com
cust_241,Christopher Borman,97241 Birch St,2902895325,christopher.borman@aul.com
cust_242,Alan King,58486 Queen Ave,1015770921,alan.king@dmail.com
cust_243,Alan Ellington,29348 West St,4371178133,alan.ellington@bong.com
cust_244,Ines Nelson,70529 Queen Ave,7735731095,ines.nelson@goggle.com
cust_245,Katie Cunningham,11158 South St,3201401251,katie.cunningham@exfeedia.com
cust_246,Quincy Wilson,30544 Island Dr,5500305835,quincy.wilson@exfeedia.com
cust_247,Alan Michaelson,66608 Aardvark Ln,7555332813,alan.michaelson@dmail.com
cust_248,Alan Cunningham,7586 Zzyzx Rd,4623450528,alan.cunningham@dmail.com
cust_249,Liam King,27082 Birch St,5494050304,liam.king@munster.com
cust_250,Quincy Michaelson,30862 Birch St,4502459993,quincy.michaelson@munster.com
cust_251,Tywin Nelson,78600 Gold Rd,9715828713,tywin.nelson@levos.com
cust_252,Harold Sutherland,97934 Queen Ave,1445420198,harold.sutherland@dmail.com
cust_253,William Isaacson,18173 Gold Rd,3077765034,william.isaacson@aul.com
cust_254,Ginny Borman,99860 First St,2224927706,ginny.borman@pinternet.com
cust_255,Elizabeth Livingston,4626 Euclid Wy,9753061645,elizabeth.livingston@napple.com
cust_256,William Isaacson,54990 London Ave,5494529147,william.isaacson@exfeedia.com
cust_257,Beverly Isaacson,70242 Port St,3992075741,beverly.isaacson@homemail.com
cust_258,Alan King,8015 Yesler Wy,4077437239,alan.king@exfeedia.com
cust_259,Liam Anderson,69678 Valkyrie Wy,7348610661,liam.anderson@napple.com
cust_260,Beverly Wilson,6394 Oldtown Rd,4089043441,beverly.wilson@quorum.com
cust_261,Tywin Nelson,70131 Columbus Cir,8231913148,tywin.nelson@quorum.com
cust_262,Natalie Dillinger,98466 Gold Rd,1700890811,natalie.dillinger@levos.com
cust_263,Beverly Hindenberg,87088 Valkyrie Wy,6242348190,beverly.hindenberg@indiewentwent.com
cust_264,Christopher Gutenberg,90110 West St,9833007385,christopher.gutenberg@napple.com
cust_265,Quincy Hindenberg,47808 West St,9023271026,quincy.hindenberg@cmm.com
cust_266,Tywin Thompson,90035 Royale Wy,7657639907,tywin.thompson@koldaid.com
cust_267,Ines King,66667 London Ave,7207491101,ines.king@facefolder.com
cust_268,Tywin Thompson,89827 Royale Wy,8865177724,tywin.thompson@homemail.com
cust_269,Alan Sutherland,50237 Union St,9435314543,alan.sutherland@indiewentwent.com
cust_270,Ginny King,46793 Valkyrie Wy,3834754910,ginny.king@indiewentwent.com
cust_271,Elizabeth Fitzgerald,35176 Valkyrie Wy,8743055500,elizabeth.fitzgerald@jimmyjanes.com
cust_272,Harold Borman,79016 West St,5583373849,harold.borman@facefolder.com
cust_273,Elizabeth Michaelson,39917 South St,8093387882,elizabeth.michaelson@facefolder.com
cust_274,Jessica Fitzgerald,91889 Xanadu St,7435676857,jessica.fitzgerald@goggle.com
cust_275,Sean Thompson,79890 Columbus Cir,7297197334,sean.thompson@oreoz.com
cust_276,William Wilson,14434 Columbus Cir,7321861473,william.wilson@cmm.com
cust_277,William Sutherland,94552 Valkyrie Wy,4663837313,william.sutherland@homemail.com
cust_278,Liam Gutenberg,60897 Zzyzx Rd,9588237384,liam.gutenberg@koldaid.com
cust_279,Ines Dillinger,85876 Main St,4798714057,ines.dillinger@cmm.com
cust_280,Christopher Sutherland,28784 Thomas St,4840861568,christopher.sutherland@levos.com
cust_281,David Hindenberg,33566 Hacienda Ter,2492256198,david.hindenberg@koldaid.com
cust_282,Katie Fitzgerald,61990 Oldtown Rd,2258258745,katie.fitzgerald@bong.com
cust_283,Philippa Nelson,99540 Jones Rd,3424163389,philippa.nelson@goggle.com
cust_284,Elizabeth Borman,15321 Euclid Wy,9350586885,elizabeth.borman@cmm.com
cust_285,Quincy Borman,35985 Euclid Wy,6803881227,quincy.borman@dmail.com
cust_286,Alan Michaelson,74154 Columbus Cir,3180097987,alan.michaelson@levos.com
cust_287,Natalie Isaacson,69057 Columbus Cir,8379464845,natalie.isaacson@munster.com
cust_288,Quincy Hindenberg,78675 London Ave,2052645111,quincy.hindenberg@facefolder.com
cust_289,William Nelson,43841 Yesler Wy,9878903971,william.nelson@cmm.com
cust_290,Philippa Livingston,48439 Dragon Ave,7317248533,philippa.livingston@dmail.com
cust_291,Beverly Anderson,81558 Yesler Wy,9040036499,beverly.anderson@pinternet.com
cust_292,Natalie Sutherland,31057 Hacienda Ter,2877372374,natalie.sutherland@indiewentwent.com
cust_293,Ginny Borman,57761 Yesler Wy,1419871288,ginny.borman@koldaid.com
cust_294,Ines Dillinger,48722 Oldtown Rd,7387236557,ines.dillinger@dmail.com
cust_295,Natalie Michaelson,81386 Columbus Cir,8967725218,natalie.michaelson@bong.com
cust_296,Harold Fitzgerald,68702 Xanadu St,9884536640,harold.fitzgerald@quorum.com
cust_297,Fred Hindenberg,85572 Island Dr,1003190420,fred.hindenberg@quorum.com
cust_298,Jessica Isaacson,26312 Columbus Cir,3577106573,jessica.isaacson@facefolder.com
cust_299,Michael Fitzgerald,65716 Dragon Ave,2009846173,michael.fitzgerald@exfeedia.com
cust_300,Ines Dillinger,4560 London Ave,1719331138,ines.dillinger@homemail.com
cust_301,Ginny Isaacson,32932 First St,3404440882,ginny.isaacson@oreoz.com
cust_302,Beverly King,4500 London Ave,7000831615,beverly.king@cmm.com
cust_303,Quincy Dillinger,69135 First St,8431362707,quincy.dillinger@pinternet.com
cust_304,Alan Hindenberg,38064 Valkyrie Wy,5976861870,alan.hindenberg@aul.com
cust_305,Katie Livingston,93067 Royale Wy,5980190923,katie.livingston@munster.com
cust_306,Michael Livingston,38269 Island Dr,7085624570,michael.livingston@aul.com
cust_307,Ginny Thompson,65801 Gold Rd,2763546415,ginny.thompson@indiewentwent.com
cust_308,Ines Dillinger,32674 Royale Wy,9701178551,ines.dillinger@dmail.com
cust_309,William Michaelson,21495 Birch St,4297036790,william.michaelson@napple.com
cust_310,Natalie Gutenberg,75877 South St,2310578844,natalie.gutenberg@indiewentwent.com
cust_311,Michael Sutherland,13325 North Pkwy,6866519844,michael.sutherland@dmail.com
cust_312,Sean Michaelson,51143 Port St,6210483710,sean.michaelson@pinternet.com
cust_313,David Cunningham,82825 Yesler Wy,9908771823,david.cunningham@exfeedia.com
cust_314,Ines Fitzgerald,44501 Jones Rd,3327934254,ines.fitzgerald@levos.com
cust_315,Sean King,29415 Port St,3498375791,sean.king@cmm.com
cust_316,Philippa Dillinger,98237 First St,3247278048,philippa.dillinger@munster.com
cust_317,Alan Sutherland,6615 Yesler Wy,9407275458,alan.sutherland@quorum.com
cust_318,Liam Michaelson,28015 Main St,1693583393,liam.michaelson@indiewentwent.com
cust_319,Ginny Nelson,47452 First St,9731518130,ginny.nelson@homemail.com
cust_320,Beverly Borman,40864 Dragon Ave,9657870557,beverly.borman@goggle.com
cust_321,Alan King,17690 Main St,9591543948,alan.king@indiewentwent.com
cust_322,Tywin Livingston,91852 Yesler Wy,3808537867,tywin.livingston@homemail.com
cust_323,Quincy Michaelson,15469 Island Dr,6241399491,quincy.michaelson@facefolder.com
cust_324,Sean Sutherland,81427 Xanadu St,9747791371,sean.sutherland@koldaid.com
cust_325,Ines Borman,83521 Dragon Ave,8185561806,ines.borman@oreoz.com
cust_326,William King,56792 Xanadu St,3419156820,william.king@facefolder.com
cust_327,Sean King,8325 London Ave,6640908459,sean.king@napple.com
cust_328,Sean Gutenberg,52726 Jones Rd,1845766509,sean.gutenberg@quorum.com
cust_329,Fred Sutherland,99888 West St,5494332465,fred.sutherland@quorum.com
cust_330,William Ellington,40863 Xanadu St,3227402196,william.ellington@aul.com
cust_331,David Dillinger,60249 Queen Ave,9684944025,david.dillinger@cmm.com
cust_332,Natalie Livingston,64229 London Ave,7323156056,natalie.livingston@homemail.com
cust_333,Elizabeth Gutenberg,97149 South St,6683486499,elizabeth.gutenberg@oreoz.com
cust_334,Ginny Hindenberg,56558 Zzyzx Rd,9718178576,ginny.hindenberg@dmail.com
cust_335,Liam Nelson,57681 South St,4412016680,liam.nelson@quorum.com
cust_336,Tywin King,41356 Thomas St,5760963869,tywin.king@koldaid.com
cust_337,Quincy Nelson,79297 Zzyzx Rd,7715087730,quincy.nelson@munster.com
cust_338,Alan Anderson,44099 Oldtown Rd,6728321137,alan.anderson@jimmyjanes.com
cust_339,Ines Sutherland,29681 First St,3371550187,ines.sutherland@quorum.com
cust_340,Ginny Gutenberg,26101 First St,3105292916,ginny.gutenberg@pinternet.com
cust_341,William Wilson,94932 South St,5669236235,william.wilson@levos.com
cust_342,Quincy Gutenberg,70518 Hacienda Ter,4264185865,quincy.gutenberg@levos.com
cust_343,Fred Gutenberg,71762 Port St,2653415133,fred.gutenberg@levos.com
cust_344,Katie Wilson,36804 Island Dr,1254085303,katie.wilson@homemail.com
cust_345,William Anderson,46762 Oldtown Rd,4546161454,william.anderson@napple.com
cust_346,Tywin Thompson,48485 Zzyzx Rd,8606923379,tywin.thompson@koldaid.com
cust_347,Ines Nelson,70949 Valkyrie Wy,6748404934,ines.nelson@goggle.com
cust_348,Jessica Michaelson,66988 Hacienda Ter,4769769121,jessica.michaelson@munster.com
cust_349,Katie King,43966 London Ave,7232238688,katie.king@bong.com
cust_350,Quincy Cunningham,84044 Zzyzx Rd,9637753043,quincy.cunningham@exfeedia.com
cust_351,Liam King,42596 Xanadu St,2596535291,liam.king@koldaid.com
cust_352,Elizabeth Thompson,67850 Xanadu St,1084672174,elizabeth.thompson@quorum.com
cust_353,Philippa Nelson,99966 Aardvark Ln,6021357227,philippa.nelson@levos.com
cust_354,Alan Gutenberg,18787 Island Dr,8102725611,alan.gutenberg@goggle.com
cust_355,Katie Borman,18870 Dragon Ave,2974672062,katie.borman@dmail.com
cust_356,Quincy King,49225 Xanadu St,4849719530,quincy.king@quorum.com
cust_357,Quincy Ellington,70239 North Pkwy,3204883808,quincy.ellington@koldaid.com
cust_358,Harold Wilson,67484 West St,8483959734,harold.wilson@jimmyjanes.com
cust_359,William Nelson,72251 Thomas St,8252508320,william.nelson@facefolder.com
cust_360,Elizabeth Thompson,27840 Xanadu St,8900449186,elizabeth.thompson@napple.com
cust_361,Jessica Borman,85330 Oldtown Rd,8351255893,jessica.borman@napple.com
cust_362,Natalie Wilson,68165 Main St,5230522884,natalie.wilson@dmail.com
cust_363,Fred Dillinger,33661 Valkyrie Wy,6730562648,fred.dillinger@munster.com
cust_364,Michael Sutherland,50907 Hacienda Ter,3823546248,michael.sutherland@pinternet.com
cust_365,Sean Cunningham,25297 Royale Wy,8987180853,sean.cunningham@bong.com
cust_366,William King,15581 Port St,7077335837,william.king@jimmyjanes.com
cust_367,Alan Wilson,61994 Hacienda Ter,3797955782,alan.wilson@pinternet.com
cust_368,Elizabeth Isaacson,78548 South St,9498989280,elizabeth.isaacson@goggle.com
cust_369,Natalie Hindenberg,17021 Dragon Ave,4574179838,natalie.hindenberg@goggle.com
cust_370,Sean Borman,16374 Aardvark Ln,4606164438,sean.borman@quorum.com
cust_371,Christopher Borman,42281 West St,3523255360,christopher.borman@exfeedia.com
cust_372,Natalie Thompson,60055 Xanadu St,1175901455,natalie.thompson@koldaid.com
cust_373,Tywin Ellington,64306 Euclid Wy,5907038582,tywin.ellington@jimmyjanes.com
cust_374,Elizabeth Livingston,65307 Columbus Cir,9641570961,elizabeth.livingston@indiewentwent.com
cust_375,Harold Dillinger,22942 Port St,5410739005,harold.dillinger@aul.com
cust_376,Quincy Thompson,6214 Port St,9603377788,quincy.thompson@koldaid.com
cust_377,Christopher Borman,34038 First St,2363260634,christopher.borman@aul.com
cust_378,William Hindenberg,74024 South St,7130626751,william.hindenberg@bong.com
cust_379,Beverly Isaacson,52532 Gold Rd,3659426058,beverly.isaacson@indiewentwent.com
cust_380,Liam Dillinger,39206 South St,6798313952,liam.dillinger@dmail.com
cust_381,Michael Sutherland,16586 Thomas St,2979383562,michael.sutherland@levos.com
cust_382,Natalie Thompson,85550 North Pkwy,7386510852,natalie.thompson@cmm.com
cust_383,Christopher Dillinger,91792 Aardvark Ln,4445178006,christopher.dillinger@dmail.com
cust_384,Ginny King,94331 Yesler Wy,4804589812,ginny.king@munster.com
cust_385,Natalie Livingston,19529 Jones Rd,9719830869,natalie.livingston@aul.com
cust_386,Philippa Cunningham,38103 Union St,9364630472,philippa.cunningham@levos.com
cust_387,Philippa Isaacson,6120 Birch St,5995660982,philippa.isaacson@facefolder.com
cust_388,Jessica Hindenberg,19038 Hacienda Ter,8250582996,jessica.hindenberg@pinternet.com
cust_389,Natalie Nelson,95356 Main St,4210763987,natalie.nelson@cmm.com
cust_390,David King,29117 Birch St,7468562653,david.king@bong.com
cust_391,Sean Borman,83084 Port St,7641535927,sean.borman@indiewentwent.com
cust_392,Christopher Wilson,33863 Gold Rd,4125221443,christopher.wilson@levos.com
cust_393,Michael Wilson,82625 Union St,2343124278,michael.wilson@facefolder.com
cust_394,Fred Wilson,18744 Zzyzx Rd,6334526244,fred.wilson@oreoz.com
cust_395,Michael Wilson,49327 Island Dr,1783881955,michael.wilson@oreoz.com
cust_396,Harold Ellington,15633 Port St,6421488972,harold.ellington@aul.com
cust_397,Christopher Isaacson,25347 Yesler Wy,1746212851,christopher.isaacson@facefolder.com
cust_398,Fred Cunningham,90934 Birch St,5079725387,fred.cunningham@koldaid.com
cust_399,Sean Cunningham,67512 Gold Rd,9099896651,sean.cunningham@homemail.com
cust_400,Elizabeth Gutenberg,84704 Zzyzx Rd,3599485040,elizabeth.gutenberg@levos.com
cust_401,Fred Livingston,36085 Euclid Wy,8027231402,fred.livingston@aul.com
cust_402,Ginny Hindenberg,6821 Thomas St,4071062441,ginny.hindenberg@aul.com
cust_403,Jessica Wilson,14667 London Ave,2336230598,jessica.wilson@aul.com
cust_404,Beverly Wilson,5916 Thomas St,2397193283,beverly.wilson@cmm.com
cust_405,Tywin Borman,74966 Zzyzx Rd,6137709166,tywin.borman@levos.com
cust_406,Jessica Fitzgerald,14935 Jones Rd,7927922559,jessica.fitzgerald@oreoz.com
cust_407,David Sutherland,66991 Euclid Wy,6346426061,david.sutherland@cmm.com
cust_408,Harold Fitzgerald,7068 Euclid Wy,1515170987,harold.fitzgerald@aul.com
cust_409,Sean Thompson,77824 Main St,5818408967,sean.thompson@exfeedia.com
cust_410,Christopher King,27217 Thomas St,1445110894,christopher.king@levos.com
cust_411,Elizabeth Ellington,77581 First St,5162653626,elizabeth.ellington@indiewentwent.com
cust_412,Quincy Sutherland,15491 Union St,9122830868,quincy.sutherland@dmail.com
cust_413,Tywin Anderson,39788 Xanadu St,4731325352,tywin.anderson@munster.com
cust_414,Michael Cunningham,54644 Oldtown Rd,8645457981,michael.cunningham@exfeedia.com
cust_415,Elizabeth Wilson,73351 Hacienda Ter,1569708062,elizabeth.wilson@oreoz.com
cust_416,Tywin Fitzgerald,40018 Union St,5454660032,tywin.fitzgerald@quorum.com
cust_417,Liam Ellington,1396 Xanadu St,5389703108,liam.ellington@quorum.com
cust_418,Philippa Thompson,25556 Euclid Wy,3207265046,philippa.thompson@facefolder.com
cust_419,Tywin Gutenberg,58029 First St,3597618311,tywin.gutenberg@jimmyjanes.com
cust_420,Beverly Ellington,88800 Main St,5405140787,beverly.ellington@facefolder.com
cust_421,Philippa Hindenberg,82734 Main St,9434785958,philippa.hindenberg@cmm.com
cust_422,Philippa Thompson,27344 Gold Rd,5807655729,philippa.thompson@jimmyjanes.com
cust_423,Ines Gutenberg,35914 First St,6101341377,ines.gutenberg@aul.com
cust_424,Katie Isaacson,31897 Birch St,5915035858,katie.isaacson@munster.com
cust_425,Natalie Sutherland,99500 Zzyzx Rd,1393277248,natalie.sutherland@pinternet.com
cust_426,Tywin Fitzgerald,20731 Queen Ave,2742952834,tywin.fitzgerald@jimmyjanes.com
cust_427,Christopher Cunningham,77040 Jones Rd,9139795034,christopher.cunningham@munster.com
cust_428,Ginny Anderson,31041 Main St,2464268169,ginny.anderson@cmm.com
cust_429,David King,64911 Union St,4083559640,david.king@homemail.com
cust_430,Alan King,90749 West St,7021713652,alan.king@bong.com
cust_431,Ines King,14871 Aardvark Ln,3605893988,ines.king@munster.com
cust_432,Beverly Isaacson,18745 Thomas St,5836934200,beverly.isaacson@aul.com
cust_433,Michael Gutenberg,96294 Dragon Ave,3973831091,michael.gutenberg@homemail.com
cust_434,Natalie Thompson,85539 Hacienda Ter,5011613940,natalie.thompson@cmm.com
cust_435,Christopher Anderson,84749 Hacienda Ter,8830088758,christopher.anderson@aul.com
cust_436,Philippa Borman,38498 Oldtown Rd,8935944422,philippa.borman@homemail.com
cust_437,Alan Borman,90551 Main St,1626002050,alan.borman@koldaid.com
cust_438,Katie Borman,69523 Main St,5243765705,katie.borman@indiewentwent.com
cust_439,Sean Livingston,72179 Queen Ave,5436056824,sean.livingston@bong.com
cust_440,David Fitzgerald,37314 Jones Rd,2965715108,david.fitzgerald@cmm.com
cust_441,Harold Sutherland,71150 Aardvark Ln,2131154028,harold.sutherland@aul.com
cust_442,William Thompson,66366 Jones Rd,9162780744,william.thompson@facefolder.com
cust_443,Sean Nelson,12438 South St,7773708681,sean.nelson@pinternet.com
cust_444,William Anderson,61569 Island Dr,4835789167,william.anderson@koldaid.com
cust_445,David Wilson,59278 Jones Rd,7742436447,david.wilson@exfeedia.com
cust_446,Jessica Isaacson,85935 North Pkwy,2051142923,jessica.isaacson@koldaid.com
cust_447,Philippa Dillinger,29853 Port St,9853497727,philippa.dillinger@homemail.com
cust_448,Liam King,40790 West St,5876931626,liam.king@facefolder.com
cust_449,Beverly Borman,79447 First St,5472362061,beverly.borman@napple.com
cust_450,Beverly Fitzgerald,94123 Columbus Cir,2353500203,beverly.fitzgerald@cmm.com
cust_451,Michael Hindenberg,96131 Gold Rd,1048165396,michael.hindenberg@oreoz.com
cust_452,Ines Fitzgerald,35704 Aardvark Ln,9330650943,ines.fitzgerald@goggle.com
cust_453,Alan Nelson,42625 Hacienda Ter,8058147586,alan.nelson@homemail.com
cust_454,Alan Gutenberg,11792 Thomas St,3549687849,alan.gutenberg@koldaid.com
cust_455,David Nelson,50291 Xanadu St,7947042219,david.nelson@quorum.com
cust_456,Sean Cunningham,74066 Columbus Cir,3865600575,sean.cunningham@cmm.com
cust_457,Quincy King,72012 North Pkwy,4232375201,quincy.king@dmail.com
cust_458,Tywin Anderson,92512 Birch St,4262752702,tywin.anderson@facefolder.com
cust_459,Philippa Cunningham,63078 Royale Wy,5112870816,philippa.cunningham@levos.com
cust_460,William Hindenberg,55043 Euclid Wy,2014079497,william.hindenberg@napple.com
cust_461,Beverly King,95034 Aardvark Ln,1201943627,beverly.king@facefolder.com
cust_462,Natalie Sutherland,46839 Yesler Wy,6701072327,natalie.sutherland@jimmyjanes.com
cust_463,Tywin Thompson,7394 Thomas St,6648444821,tywin.thompson@levos.com
cust_464,Alan King,6163 Euclid Wy,8696647020,alan.king@koldaid.com
cust_465,Katie King,37743 Zzyzx Rd,9662732718,katie.king@pinternet.com
cust_466,David Cunningham,742 Jones Rd,1462073458,david.cunningham@homemail.com
cust_467,Alan Nelson,4509 Main St,8112394750,alan.nelson@dmail.com
cust_468,Jessica Livingston,43513 Gold Rd,1417353672,jessica.livingston@aul.com
cust_469,Ginny Livingston,83586 Port St,3005051368,ginny.livingston@koldaid.com
cust_470,Quincy Fitzgerald,80200 West St,7187973333,quincy.fitzgerald@munster.com
cust_471,Philippa Sutherland,70007 Dragon Ave,2676963314,philippa.sutherland@pinternet.com
cust_472,Beverly Anderson,58634 Xanadu St,6195225111,beverly.anderson@homemail.com
cust_473,Ines Livingston,40438 Union St,9485718225,ines.livingston@indiewentwent.com
cust_474,William Ellington,15711 Jones Rd,5462182743,william.ellington@levos.com
cust_475,Ginny Thompson,87845 Euclid Wy,8900235093,ginny.thompson@napple.com
cust_476,Ginny Livingston,99987 West St,2982564618,ginny.livingston@pinternet.com
cust_477,Philippa Isaacson,50908 Dragon Ave,5070652723,philippa.isaacson@indiewentwent.com
cust_478,Harold Fitzgerald,48185 Columbus Cir,3788960459,harold.fitzgerald@koldaid.com
cust_479,Natalie Livingston,7740 King Pkwy,9176929808,natalie.livingston@levos.com
cust_480,Elizabeth Thompson,55225 Hacienda Ter,5584316461,elizabeth.thompson@munster.com
cust_481,William Livingston,75945 Union St,9176277012,william.livingston@munster.com
cust_482,Natalie Dillinger,37985 South St,6850855161,natalie.dillinger@indiewentwent.com
cust_483,Jessica Anderson,36643 Dragon Ave,8762282275,jessica.anderson@cmm.com
cust_484,Elizabeth Gutenberg,71195 Columbus Cir,3582770598,elizabeth.gutenberg@levos.com
cust_485,Fred Dillinger,67604 Thomas St,7905682662,fred.dillinger@napple.com
cust_486,Philippa Hindenberg,94495 Xanadu St,6593769002,philippa.hindenberg@goggle.com
cust_487,Ines Livingston,59063 Dragon Ave,5999044904,ines.livingston@homemail.com
cust_488,Michael Livingston,4089 Oldtown Rd,1327931765,michael.livingston@aul.com
cust_489,Quincy Wilson,75023 Xanadu St,5816360605,quincy.wilson@cmm.com
cust_490,Quincy Fitzgerald,16369 London Ave,3429488550,quincy.fitzgerald@homemail.com
cust_491,Tywin Livingston,67803 Aardvark Ln,8434426311,tywin.livingston@munster.com
cust_492,Natalie Fitzgerald,410 Aardvark Ln,6624889051,natalie.fitzgerald@quorum.com
cust_493,Liam Nelson,8049 Yesler Wy,9333634212,liam.nelson@facefolder.com
cust_494,Liam Nelson,41577 Royale Wy,1882362268,liam.nelson@aul.com
cust_495,Tywin Fitzgerald,80840 Queen Ave,2106401177,tywin.fitzgerald@levos.com
cust_496,Christopher Fitzgerald,21540 First St,2260263830,christopher.fitzgerald@exfeedia.com
cust_497,Christopher Isaacson,58062 Yesler Wy,2284875910,christopher.isaacson@quorum.com
cust_498,David Hindenberg,18413 Oldtown Rd,3705404251,david.hindenberg@levos.com
cust_499,Michael Fitzgerald,5548 London Ave,1795413793,michael.fitzgerald@bong.com
cust_500,Philippa Anderson,27816 London Ave,1554560483,philippa.anderson@goggle.com
cust_501,Sean Cunningham,47781 Yesler Wy,2072674532,sean.cunningham@aul.com
cust_502,Philippa Gutenberg,82136 Zzyzx Rd,1479707410,philippa.gutenberg@jimmyjanes.com
cust_503,Philippa Dillinger,62855 Gold Rd,7006593542,philippa.dillinger@dmail.com
cust_504,Ines Sutherland,66139 First St,4152039173,ines.sutherland@homemail.com
cust_505,Katie Gutenberg,33474 Zzyzx Rd,4904731865,katie.gutenberg@pinternet.com
cust_506,Philippa Hindenberg,70648 Euclid Wy,8952325106,philippa.hindenberg@homemail.com
cust_507,Harold Fitzgerald,54201 Hacienda Ter,9219885159,harold.fitzgerald@quorum.com
cust_508,Beverly Anderson,63003 Valkyrie Wy,2588146150,beverly.anderson@exfeedia.com
cust_509,David Borman,96511 Aardvark Ln,1944913701,david.borman@munster.com
cust_510,Tywin Ellington,45747 Union St,4027136478,tywin.ellington@oreoz.com
cust_511,David Wilson,80875 Royale Wy,9248784854,david.wilson@quorum.com
cust_512,Fred Nelson,6943 Yesler Wy,6210795000,fred.nelson@pinternet.com
cust_513,Liam Hindenberg,7453 Euclid Wy,8115515421,liam.hindenberg@goggle.com
cust_514,Ginny King,54719 Columbus Cir,3261276285,ginny.king@cmm.com
cust_515,Natalie Michaelson,7859 Birch St,4940980215,natalie.michaelson@munster.com
cust_516,Tywin Hindenberg,3522 Port St,1280515870,tywin.hindenberg@indiewentwent.com
cust_517,Quincy Hindenberg,10957 Columbus Cir,4532779404,quincy.hindenberg@oreoz.com
cust_518,Beverly Nelson,88794 First St,8591812527,beverly.nelson@cmm.com
cust_519,Philippa Livingston,44074 Thomas St,6363381265,philippa.livingston@homemail.com
cust_520,Michael Livingston,11353 Royale Wy,6288130687,michael.livingston@oreoz.com
cust_521,Michael King,61640 King Pkwy,4056402202,michael.king@jimmyjanes.com
cust_522,Natalie Wilson,21749 Xanadu St,1240631213,natalie.wilson@jimmyjanes.com
cust_523,William Wilson,90120 King Pkwy,9797822380,william.wilson@goggle.com
cust_524,William Isaacson,28866 Main St,1637436231,william.isaacson@pinternet.com
cust_525,David Thompson,44070 Union St,4977630642,david.thompson@pinternet.com
cust_526,Ines Isaacson,20031 Union St,8176345394,ines.isaacson@pinternet.com
cust_527,Ginny Nelson,99561 Zzyzx Rd,6309321898,ginny.nelson@jimmyjanes.com
cust_528,Jessica Ellington,30814 Dragon Ave,9382576751,jessica.ellington@napple.com
cust_529,Ines Sutherland,77604 Yesler Wy,2775869899,ines.sutherland@aul.com
cust_530,Ginny Sutherland,48836 London Ave,2333810133,ginny.sutherland@exfeedia.com
cust_531,Natalie Dillinger,26656 Thomas St,6576611463,natalie.dillinger@aul.com
cust_532,Sean Sutherland,99365 Queen Ave,6401747341,sean.sutherland@munster.com
cust_533,Katie Sutherland,19780 West St,6310537766,katie.sutherland@levos.com
cust_534,Quincy Isaacson,65752 London Ave,4534733877,quincy.isaacson@dmail.com
cust_535,William Livingston,5151 Oldtown Rd,8864010236,william.livingston@napple.com
cust_536,Tywin Hindenberg,96121 Yesler Wy,1575865045,tywin.hindenberg@cmm.com
cust_537,Christopher Hindenberg,38328 Royale Wy,4797577094,christopher.hindenberg@koldaid.com
cust_538,William Michaelson,90402 Port St,9782573768,william.michaelson@indiewentwent.com
cust_539,Sean Michaelson,5595 West St,1402215865,sean.michaelson@jimmyjanes.com
cust_540,Quincy Anderson,16099 Union St,6042275087,quincy.anderson@indiewentwent.com
cust_541,Alan Gutenberg,3151 London Ave,1670105531,alan.gutenberg@aul.com
cust_542,David Fitzgerald,73031 Main St,5299619499,david.fitzgerald@goggle.com
cust_543,Jessica King,44494 South St,8370738028,jessica.king@koldaid.com
cust_544,Fred Nelson,90925 Columbus Cir,3623720013,fred.nelson@bong.com
cust_545,Tywin Thompson,56098 Jones Rd,8761250390,tywin.thompson@pinternet.com
cust_546,Tywin Michaelson,12575 Valkyrie Wy,7051835032,tywin.michaelson@pinternet.com
cust_547,Fred Fitzgerald,51561 Royale Wy,2757358834,fred.fitzgerald@napple.com
cust_548,Quincy Ellington,74794 Royale Wy,3368685927,quincy.ellington@koldaid.com
cust_549,Elizabeth Sutherland,53071 Gold Rd,9615890817,elizabeth.sutherland@pinternet.com
cust_550,Michael King,2620 South St,3171133772,michael.king@jimmyjanes.com
cust_551,Liam Ellington,28193 Royale Wy,3543328385,liam.ellington@exfeedia.com
cust_552,Elizabeth Fitzgerald,55007 Birch St,9910492036,elizabeth.fitzgerald@jimmyjanes.com
cust_553,Sean Nelson,10767 Oldtown Rd,6934100681,sean.nelson@bong.com
cust_554,Liam Hindenberg,26415 First St,1483266969,liam.hindenberg@aul.com
cust_555,Jessica Wilson,53938 Zzyzx Rd,8340877717,jessica.wilson@pinternet.com
cust_556,Sean Hindenberg,92937 Aardvark Ln,5982422359,sean.hindenberg@goggle.com
cust_557,Beverly Sutherland,54088 Xanadu St,7859268817,beverly.sutherland@homemail.com
cust_558,Christopher Dillinger,95142 Xanadu St,1078462029,christopher.dillinger@oreoz.com
cust_559,Alan Anderson,59352 Thomas St,6277481780,alan.anderson@dmail.com
cust_560,Elizabeth Isaacson,72737 Xanadu St,9176479642,elizabeth.isaacson@cmm.com
cust_561,David Fitzgerald,49208 Thomas St,7061711394,david.fitzgerald@indiewentwent.com
cust_562,Jessica Sutherland,38304 Xanadu St,5612749738,jessica.sutherland@exfeedia.com
cust_563,Jessica Gutenberg,19120 Main St,6133612117,jessica.gutenberg@aul.com
cust_564,Philippa Sutherland,25366 Columbus Cir,2617303542,philippa.sutherland@exfeedia.com
cust_565,Ginny Hindenberg,81053 Yesler Wy,6318167229,ginny.hindenberg@oreoz.com
cust_566,Alan Wilson,59639 Dragon Ave,5499808064,alan.wilson@exfeedia.com
cust_567,Sean Livingston,22720 Birch St,1038868326,sean.livingston@levos.com
cust_568,Natalie Fitzgerald,97349 South St,5654664558,natalie.fitzgerald@koldaid.com
cust_569,Alan King,69564 Euclid Wy,5855957525,alan.king@napple.com
cust_570,Ines Gutenberg,21564 Zzyzx Rd,9431567327,ines.gutenberg@quorum.com
cust_571,David Hindenberg,99095 Hacienda Ter,7836299785,david.hindenberg@pinternet.com
cust_572,Christopher Fitzgerald,91913 Zzyzx Rd,4381810709,christopher.fitzgerald@levos.com
cust_573,David Nelson,42456 King Pkwy,1294909457,david.nelson@pinternet.com
cust_574,Sean Livingston,77564 Island Dr,8282926175,sean.livingston@pinternet.com
cust_575,Beverly Wilson,95639 London Ave,4392634081,beverly.wilson@homemail.com
cust_576,Fred Dillinger,63768 Gold Rd,9941571659,fred.dillinger@quorum.com
cust_577,William Livingston,81923 Yesler Wy,4572711151,william.livingston@munster.com
cust_578,Ginny Nelson,22493 Xanadu St,5621381486,ginny.nelson@levos.com
cust_579,Jessica Gutenberg,87595 King Pkwy,5522613122,jessica.gutenberg@goggle.com
cust_580,Natalie Livingston,91877 Queen Ave,5972219715,natalie.livingston@cmm.com
cust_581,Ginny Hindenberg,89361 Queen Ave,2073193353,ginny.hindenberg@goggle.com
cust_582,Natalie King,14037 Columbus Cir,2028994859,natalie.king@bong.com
cust_583,Katie Wilson,85377 West St,2907974756,katie.wilson@exfeedia.com
cust_584,Jessica Nelson,30603 Columbus Cir,6369034847,jessica.nelson@koldaid.com
cust_585,Philippa Isaacson,31256 Hacienda Ter,1168333730,philippa.isaacson@napple.com
cust_586,Ines Livingston,86374 Jones Rd,6759345992,ines.livingston@oreoz.com
cust_587,Michael Ellington,50735 London Ave,9562460955,michael.ellington@napple.com
cust_588,Katie King,13133 Main St,4296506254,katie.king@munster.com
cust_589,Elizabeth Anderson,91732 Columbus Cir,7958288052,elizabeth.anderson@dmail.com
cust_590,David Gutenberg,48284 Yesler Wy,1717006864,david.gutenberg@quorum.com
cust_591,Jessica Gutenberg,78221 King Pkwy,3621137032,jessica.gutenberg@jimmyjanes.com
cust_592,Jessica King,839 Port St,3792202264,jessica.king@homemail.com
cust_593,Tywin Hindenberg,88382 Valkyrie Wy,2997317493,tywin.hindenberg@exfeedia.com
cust_594,Jessica Sutherland,54466 Columbus Cir,4755537099,jessica.sutherland@munster.com
cust_595,Tywin Wilson,33996 Valkyrie Wy,3272440547,tywin.wilson@exfeedia.com
cust_596,Christopher Wilson,95811 Xanadu St,1235451701,christopher.wilson@indiewentwent.com
cust_597,Alan Dillinger,81924 South St,9554471606,alan.dillinger@quorum.com
cust_598,Jessica Dillinger,90052 London Ave,1395601933,jessica.dillinger@dmail.com
cust_599,Harold King,86918 King Pkwy,5320348510,harold.king@homemail.com
cust_600,Ginny King,59602 Valkyrie Wy,3128063738,ginny.king@bong.com
cust_601,Beverly Hindenberg,35863 Zzyzx Rd,6132653664,beverly.hindenberg@pinternet.com
cust_602,Christopher Isaacson,96931 Royale Wy,5777509263,christopher.isaacson@dmail.com
cust_603,Sean Gutenberg,51408 Main St,5312166939,sean.gutenberg@dmail.com
cust_604,Quincy Wilson,66437 Xanadu St,4657059991,quincy.wilson@exfeedia.com
cust_605,Ines Livingston,23780 Oldtown Rd,9195923644,ines.livingston@oreoz.com
cust_606,Beverly Hindenberg,5316 Aardvark Ln,6589064516,beverly.hindenberg@munster.com
cust_607,Fred Michaelson,2943 Yesler Wy,9602925127,fred.michaelson@aul.com
cust_608,Sean Fitzgerald,89174 Jones Rd,4668015265,sean.fitzgerald@facefolder.com
cust_609,Liam Borman,40564 First St,4996615344,liam.borman@koldaid.com
cust_610,Sean Livingston,82104 Euclid Wy,9745828542,sean.livingston@jimmyjanes.com
cust_611,David Livingston,93372 Hacienda Ter,1700630636,david.livingston@homemail.com
cust_612,Jessica Wilson,39573 Aardvark Ln,9954460672,jessica.wilson@pinternet.com
cust_613,Philippa Livingston,61885 Birch St,7794836605,philippa.livingston@jimmyjanes.com
cust_614,Ines Ellington,24317 Thomas St,3395986635,ines.ellington@exfeedia.com
cust_615,David Borman,72757 Valkyrie Wy,8745718529,david.borman@facefolder.com
cust_616,Quincy Anderson,93493 Aardvark Ln,5743563715,quincy.anderson@exfeedia.com
cust_617,Fred King,16183 Hacienda Ter,6514415776,fred.king@goggle.com
cust_618,Liam Anderson,64323 Hacienda Ter,4983213528,liam.anderson@indiewentwent.com
cust_619,Harold Isaacson,96536 Queen Ave,2107884311,harold.isaacson@pinternet.com
cust_620,Ines Anderson,56673 West St,3164518446,ines.anderson@levos.com
cust_621,Jessica King,99860 Queen Ave,1031453547,jessica.king@cmm.com
cust_622,Sean Anderson,22694 Hacienda Ter,9795836550,sean.anderson@pinternet.com
cust_623,Ines Michaelson,23206 Oldtown Rd,6840341709,ines.michaelson@dmail.com
cust_624,Ines Borman,16339 Hacienda Ter,4589463523,ines.borman@dmail.com
cust_625,Christopher Fitzgerald,17076 West St,5820041825,christopher.fitzgerald@facefolder.com
cust_626,Katie Nelson,30795 First St,3086751660,katie.nelson@bong.com
cust_627,Quincy Ellington,56675 Euclid Wy,5673813519,quincy.ellington@facefolder.com
cust_628,David Wilson,20232 Jones Rd,7792705784,david.wilson@aul.com
cust_629,William Isaacson,28491 Main St,6031032976,william.isaacson@dmail.com
cust_630,Harold Livingston,35294 Oldtown Rd,6944020764,harold.livingston@dmail.com
cust_631,Katie Michaelson,76882 North Pkwy,4029041214,katie.michaelson@dmail.com
cust_632,Ines Hindenberg,20403 Port St,7036458849,ines.hindenberg@indiewentwent.com
cust_633,Elizabeth Isaacson,4621 Yesler Wy,7051490552,elizabeth.isaacson@aul.com
cust_634,Alan Cunningham,61436 South St,4824812579,alan.cunningham@oreoz.com
cust_635,Liam Ellington,47190 Gold Rd,7590140135,liam.ellington@jimmyjanes.com
cust_636,Ginny Sutherland,49225 Island Dr,3705729536,ginny.sutherland@oreoz.com
cust_637,Tywin Dillinger,92613 North Pkwy,2700899692,tywin.dillinger@bong.com
cust_638,Christopher Livingston,7746 North Pkwy,9666844007,christopher.livingston@dmail.com
cust_639,Elizabeth Ellington,54211 Island Dr,9050419403,elizabeth.ellington@indiewentwent.com
cust_640,Quincy Michaelson,4048 Port St,8970865483,quincy.michaelson@koldaid.com
cust_641,Katie Cunningham,93668 Main St,6912898294,katie.cunningham@facefolder.com
cust_642,Alan Hindenberg,94823 Euclid Wy,1190981509,alan.hindenberg@oreoz.com
cust_643,Alan Wilson,79836 Port St,6125400231,alan.wilson@bong.com
cust_644,Christopher King,3833 South St,5358372458,christopher.king@pinternet.com
cust_645,Philippa Isaacson,8275 Hacienda Ter,4942682795,philippa.isaacson@goggle.com
cust_646,Ginny Cunningham,49845 Main St,4964217626,ginny.cunningham@munster.com
cust_647,Katie Ellington,28455 Zzyzx Rd,4149224788,katie.ellington@quorum.com
cust_648,Elizabeth Gutenberg,72947 Royale Wy,6678004941,elizabeth.gutenberg@bong.com
cust_649,Christopher Dillinger,66568 Hacienda Ter,4347626410,christopher.dillinger@exfeedia.com
cust_650,Harold Ellington,67740 London Ave,2455908605,harold.ellington@cmm.com
cust_651,Sean Nelson,51361 Thomas St,6336100666,sean.nelson@jimmyjanes.com
cust_652,Natalie Nelson,23733 Union St,9130555663,natalie.nelson@oreoz.com
cust_653,Harold Wilson,61844 South St,7797788401,harold.wilson@indiewentwent.com
cust_654,Liam Michaelson,83788 Jones Rd,6599744533,liam.michaelson@exfeedia.com
cust_655,Elizabeth Gutenberg,37086 Valkyrie Wy,9430308309,elizabeth.gutenberg@jimmyjanes.com
cust_656,Beverly Dillinger,59008 Main St,2284376156,beverly.dillinger@facefolder.com
cust_657,Jessica Hindenberg,80021 Columbus Cir,5066840962,jessica.hindenberg@aul.com
cust_658,Fred Cunningham,80071 Birch St,2404860373,fred.cunningham@dmail.com
cust_659,Harold Cunningham,50187 Valkyrie Wy,4396673533,harold.cunningham@oreoz.com
cust_660,Jessica Isaacson,5066 North Pkwy,8738675837,jessica.isaacson@cmm.com
cust_661,Tywin Isaacson,19213 Valkyrie Wy,4428488330,tywin.isaacson@indiewentwent.com
cust_662,Natalie King,97675 Birch St,2847970481,natalie.king@goggle.com
cust_663,Fred King,42417 Thomas St,7061059837,fred.king@oreoz.com
cust_664,Alan Wilson,66194 London Ave,9437292437,alan.wilson@indiewentwent.com
cust_665,Tywin Cunningham,80495 South St,1574862332,tywin.cunningham@pinternet.com
cust_666,Christopher Livingston,31032 Union St,5776081379,christopher.livingston@bong.com
cust_667,William Livingston,66645 South St,2102341037,william.livingston@quorum.com
cust_668,Quincy King,33611 Zzyzx Rd,4171857408,quincy.king@indiewentwent.com
cust_669,Elizabeth Thompson,88398 Xanadu St,8178395090,elizabeth.thompson@facefolder.com
cust_670,Natalie Livingston,21100 Main St,8367345463,natalie.livingston@indiewentwent.com
cust_671,Ines Cunningham,60935 Gold Rd,2014609494,ines.cunningham@koldaid.com
cust_672,Michael Michaelson,12066 Port St,1135604969,michael.michaelson@levos.com
cust_673,Katie Nelson,80411 North Pkwy,8751209087,katie.nelson@facefolder.com
cust_674,Elizabeth Gutenberg,95189 First St,1075650038,elizabeth.gutenberg@pinternet.com
cust_675,Natalie Anderson,18464 West St,8087742657,natalie.anderson@oreoz.com
cust_676,Sean Fitzgerald,28533 Island Dr,5607829450,sean.fitzgerald@oreoz.com
cust_677,Natalie Anderson,68570 Columbus Cir,8218406160,natalie.anderson@bong.com
cust_678,Sean Dillinger,68622 Hacienda Ter,7053393993,sean.dillinger@indiewentwent.com
cust_679,Fred Isaacson,13042 Dragon Ave,1758089703,fred.isaacson@oreoz.com
cust_680,Tywin Borman,50725 Euclid Wy,4970581856,tywin.borman@aul.com
cust_681,Tywin Isaacson,85462 Euclid Wy,5353742055,tywin.isaacson@goggle.com
cust_682,Katie King,50962 Gold Rd,3282080888,katie.king@oreoz.com
cust_683,Liam Dillinger,83007 Oldtown Rd,2606830300,liam.dillinger@indiewentwent.com
cust_684,Christopher Ellington,85693 Hacienda Ter,6046742613,christopher.ellington@koldaid.com
cust_685,Tywin Michaelson,36175 Aardvark Ln,1336979709,tywin.michaelson@goggle.com
cust_686,Sean Sutherland,33842 Aardvark Ln,8297506019,sean.sutherland@dmail.com
cust_687,Elizabeth Anderson,33552 Valkyrie Wy,6963741691,elizabeth.anderson@indiewentwent.com
cust_688,Jessica Nelson,80304 Oldtown Rd,5015448991,jessica.nelson@bong.com
cust_689,Alan Nelson,91809 Port St,2651839518,alan.nelson@indiewentwent.com
cust_690,Philippa King,60695 Columbus Cir,6588641106,philippa.king@facefolder.com
cust_691,David Sutherland,84015 Royale Wy,2836324370,david.sutherland@munster.com
cust_692,Christopher Ellington,54957 London Ave,3335966145,christopher.ellington@bong.com
cust_693,Elizabeth Anderson,36471 Port St,9331039281,elizabeth.anderson@bong.com
cust_694,Beverly Nelson,89001 North Pkwy,9421045377,beverly.nelson@levos.com
cust_695,Katie Fitzgerald,7919 Columbus Cir,5360701528,katie.fitzgerald@facefolder.com
cust_696,Sean Livingston,73762 Oldtown Rd,3993821427,sean.livingston@indiewentwent.com
cust_697,Natalie Wilson,84663 Island Dr,9738949137,natalie.wilson@indiewentwent.com
cust_698,Tywin Hindenberg,92673 Union St,8978036604,tywin.hindenberg@homemail.com
cust_699,Philippa Michaelson,32559 Aardvark Ln,2215728386,philippa.michaelson@pinternet.com
cust_700,Beverly King,10921 Dragon Ave,2756068072,beverly.king@homemail.com
cust_701,Quincy Thompson,978 Gold Rd,5909585706,quincy.thompson@napple.com
cust_702,Michael Michaelson,26606 Hacienda Ter,4093905395,michael.michaelson@napple.com
cust_703,Harold Hindenberg,53642 Valkyrie Wy,1198175844,harold.hindenberg@cmm.com
cust_704,Quincy Cunningham,21332 Columbus Cir,9655648839,quincy.cunningham@levos.com
cust_705,Sean Nelson,44308 Hacienda Ter,8462026474,sean.nelson@homemail.com
cust_706,Quincy Livingston,12438 Royale Wy,3931786929,quincy.livingston@koldaid.com
cust_707,Katie Michaelson,38321 Island Dr,4170965472,katie.michaelson@quorum.com
cust_708,Ginny Thompson,15790 Columbus Cir,1917836035,ginny.thompson@jimmyjanes.com
cust_709,Christopher Ellington,67160 Dragon Ave,5979478491,christopher.ellington@goggle.com
cust_710,Elizabeth Cunningham,22209 Port St,3285420612,elizabeth.cunningham@cmm.com
cust_711,Sean Gutenberg,50118 North Pkwy,9801900149,sean.gutenberg@facefolder.com
cust_712,Fred Gutenberg,42377 Thomas St,5070909043,fred.gutenberg@indiewentwent.com
cust_713,David Hindenberg,35029 London Ave,8909792600,david.hindenberg@koldaid.com
cust_714,Quincy King,36392 Xanadu St,9516705449,quincy.king@oreoz.com
cust_715,Natalie Cunningham,51022 London Ave,9353547149,natalie.cunningham@facefolder.com
cust_716,William Sutherland,39899 Euclid Wy,2853730778,william.sutherland@aul.com
cust_717,Christopher Gutenberg,43919 Union St,7171643730,christopher.gutenberg@dmail.com
cust_718,Katie Gutenberg,89363 Main St,9575668227,katie.gutenberg@munster.com
cust_719,William Cunningham,19680 North Pkwy,9218225837,william.cunningham@oreoz.com
cust_720,David Michaelson,37846 Port St,5028965638,david.michaelson@aul.com
cust_721,Tywin Anderson,97935 Royale Wy,8611627286,tywin.anderson@cmm.com
cust_722,Sean Thompson,34228 Aardvark Ln,6882227012,sean.thompson@cmm.com
cust_723,Liam Thompson,9593 Columbus Cir,6859388737,liam.thompson@koldaid.com
cust_724,Ginny Fitzgerald,21063 Union St,9317485463,ginny.fitzgerald@aul.com
cust_725,Christopher Fitzgerald,77424 South St,6316368592,christopher.fitzgerald@facefolder.com
cust_726,Elizabeth Livingston,97016 First St,2867059001,elizabeth.livingston@homemail.com
cust_727,Fred Livingston,54037 Aardvark Ln,5016818597,fred.livingston@facefolder.com
cust_728,Alan Michaelson,59025 Port St,1509160569,alan.michaelson@munster.com
cust_729,Christopher Livingston,34356 Valkyrie Wy,4033527398,christopher.livingston@munster.com
cust_730,Katie Borman,75748 Thomas St,2898561536,katie.borman@aul.com
cust_731,Alan Cunningham,47436 King Pkwy,5776347444,alan.cunningham@levos.com
cust_732,Liam Hindenberg,56610 Royale Wy,5979420220,liam.hindenberg@napple.com
cust_733,Jessica Michaelson,34549 Yesler Wy,1494723221,jessica.michaelson@munster.com
cust_734,Ginny Anderson,63352 First St,3324853148,ginny.anderson@homemail.com
cust_735,Beverly Sutherland,29903 West St,5303563309,beverly.sutherland@koldaid.com
cust_736,Fred Dillinger,51646 Jones Rd,5351590815,fred.dillinger@bong.com
cust_737,Alan Hindenberg,42520 Dragon Ave,6926674152,alan.hindenberg@homemail.com
cust_738,Christopher Nelson,87633 Oldtown Rd,2216521329,christopher.nelson@goggle.com
cust_739,Sean Borman,61780 Euclid Wy,2194637704,sean.borman@pinternet.com
cust_740,Tywin Isaacson,71560 Euclid Wy,3895104223,tywin.isaacson@facefolder.com
cust_741,Christopher Ellington,67924 North Pkwy,1884526338,christopher.ellington@munster.com
cust_742,Liam Dillinger,3413 Yesler Wy,9070888519,liam.dillinger@quorum.com
cust_743,Alan King,11443 Island Dr,5620116554,alan.king@bong.com
cust_744,William Fitzgerald,90283 Union St,1081733242,william.fitzgerald@homemail.com
cust_745,Michael King,42183 Main St,7128914752,michael.king@facefolder.com
cust_746,Quincy Thompson,68477 Jones Rd,4967624096,quincy.thompson@cmm.com
cust_747,Philippa Gutenberg,48441 Birch St,8239367044,philippa.gutenberg@napple.com
cust_748,Elizabeth Livingston,25803 Birch St,2410289232,elizabeth.livingston@aul.com
cust_749,Ginny Borman,8782 West St,5699217250,ginny.borman@levos.com
cust_750,Beverly Wilson,20111 Main St,2750331944,beverly.wilson@levos.com
cust_751,Ginny Ellington,39998 Birch St,9003233340,ginny.ellington@homemail.com
cust_752,William Gutenberg,50643 Zzyzx Rd,6541985617,william.gutenberg@homemail.com
cust_753,Quincy Sutherland,81944 Aardvark Ln,5402731381,quincy.sutherland@quorum.com
cust_754,Ines Borman,44349 King Pkwy,7543139346,ines.borman@goggle.com
cust_755,Tywin Livingston,95582 Thomas St,8166528760,tywin.livingston@homemail.com
cust_756,Michael Dillinger,28568 Main St,1993830557,michael.dillinger@facefolder.com
cust_757,Elizabeth Nelson,39751 Port St,4942567571,elizabeth.nelson@pinternet.com
cust_758,Ines Anderson,51915 Xanadu St,6797324899,ines.anderson@dmail.com
cust_759,Sean Dillinger,5502 West St,2799051991,sean.dillinger@indiewentwent.com
cust_760,Beverly Gutenberg,40112 Valkyrie Wy,1253752120,beverly.gutenberg@bong.com
cust_761,Elizabeth Livingston,92781 Jones Rd,1858945691,elizabeth.livingston@jimmyjanes.com
cust_762,Christopher King,36066 North Pkwy,2682224813,christopher.king@goggle.com
cust_763,Katie Cunningham,41647 Gold Rd,2643624321,katie.cunningham@pinternet.com
cust_764,Beverly Borman,98411 Hacienda Ter,9429530851,beverly.borman@koldaid.com
cust_765,Fred Borman,36055 Royale Wy,4452522048,fred.borman@cmm.com
cust_766,Elizabeth Livingston,52254 Yesler Wy,9201794700,elizabeth.livingston@levos.com
cust_767,Elizabeth Cunningham,94245 Island Dr,4916700671,elizabeth.cunningham@jimmyjanes.com
cust_768,Beverly Thompson,99254 Yesler Wy,4395039689,beverly.thompson@pinternet.com
cust_769,Sean Sutherland,25927 London Ave,8188828967,sean.sutherland@cmm.com
cust_770,Philippa Hindenberg,56523 King Pkwy,5742681584,philippa.hindenberg@munster.com
cust_771,William Hindenberg,49299 Euclid Wy,9700973512,william.hindenberg@levos.com
cust_772,Alan Wilson,4755 Union St,3379753359,alan.wilson@aul.com
cust_773,Sean King,56737 Dragon Ave,9976914908,sean.king@dmail.com
cust_774,Michael Fitzgerald,14740 Jones Rd,4750723257,michael.fitzgerald@indiewentwent.com
cust_775,Ines King,28616 Euclid Wy,3060474763,ines.king@pinternet.com
cust_776,William Livingston,28769 West St,5611586580,william.livingston@goggle.com
cust_777,Alan Isaacson,98038 North Pkwy,3798174359,alan.isaacson@facefolder.com
cust_778,Harold Thompson,61729 Thomas St,2775427797,harold.thompson@bong.com
cust_779,Quincy Nelson,96953 First St,9345076892,quincy.nelson@jimmyjanes.com
cust_780,Christopher Livingston,5522 Oldtown Rd,4615467509,christopher.livingston@napple.com
cust_781,William Hindenberg,7918 Dragon Ave,7088368007,william.hindenberg@cmm.com
cust_782,Quincy Hindenberg,1853 Queen Ave,7748263054,quincy.hindenberg@oreoz.com
cust_783,Fred Ellington,78592 Port St,2576061279,fred.ellington@quorum.com
cust_784,David Anderson,14533 Port St,6076078855,david.anderson@indiewentwent.com
cust_785,Michael Gutenberg,4827 Dragon Ave,8126825014,michael.gutenberg@levos.com
cust_786,Elizabeth Thompson,75138 Main St,7205310861,elizabeth.thompson@bong.com
cust_787,Philippa King,76538 King Pkwy,2040958506,philippa.king@facefolder.com
cust_788,Philippa Gutenberg,50770 South St,3698068437,philippa.gutenberg@facefolder.com
cust_789,Quincy Gutenberg,31481 Valkyrie Wy,8448081085,quincy.gutenberg@koldaid.com
cust_790,William Ellington,62607 Dragon Ave,1609928159,william.ellington@oreoz.com
cust_791,Michael Livingston,98978 Gold Rd,1173373699,michael.livingston@oreoz.com
cust_792,Michael Fitzgerald,15772 North Pkwy,8223215978,michael.fitzgerald@munster.com
cust_793,Tywin Ellington,34059 Birch St,5005750350,tywin.ellington@dmail.com
cust_794,Ginny Hindenberg,35783 Jones Rd,2800541151,ginny.hindenberg@munster.com
cust_795,Harold Livingston,43874 Main St,8451252950,harold.livingston@homemail.com
cust_796,David Thompson,77531 Oldtown Rd,5411478085,david.thompson@bong.com
cust_797,Quincy Dillinger,20707 Valkyrie Wy,2660959094,quincy.dillinger@cmm.com
cust_798,Christopher Wilson,58387 Royale Wy,5899074919,christopher.wilson@bong.com
cust_799,Natalie Sutherland,16312 North Pkwy,5499777412,natalie.sutherland@aul.com
cust_800,Elizabeth Fitzgerald,84712 Jones Rd,5555589628,elizabeth.fitzgerald@facefolder.com
cust_801,Ines Sutherland,6699 First St,8032432018,ines.sutherland@aul.com
cust_802,Natalie Ellington,89568 Jones Rd,7130296983,natalie.ellington@koldaid.com
cust_803,Harold Gutenberg,95446 Dragon Ave,6257464444,harold.gutenberg@indiewentwent.com
cust_804,Jessica Gutenberg,89513 Aardvark Ln,6259750523,jessica.gutenberg@exfeedia.com
cust_805,Michael Dillinger,53388 Valkyrie Wy,4155061286,michael.dillinger@cmm.com
cust_806,Christopher Nelson,45264 Euclid Wy,2741417580,christopher.nelson@koldaid.com
cust_807,Liam Michaelson,44341 Jones Rd,9459950427,liam.michaelson@levos.com
cust_808,Alan Fitzgerald,16501 Royale Wy,4710305316,alan.fitzgerald@goggle.com
cust_809,Sean Fitzgerald,48996 Gold Rd,3340114860,sean.fitzgerald@goggle.com
cust_810,Elizabeth Isaacson,81398 First St,8320438247,elizabeth.isaacson@exfeedia.com
cust_811,David Gutenberg,81756 Euclid Wy,7799285337,david.gutenberg@jimmyjanes.com
cust_812,Natalie Isaacson,6775 Columbus Cir,6445654229,natalie.isaacson@pinternet.com
cust_813,Sean Nelson,92528 Valkyrie Wy,7864003607,sean.nelson@quorum.com
cust_814,Katie Wilson,21235 King Pkwy,8081617221,katie.wilson@aul.com
cust_815,Natalie Livingston,57913 West St,1022391258,natalie.livingston@pinternet.com
cust_816,Harold Cunningham,6439 Xanadu St,4685842263,harold.cunningham@pinternet.com
cust_817,Alan Gutenberg,70418 Columbus Cir,5132485184,alan.gutenberg@goggle.com
cust_818,Liam Michaelson,24748 Aardvark Ln,6660352953,liam.michaelson@oreoz.com
cust_819,Ginny Anderson,45201 Columbus Cir,1293688754,ginny.anderson@napple.com
cust_820,Ines Cunningham,37953 Valkyrie Wy,6816943393,ines.cunningham@quorum.com
cust_821,Christopher Nelson,97977 Oldtown Rd,3097708541,christopher.nelson@bong.com
cust_822,Liam Borman,2273 Hacienda Ter,6703980918,liam.borman@pinternet.com
cust_823,Ginny Anderson,42037 Oldtown Rd,1611080120,ginny.anderson@napple.com
cust_824,Alan King,66825 Union St,3553650227,alan.king@napple.com
cust_825,Alan Fitzgerald,32358 Oldtown Rd,9264617408,alan.fitzgerald@dmail.com
cust_826,Natalie Isaacson,24296 Aardvark Ln,2879269705,natalie.isaacson@dmail.com
cust_827,Harold Fitzgerald,72011 Xanadu St,8824604215,harold.fitzgerald@jimmyjanes.com
cust_828,Philippa Anderson,6485 Main St,6350382100,philippa.anderson@exfeedia.com
cust_829,Sean Gutenberg,99813 Dragon Ave,2979288888,sean.gutenberg@oreoz.com
cust_830,Michael Fitzgerald,31336 King Pkwy,3510785897,michael.fitzgerald@facefolder.com
cust_831,Philippa Sutherland,97011 First St,4555024310,philippa.sutherland@pinternet.com
cust_832,Katie Ellington,55768 Valkyrie Wy,8655168644,katie.ellington@munster.com
cust_833,Jessica Thompson,2546 Queen Ave,9502294671,jessica.thompson@bong.com
cust_834,Alan Nelson,79072 Port St,6182244183,alan.nelson@facefolder.com
cust_835,David Dillinger,11853 Gold Rd,2446491266,david.dillinger@pinternet.com
cust_836,William Ellington,51549 Royale Wy,6955061495,william.ellington@levos.com
cust_837,Fred Fitzgerald,30027 South St,6079528211,fred.fitzgerald@quorum.com
cust_838,Michael Borman,8526 Yesler Wy,6296884667,michael.borman@levos.com
cust_839,William Livingston,97708 Queen Ave,1068906861,william.livingston@jimmyjanes.com
cust_840,Beverly Dillinger,64098 Oldtown Rd,5047841252,beverly.dillinger@homemail.com
cust_841,Philippa Borman,60856 South St,6233119796,philippa.borman@koldaid.com
cust_842,Ines Wilson,2309 Dragon Ave,3746579560,ines.wilson@goggle.com
cust_843,Natalie King,20894 Yesler Wy,5709965821,natalie.king@facefolder.com
cust_844,Tywin Sutherland,68692 Birch St,2241004375,tywin.sutherland@bong.com
cust_845,Michael King,65927 South St,1329960456,michael.king@pinternet.com
cust_846,Harold Cunningham,37297 Xanadu St,2699747789,harold.cunningham@bong.com
cust_847,Katie Livingston,34227 Zzyzx Rd,2039806118,katie.livingston@cmm.com
cust_848,Beverly Michaelson,31598 Birch St,2540076521,beverly.michaelson@aul.com
cust_849,Elizabeth Sutherland,70118 Main St,2857679732,elizabeth.sutherland@indiewentwent.com
cust_850,Michael Sutherland,25184 Dragon Ave,5474523573,michael.sutherland@koldaid.com
cust_851,Natalie Cunningham,9945 Oldtown Rd,4313286064,natalie.cunningham@facefolder.com
cust_852,Natalie Anderson,71541 Jones Rd,8511142216,natalie.anderson@oreoz.com
cust_853,Quincy Fitzgerald,35448 Hacienda Ter,7552449656,quincy.fitzgerald@quorum.com
cust_854,Ginny Gutenberg,34904 Hacienda Ter,1514446125,ginny.gutenberg@pinternet.com
cust_855,Tywin Thompson,64746 Oldtown Rd,6624976290,tywin.thompson@aul.com
cust_856,Natalie Nelson,34620 Royale Wy,8260403695,natalie.nelson@pinternet.com
cust_857,William Sutherland,19155 Gold Rd,7119357617,william.sutherland@goggle.com
cust_858,Elizabeth Wilson,98183 Xanadu St,6241088715,elizabeth.wilson@koldaid.com
cust_859,Philippa Ellington,41946 West St,4646286483,philippa.ellington@munster.com
cust_860,Fred Gutenberg,66607 Valkyrie Wy,3949925202,fred.gutenberg@quorum.com
cust_861,Fred Gutenberg,45281 North Pkwy,5367116994,fred.gutenberg@koldaid.com
cust_862,Tywin Anderson,9768 Valkyrie Wy,4564173197,tywin.anderson@cmm.com
cust_863,Ginny Livingston,88258 Queen Ave,6522337746,ginny.livingston@bong.com
cust_864,Beverly Thompson,82641 Birch St,6515732707,beverly.thompson@napple.com
cust_865,Katie Gutenberg,29336 First St,1989138418,katie.gutenberg@goggle.com
cust_866,Elizabeth Thompson,25387 West St,9421464622,elizabeth.thompson@indiewentwent.com
cust_867,Liam Livingston,97058 North Pkwy,8091686849,liam.livingston@jimmyjanes.com
cust_868,Christopher Sutherland,95210 Zzyzx Rd,1591807559,christopher.sutherland@goggle.com
cust_869,Alan Fitzgerald,84187 Zzyzx Rd,8772966443,alan.fitzgerald@koldaid.com
cust_870,Philippa Anderson,43866 Euclid Wy,5933798783,philippa.anderson@jimmyjanes.com
cust_871,Fred Michaelson,66384 Queen Ave,2010330627,fred.michaelson@goggle.com
cust_872,Christopher Gutenberg,93602 Yesler Wy,5519132716,christopher.gutenberg@indiewentwent.com
cust_873,Elizabeth Gutenberg,42822 Yesler Wy,5409373538,elizabeth.gutenberg@bong.com
cust_874,Alan King,83248 Valkyrie Wy,2847425955,alan.king@homemail.com
cust_875,Elizabeth Thompson,69546 Royale Wy,2354798419,elizabeth.thompson@pinternet.com
cust_876,Quincy Cunningham,11490 Dragon Ave,5565687961,quincy.cunningham@indiewentwent.com
cust_877,Christopher Gutenberg,47563 First St,3961433393,christopher.gutenberg@facefolder.com
cust_878,Quincy Anderson,37748 Columbus Cir,5394676392,quincy.anderson@oreoz.com
cust_879,Elizabeth Isaacson,62759 Main St,1891420053,elizabeth.isaacson@oreoz.com
cust_880,Fred Nelson,47526 Xanadu St,9331870088,fred.nelson@napple.com
cust_881,David Fitzgerald,32676 Union St,8734984306,david.fitzgerald@napple.com
cust_882,Katie Ellington,52830 Royale Wy,3193785817,katie.ellington@jimmyjanes.com
cust_883,Fred Borman,2006 Zzyzx Rd,3077103230,fred.borman@dmail.com
cust_884,Jessica Thompson,16869 Dragon Ave,4939263134,jessica.thompson@indiewentwent.com
cust_885,Quincy Dillinger,53939 South St,5971663323,quincy.dillinger@homemail.com
cust_886,Beverly Hindenberg,37907 Royale Wy,8053690981,beverly.hindenberg@exfeedia.com
cust_887,Liam Cunningham,59366 Columbus Cir,8874231245,liam.cunningham@cmm.com
cust_888,Alan Hindenberg,3301 Island Dr,9648767757,alan.hindenberg@goggle.com
cust_889,Ines Anderson,9547 Dragon Ave,8907207750,ines.anderson@indiewentwent.com
cust_890,Elizabeth Cunningham,18727 Jones Rd,8937401982,elizabeth.cunningham@goggle.com
cust_891,Elizabeth Ellington,14438 South St,1646979168,elizabeth.ellington@exfeedia.com
cust_892,Katie Wilson,65992 South St,4348164363,katie.wilson@pinternet.com
cust_893,Sean Gutenberg,48418 Main St,6640935006,sean.gutenberg@munster.com
cust_894,Fred Michaelson,70361 First St,2143437249,fred.michaelson@koldaid.com
cust_895,Sean Nelson,89433 Valkyrie Wy,3026441378,sean.nelson@levos.com
cust_896,William Livingston,3712 Royale Wy,1800793113,william.livingston@exfeedia.com
cust_897,Philippa Cunningham,37571 Main St,4328747997,philippa.cunningham@facefolder.com
cust_898,Fred Isaacson,86031 Royale Wy,2331355763,fred.isaacson@pinternet.com
cust_899,Harold Fitzgerald,88505 First St,2243587619,harold.fitzgerald@bong.com
cust_900,Ginny Hindenberg,35318 Thomas St,5289020158,ginny.hindenberg@jimmyjanes.com
cust_901,Tywin Wilson,94563 Aardvark Ln,4785268384,tywin.wilson@homemail.com
cust_902,Beverly Sutherland,68073 Island Dr,7867370632,beverly.sutherland@indiewentwent.com
cust_903,Harold Dillinger,43534 Euclid Wy,7993032817,harold.dillinger@pinternet.com
cust_904,Beverly Cunningham,44178 First St,6527792395,beverly.cunningham@quorum.com
cust_905,Katie Borman,42719 Zzyzx Rd,4654005509,katie.borman@oreoz.com
cust_906,Beverly Borman,85271 West St,4091954629,beverly.borman@levos.com
cust_907,Sean Gutenberg,29279 Zzyzx Rd,2118666076,sean.gutenberg@koldaid.com
cust_908,David Hindenberg,15718 London Ave,4899748144,david.hindenberg@dmail.com
cust_909,Elizabeth Dillinger,99774 Yesler Wy,2328458658,elizabeth.dillinger@jimmyjanes.com
cust_910,Tywin Ellington,72036 Port St,3502482177,tywin.ellington@exfeedia.com
cust_911,Michael Ellington,63737 Jones Rd,6540229361,michael.ellington@pinternet.com
cust_912,Natalie King,16224 South St,1053608385,natalie.king@aul.com
cust_913,Harold Thompson,49721 Aardvark Ln,4366563750,harold.thompson@bong.com
cust_914,Katie Ellington,15858 First St,3364264770,katie.ellington@facefolder.com
cust_915,Michael Dillinger,78248 Royale Wy,3150619741,michael.dillinger@aul.com
cust_916,Harold Isaacson,55021 Royale Wy,5299374414,harold.isaacson@cmm.com
cust_917,Fred Hindenberg,92602 Euclid Wy,8449236963,fred.hindenberg@cmm.com
cust_918,Harold Ellington,35939 Main St,8537028450,harold.ellington@indiewentwent.com
cust_919,Michael King,78235 King Pkwy,8708231138,michael.king@indiewentwent.com
cust_920,Ines Nelson,42228 Main St,1222215485,ines.nelson@dmail.com
cust_921,Tywin Sutherland,68735 Jones Rd,5062886561,tywin.sutherland@koldaid.com
cust_922,Alan Anderson,5863 Aardvark Ln,5929920817,alan.anderson@pinternet.com
cust_923,Tywin Fitzgerald,19220 Columbus Cir,2316002934,tywin.fitzgerald@exfeedia.com
cust_924,Jessica Livingston,74090 Queen Ave,9478717979,jessica.livingston@facefolder.com
cust_925,Philippa Isaacson,24454 Xanadu St,8285534718,philippa.isaacson@goggle.com
cust_926,William Gutenberg,27636 First St,4521608207,william.gutenberg@aul.com
cust_927,Natalie Wilson,29578 Main St,1924772616,natalie.wilson@exfeedia.com
cust_928,Alan Anderson,80510 Royale Wy,9309538205,alan.anderson@aul.com
cust_929,Quincy Sutherland,23360 Gold Rd,6969039046,quincy.sutherland@quorum.com
cust_930,William Hindenberg,32368 Royale Wy,2165210008,william.hindenberg@munster.com
cust_931,Jessica Thompson,79242 Valkyrie Wy,8115437739,jessica.thompson@bong.com
cust_932,Philippa Borman,90286 Main St,9838559983,philippa.borman@aul.com
cust_933,Alan Michaelson,11806 Jones Rd,9147846901,alan.michaelson@quorum.com
cust_934,Harold Anderson,97750 Royale Wy,2354141391,harold.anderson@facefolder.com
cust_935,Jessica Wilson,46201 Oldtown Rd,2514268775,jessica.wilson@pinternet.com
cust_936,Liam Cunningham,28407 Xanadu St,1768076185,liam.cunningham@cmm.com
cust_937,Elizabeth Michaelson,95850 North Pkwy,5634028698,elizabeth.michaelson@levos.com
cust_938,Ginny Michaelson,92657 North Pkwy,4386827431,ginny.michaelson@koldaid.com
cust_939,Quincy Borman,69531 Aardvark Ln,8122258035,quincy.borman@facefolder.com
cust_940,Elizabeth Hindenberg,3023 Columbus Cir,1330077869,elizabeth.hindenberg@oreoz.com
cust_941,David Cunningham,42756 Jones Rd,9562928640,david.cunningham@homemail.com
cust_942,Elizabeth Wilson,57020 Union St,9616047054,elizabeth.wilson@jimmyjanes.com
cust_943,Alan Michaelson,24187 King Pkwy,5636320842,alan.michaelson@munster.com
cust_944,Alan Dillinger,96859 Aardvark Ln,7977542487,alan.dillinger@cmm.com
cust_945,Fred Livingston,90429 Birch St,1861094098,fred.livingston@homemail.com
cust_946,Sean Nelson,52778 Thomas St,8958334033,sean.nelson@homemail.com
cust_947,David King,21058 Island Dr,1060142302,david.king@homemail.com
cust_948,Katie Anderson,28180 King Pkwy,5099145583,katie.anderson@aul.com
cust_949,David Nelson,25467 Port St,7264056759,david.nelson@homemail.com
cust_950,Beverly Fitzgerald,68698 Royale Wy,5022574030,beverly.fitzgerald@indiewentwent.com
cust_951,Liam Cunningham,16363 North Pkwy,5934739114,liam.cunningham@pinternet.com
cust_952,Jessica Sutherland,49774 Hacienda Ter,1703070835,jessica.sutherland@homemail.com
cust_953,Philippa Michaelson,18679 West St,2824347193,philippa.michaelson@jimmyjanes.com
cust_954,Michael Fitzgerald,32457 First St,2677124216,michael.fitzgerald@munster.com
cust_955,Fred Thompson,16717 West St,5715028080,fred.thompson@cmm.com
cust_956,Liam Dillinger,54346 Union St,1277468345,liam.dillinger@goggle.com
cust_957,Philippa Anderson,36471 Aardvark Ln,6457160043,philippa.anderson@jimmyjanes.com
cust_958,Michael Thompson,30127 Main St,5829815924,michael.thompson@oreoz.com
cust_959,Katie Isaacson,2165 Union St,3296047060,katie.isaacson@aul.com
cust_960,Quincy Borman,86280 Port St,6755310882,quincy.borman@pinternet.com
cust_961,Katie Sutherland,23954 King Pkwy,6973461203,katie.sutherland@facefolder.com
cust_962,Fred Fitzgerald,76338 Gold Rd,8173959114,fred.fitzgerald@pinternet.com
cust_963,Ginny Sutherland,78619 North Pkwy,6178270979,ginny.sutherland@munster.com
cust_964,Tywin Gutenberg,19212 West St,7038691011,tywin.gutenberg@napple.com
cust_965,Beverly Michaelson,73979 King Pkwy,2055243407,beverly.michaelson@koldaid.com
cust_966,Liam Michaelson,14833 Gold Rd,7475732653,liam.michaelson@oreoz.com
cust_967,William Fitzgerald,45404 Jones Rd,5074849200,william.fitzgerald@dmail.com
cust_968,Natalie Nelson,72130 London Ave,7687895308,natalie.nelson@munster.com
cust_969,Beverly Hindenberg,32999 Hacienda Ter,1779116980,beverly.hindenberg@pinternet.com
cust_970,Christopher Ellington,74960 Dragon Ave,9038693163,christopher.ellington@quorum.com
cust_971,Jessica Nelson,82776 West St,8539957456,jessica.nelson@jimmyjanes.com
cust_972,Harold King,56970 Hacienda Ter,7916438668,harold.king@facefolder.com
cust_973,Michael Ellington,54505 Columbus Cir,8209432870,michael.ellington@facefolder.com
cust_974,Michael Livingston,58079 Queen Ave,1730190154,michael.livingston@bong.com
cust_975,William Nelson,90071 Royale Wy,1414261437,william.nelson@bong.com
cust_976,Liam Nelson,48327 Dragon Ave,9483434843,liam.nelson@cmm.com
cust_977,Elizabeth Cunningham,25887 Aardvark Ln,4805066603,elizabeth.cunningham@oreoz.com
cust_978,Christopher Cunningham,67747 Euclid Wy,4283828512,christopher.cunningham@cmm.com
cust_979,Tywin Michaelson,72786 Royale Wy,7595801400,tywin.michaelson@quorum.com
cust_980,Natalie Wilson,33930 Xanadu St,6286885603,natalie.wilson@munster.com
cust_981,Christopher Borman,68933 Jones Rd,8585690960,christopher.borman@jimmyjanes.com
cust_982,Liam Dillinger,35515 Xanadu St,3249584258,liam.dillinger@pinternet.com
cust_983,Katie Thompson,92763 Union St,7499670207,katie.thompson@munster.com
cust_984,Christopher Anderson,45686 Dragon Ave,3734764569,christopher.anderson@levos.com
cust_985,Tywin Dillinger,50565 Union St,8092852276,tywin.dillinger@exfeedia.com
cust_986,Beverly Sutherland,17623 London Ave,1459332877,beverly.sutherland@exfeedia.com
cust_987,Natalie Michaelson,44622 Yesler Wy,8603529831,natalie.michaelson@bong.com
cust_988,William Sutherland,39646 Royale Wy,1152920463,william.sutherland@indiewentwent.com
cust_989,Fred Ellington,73271 First St,3557048332,fred.ellington@dmail.com
cust_990,David Michaelson,17379 Dragon Ave,3503851608,david.michaelson@quorum.com
cust_991,Beverly Sutherland,82067 Euclid Wy,8671936407,beverly.sutherland@napple.com
cust_992,Sean Livingston,56617 Gold Rd,9570527344,sean.livingston@exfeedia.com
cust_993,Fred Thompson,89862 London Ave,3093394357,fred.thompson@indiewentwent.com
cust_994,Harold Thompson,41440 Island Dr,1806110640,harold.thompson@aul.com
cust_995,Katie Nelson,35767 Royale Wy,9857795072,katie.nelson@jimmyjanes.com
cust_996,Beverly Fitzgerald,96246 Oldtown Rd,1269635128,beverly.fitzgerald@homemail.com
cust_997,Elizabeth Thompson,84193 Birch St,6927783807,elizabeth.thompson@exfeedia.com
cust_998,William Livingston,59089 Aardvark Ln,5808583972,william.livingston@goggle.com
cust_999,Michael Gutenberg,33191 Xanadu St,4725845222,michael.gutenberg@quorum.com
cust_1000,David Livingston,54511 Queen Ave,2327752260,david.livingston@jimmyjanes.com
