id,name,address,phone,email
user00001,Dolores Hines,407 Timothy Stream,748758213,Dolores.Hines@gmail.com
user00002,Amanda Schwartz,295 Lewis Causeway,(516)313-708,Amanda.Schwartz@gmail.com
user00003,Stephen Mills,8048 Ronald Radial,(930)353-120,Stephen.Mills@gmail.com
user00004,Lou Turner,6414 Cowan Bridge,699.155.6016,Lou.Turner@gmail.com
user00005,Floyd Williams,585 Yvette Forest,(447)866-190,Floyd.Williams@gmail.com
user00006,Tammy Arsenault,400 Orr Bypass,532.704.5744,Tammy.Arsenault@gmail.com
user00007,Michael Anspach,1488 Sandoval Prairie,(030)551-316,Michael.Anspach@gmail.com
user00008,Maple Goodermote,00423 Parker Keys Suite 127,403-429-1587,Maple.Goodermote@gmail.com
user00009,Kristin Jones,2857 Robert Centers,783.980.9364,Kristin.Jones@gmail.com
user00010,Christopher Leachman,839 Hoffman Drive,(563)392-589,Christopher.Leachman@gmail.com
user00011,Caroline Dillon,74754 Ruiz Spur,001-914-474-,Caroline.Dillon@gmail.com
user00012,Michael Richardson,674 Rodgers Street,001-636-271-,Michael.Richardson@gmail.com
user00013,Carolyn Egan,8910 Abigail Points,935-827-3358,Carolyn.Egan@gmail.com
user00014,Walter Tolliver,733 Wilson Coves Suite 299,191-077-0088,Walter.Tolliver@gmail.com
user00015,Elisa Patterson,035 Mary Shore,1-792-213-1,Elisa.Patterson@gmail.com
user00016,Ronda Harding,505 Jordan Plains,619-204-6075,Ronda.Harding@gmail.com
user00017,Eddie Bilder,8796 Jennifer Stream,(604)853-581,Eddie.Bilder@gmail.com
user00018,Gerald Kann,4986 Hayden Neck,5051645180,Gerald.Kann@gmail.com
user00019,Jane Boaz,01240 Anna Locks,408-511-4843,Jane.Boaz@gmail.com
user00020,Monica Williams,8525 Walker Fork,8286335896,Monica.Williams@gmail.com
user00021,John Cumberbatch,717 Carol Plains,779-176-4852,John.Cumberbatch@gmail.com
user00022,Tiffany Tamondong,428 Scott Orchard Suite 882,532-467-3931,Tiffany.Tamondong@gmail.com
user00023,Adrienne Houghton,27363 Laurie Gateway Suite 930,1-518-577-5,Adrienne.Houghton@gmail.com
user00024,Kimberly Lewis,4721 Butler Roads Apt. 142,630-337-5862,Kimberly.Lewis@gmail.com
user00025,Charmaine Landers,799 Melissa Island,1-46-695-9,Charmaine.Landers@gmail.com
user00026,Lois Johnston,366 Cynthia Summit,(266)587-335,Lois.Johnston@gmail.com
user00027,Andrew Kane,7637 Andrea Prairie Suite 506,667.587.7657,Andrew.Kane@gmail.com
user00028,Jason Langley,071 Donaldson Greens,1-364-337-0,Jason.Langley@gmail.com
user00029,Pamela Lockett,2060 Gabriel Ports Apt. 370,717.652.9807,Pamela.Lockett@gmail.com
user00030,Doris Cobar,317 Daniel Ranch Suite 445,874608088,Doris.Cobar@gmail.com
user00031,Veronica Duncan,858 Devon Cliffs,(019)616-882,Veronica.Duncan@gmail.com
user00032,Lawrence Mendoza,7316 Kimberly Mountains,361-167-4577,Lawrence.Mendoza@gmail.com
user00033,Martha Gean,461 Danielle Dam Suite 707,(399)731-104,Martha.Gean@gmail.com
user00034,Chris Smathers,743 Tammy Course Suite 259,1-924-148-9,Chris.Smathers@gmail.com
user00035,Elizabeth Locicero,28114 Williams Ridges Apt. 715,001-456-139-,Elizabeth.Locicero@gmail.com
user00036,Josephine Davis,3747 Key Avenue,1-533-692-2,Josephine.Davis@gmail.com
user00037,Margery Green,9305 Dorsey Fields Suite 407,684.082.2012,Margery.Green@gmail.com
user00038,Rebecca Eisenman,2190 Melvin Point,001-739-338-,Rebecca.Eisenman@gmail.com
user00039,Carmen Payne,0987 Moore Trace Apt. 268,286-013-8927,Carmen.Payne@gmail.com
user00040,Greg Gilmore,292 Ward Port Suite 253,001-541-206-,Greg.Gilmore@gmail.com
user00041,Marvin Campbell,28397 John Fields Suite 556,001-991-069-,Marvin.Campbell@gmail.com
user00042,Patricia Spitler,1754 Allen Valleys,(661)403-609,Patricia.Spitler@gmail.com
user00043,Alice Wiley,013 Smith Fields Apt. 288,323.966.7594,Alice.Wiley@gmail.com
user00044,Philip Wilkerson,6508 Eric Hill Suite 176,992-412-4458,Philip.Wilkerson@gmail.com
user00045,Wilbert Heckman,32850 Mary Springs Suite 187,600.246.9306,Wilbert.Heckman@gmail.com
user00046,Thomas Briggs,077 Watson Rue,945-677-2298,Thomas.Briggs@gmail.com
user00047,Lucy Burnside,0958 Hicks Plain,(438)487-917,Lucy.Burnside@gmail.com
user00048,Debra Leal,019 Mary Cape,502.718.8640,Debra.Leal@gmail.com
user00049,Ismael Jones,829 Lynn Parks,827.080.9099,Ismael.Jones@gmail.com
user00050,Frances Mcdonald,855 Richardson Fords,(380)191-915,Frances.Mcdonald@gmail.com
user00051,Reginald Volkman,30681 Kristine Parks Suite 107,(511)403-202,Reginald.Volkman@gmail.com
user00052,Ruben Mitchell,173 Tracey Forge Apt. 440,473.665.4031,Ruben.Mitchell@gmail.com
user00053,Henry Raines,243 Tracey Square,001-849-140-,Henry.Raines@gmail.com
user00054,Morgan Kam,27639 Young Plains Suite 063,931-979-7420,Morgan.Kam@gmail.com
user00055,Eugene Hirst,90344 Joshua Crossroad,(667)466-509,Eugene.Hirst@gmail.com
user00056,Kathryn Hursh,3218 Elizabeth Route,350-415-5341,Kathryn.Hursh@gmail.com
user00057,Jamie Johnson,8290 Davis Fall,7792309072,Jamie.Johnson@gmail.com
user00058,Margaret Bonner,1761 Martin Burgs Suite 084,789-747-6308,Margaret.Bonner@gmail.com
user00059,Marie Johnson,9539 Smith Rapids,(448)374-184,Marie.Johnson@gmail.com
user00060,Cecile Polk,5879 Joseph Shoal Suite 609,(829)677-893,Cecile.Polk@gmail.com
user00061,Georgia Stancill,090 Hall Way,345.765.3149,Georgia.Stancill@gmail.com
user00062,Emma Stansbury,8107 James Avenue,870-670-9345,Emma.Stansbury@gmail.com
user00063,Dana Prater,93781 Eric Spur,(677)913-291,Dana.Prater@gmail.com
user00064,Adam Guzman,5670 Donovan Tunnel,558.124.5330,Adam.Guzman@gmail.com
user00065,Earl Conley,9483 Rachel Landing,001-934-265-,Earl.Conley@gmail.com
user00066,Christopher Nathan,0150 Angela Freeway,(756)848-760,Christopher.Nathan@gmail.com
user00067,Edith Cabrera,832 Meghan Hills Apt. 056,1-919-180-3,Edith.Cabrera@gmail.com
user00068,Sandy Chandler,58028 Quinn Valleys,001-636-591-,Sandy.Chandler@gmail.com
user00069,Nicholas Saadd,378 Lindsay Unions,(737)593-875,Nicholas.Saadd@gmail.com
user00070,James Sullivan,3552 Barrera Square Apt. 788,9108271424,James.Sullivan@gmail.com
user00071,Kim Shields,51003 Curtis Glen,1-379-613-6,Kim.Shields@gmail.com
user00072,Charles Bowers,10328 Lindsay Turnpike,(853)324-239,Charles.Bowers@gmail.com
user00073,Kevin Pettit,631 William Ville,1-689-982-7,Kevin.Pettit@gmail.com
user00074,Gloria Mejia,40062 Hudson Manors Suite 250,5261090720,Gloria.Mejia@gmail.com
user00075,Nicholas White,469 Garcia Villages Suite 553,993-913-7566,Nicholas.White@gmail.com
user00076,Hazel Holze,38790 Hall Greens Suite 976,731-105-0986,Hazel.Holze@gmail.com
user00077,Dorothy Ramsey,09173 Orr Port,1-427-286-6,Dorothy.Ramsey@gmail.com
user00078,Pauline Ford,1285 Hayley Village,001-649-058-,Pauline.Ford@gmail.com
user00079,Colleen Lucky,5772 Larson Islands Apt. 627,(719)515-270,Colleen.Lucky@gmail.com
user00080,Deborah Archer,871 Davenport Lodge Apt. 333,6759533828,Deborah.Archer@gmail.com
user00081,Pedro Werner,27836 Mckinney Plains Suite 946,667-333-4207,Pedro.Werner@gmail.com
user00082,William Lindquist,81701 Ryan Tunnel,(046)628-997,William.Lindquist@gmail.com
user00083,Raymond Lopez,306 Perez Isle,1-985-269-8,Raymond.Lopez@gmail.com
user00084,Vera Scott,646 Jones Drive Apt. 615,001-587-593-,Vera.Scott@gmail.com
user00085,Albert Mulligan,3040 Henderson Rest,999-494-3684,Albert.Mulligan@gmail.com
user00086,Annie Conte,70302 Clayton Cove,694-165-6509,Annie.Conte@gmail.com
user00087,Amy Deacon,442 James Mill,734.594.3494,Amy.Deacon@gmail.com
user00088,Sherry Nicholson,238 Michele Highway Suite 165,001-300-717-,Sherry.Nicholson@gmail.com
user00089,Humberto Ragan,02744 Melissa Crest Suite 830,2906281164,Humberto.Ragan@gmail.com
user00090,Earl Tyree,7134 Patton Causeway,841-125-8440,Earl.Tyree@gmail.com
user00091,Kenneth Brunner,67054 Rice Curve,9184086881,Kenneth.Brunner@gmail.com
user00092,Harriette Bria,46456 Sandra Heights Suite 993,(216)672-130,Harriette.Bria@gmail.com
user00093,Alvin Myers,18615 Coleman Path Suite 273,001-687-400-,Alvin.Myers@gmail.com
user00094,Charles Ragsdale,1173 Campbell Gateway Suite 872,001-428-980-,Charles.Ragsdale@gmail.com
user00095,Russ Zimmerman,752 Jonathan Plains Apt. 306,1-232-632-4,Russ.Zimmerman@gmail.com
user00096,Lewis Rudio,266 Angela Greens,1-659-922-7,Lewis.Rudio@gmail.com
user00097,Virgil Nelson,061 Scott Haven Apt. 578,001-319-159-,Virgil.Nelson@gmail.com
user00098,Ricky Holman,134 Evan Cove Apt. 621,469.989.8616,Ricky.Holman@gmail.com
user00099,Blanch Holt,1210 Cody Circles,001-903-621-,Blanch.Holt@gmail.com
user00100,Rudy Young,6246 Angela Run Apt. 386,001-519-710-,Rudy.Young@gmail.com
user00101,William Foster,258 Heidi Spring,249.563.4959,William.Foster@gmail.com
user00102,Norma Pacheco,2836 Scott Groves,605-355-4555,Norma.Pacheco@gmail.com
user00103,Jamie Landry,9798 Adkins Spring,1-452-676-0,Jamie.Landry@gmail.com
user00104,Jonathan Taylor,116 Carol Club Suite 358,805-292-5248,Jonathan.Taylor@gmail.com
user00105,Edward Velasquez,09030 Joseph Pike,868.018.2400,Edward.Velasquez@gmail.com
user00106,Cynthia Spencer,949 Tina Island,(022)251-313,Cynthia.Spencer@gmail.com
user00107,Kory Dent,4183 Webster Fields Apt. 633,(071)858-736,Kory.Dent@gmail.com
user00108,Matthew Fannin,14539 Johnson Underpass,507-500-8478,Matthew.Fannin@gmail.com
user00109,Mary Hamlett,10310 Johnny Trail Apt. 031,(874)190-883,Mary.Hamlett@gmail.com
user00110,Jimmy Armstrong,103 Smith Bypass,750.642.3858,Jimmy.Armstrong@gmail.com
user00111,Dylan Sorensen,03587 Cervantes Throughway Suite 069,1-784-588-3,Dylan.Sorensen@gmail.com
user00112,Pamela Pritchard,063 Fisher Viaduct,243-543-8987,Pamela.Pritchard@gmail.com
user00113,Odessa Knackstedt,108 Valdez Lodge Apt. 621,1-395-204-6,Odessa.Knackstedt@gmail.com
user00114,Betty Santos,44550 Nancy Road,001-429-258-,Betty.Santos@gmail.com
user00115,Matthew Gibson,3241 Thomas Viaduct,012-509-7790,Matthew.Gibson@gmail.com
user00116,Margie Huffman,820 Taylor Vista Suite 010,1-445-783-1,Margie.Huffman@gmail.com
user00117,William Bailey,36462 Emily Ford,5797460189,William.Bailey@gmail.com
user00118,Michael Rust,5253 Thomas Forest Apt. 802,(810)465-764,Michael.Rust@gmail.com
user00119,Robert Rodriguez,2787 Garcia Land Apt. 068,1-926-875-8,Robert.Rodriguez@gmail.com
user00120,Milagros Eberheart,2284 Dawn Divide Apt. 335,9959447793,Milagros.Eberheart@gmail.com
user00121,Michaela Moore,2951 Sherry Unions Suite 949,001-627-646-,Michaela.Moore@gmail.com
user00122,Pamela Himenez,329 Eric Points Apt. 384,(705)061-960,Pamela.Himenez@gmail.com
user00123,David Batters,22878 Jill Viaduct Suite 820,855-027-7160,David.Batters@gmail.com
user00124,Noel Fellman,74300 Charlotte Stream,083.319.5844,Noel.Fellman@gmail.com
user00125,Valerie Huff,78855 Fox Harbor,261.075.9311,Valerie.Huff@gmail.com
user00126,Phyllis Ray,5087 Wilson Glen Suite 107,580-129-7056,Phyllis.Ray@gmail.com
user00127,Barry Toti,20745 Juan Rest Apt. 275,(581)444-628,Barry.Toti@gmail.com
user00128,William Sneed,91939 Mitchell Estate Apt. 888,7167785148,William.Sneed@gmail.com
user00129,Carolyn Burchett,67559 Tracy Well Suite 858,139.812.2947,Carolyn.Burchett@gmail.com
user00130,Maggie Blais,78428 Hayes Springs Apt. 186,001-846-951-,Maggie.Blais@gmail.com
user00131,Mary Johnston,91894 Ortega Trace,739.179.0478,Mary.Johnston@gmail.com
user00132,Sharon Epstein,8385 Carter Square Suite 599,1020703310,Sharon.Epstein@gmail.com
user00133,Emil Watkins,442 Guzman Gateway,1-9-225-9,Emil.Watkins@gmail.com
user00134,John Leon,8425 Bonnie Dale Apt. 976,2390974371,John.Leon@gmail.com
user00135,Dorothea Brammer,606 Nicole Knolls,919-871-8267,Dorothea.Brammer@gmail.com
user00136,Francis Moore,380 Bartlett Locks,848.563.2944,Francis.Moore@gmail.com
user00137,Dorothy Marshall,1966 Howard Prairie Apt. 623,683-566-6823,Dorothy.Marshall@gmail.com
user00138,Lori Francois,88915 Bryant Hill Apt. 549,1-534-850-3,Lori.Francois@gmail.com
user00139,Joe Isaacson,02445 Cherry Spur Apt. 283,773.403.9456,Joe.Isaacson@gmail.com
user00140,Lillian Plaza,9671 Gail Green,023.538.8393,Lillian.Plaza@gmail.com
user00141,Ronnie Atchley,92187 Joshua Drive Apt. 907,1-655-88-6,Ronnie.Atchley@gmail.com
user00142,Eve Brown,3603 Stewart Views,422.253.1596,Eve.Brown@gmail.com
user00143,Julie Levinson,094 Kyle Hill,975.134.4768,Julie.Levinson@gmail.com
user00144,Maria Sinn,487 Walker Parkways,001-031-915-,Maria.Sinn@gmail.com
user00145,Ricky Miranda,1528 Michael Common,(446)573-064,Ricky.Miranda@gmail.com
user00146,Gregory Young,279 Crystal Dale Suite 917,001-690-688-,Gregory.Young@gmail.com
user00147,George Ahrens,765 Earl Loop,(231)931-322,George.Ahrens@gmail.com
user00148,Julie Davis,94662 David Extensions,5733642071,Julie.Davis@gmail.com
user00149,Christopher Clark,28822 Nicole Ville,1-565-100-8,Christopher.Clark@gmail.com
user00150,Alma Harris,5421 Jennifer Terrace,001-420-666-,Alma.Harris@gmail.com
user00151,Wanda Cagle,006 Christopher Island,001-881-827-,Wanda.Cagle@gmail.com
user00152,John Ayers,7996 Lopez Squares,1-673-401-7,John.Ayers@gmail.com
user00153,Cindy Kahl,46717 Chelsea Highway Apt. 674,001-885-972-,Cindy.Kahl@gmail.com
user00154,Thomas Harvey,47434 Raymond Hollow,345.647.0546,Thomas.Harvey@gmail.com
user00155,Esmeralda Newton,2131 Jeffrey Track,859-823-8834,Esmeralda.Newton@gmail.com
user00156,John Willoughby,5280 Dawn Rapids Apt. 771,(084)094-327,John.Willoughby@gmail.com
user00157,Jacqueline Grams,4004 Christina Summit,933.496.6649,Jacqueline.Grams@gmail.com
user00158,Jeanne Handley,1263 Cook Pike,(898)667-873,Jeanne.Handley@gmail.com
user00159,Rueben Matthewson,36968 Kaylee Rest Apt. 615,(914)468-732,Rueben.Matthewson@gmail.com
user00160,Clarence Phillis,886 Harris Tunnel,1072046833,Clarence.Phillis@gmail.com
user00161,Shaun Newsome,126 Matthew Ports,287.054.1616,Shaun.Newsome@gmail.com
user00162,Shannon Fortenberry,935 Charles Plains,(027)247-025,Shannon.Fortenberry@gmail.com
user00163,Thomas Harrell,36706 Susan Hills Apt. 876,048.287.3470,Thomas.Harrell@gmail.com
user00164,Lori Riblett,5420 Marquez Island Suite 985,182.493.8918,Lori.Riblett@gmail.com
user00165,Russell Martinez,98317 Anthony Wall Suite 335,(306)178-472,Russell.Martinez@gmail.com
user00166,Kimberly Wood,66466 Jennifer Mill,001-233-297-,Kimberly.Wood@gmail.com
user00167,Lola Donaldson,1705 Kevin Forest,(632)780-083,Lola.Donaldson@gmail.com
user00168,Morgan Ludeker,7505 Thompson Springs Suite 386,(435)433-479,Morgan.Ludeker@gmail.com
user00169,Mark Gaddis,49505 Lynch Rue Apt. 133,(365)216-541,Mark.Gaddis@gmail.com
user00170,Damon Hughes,5973 Robert Mount,134-288-3252,Damon.Hughes@gmail.com
user00171,Velma Doane,30001 Lee Keys,1-35-967-1,Velma.Doane@gmail.com
user00172,Gene Cardenas,730 Allen Radial Apt. 815,7051322300,Gene.Cardenas@gmail.com
user00173,Lester Mcmanus,3027 Daniel Road Apt. 134,(191)992-283,Lester.Mcmanus@gmail.com
user00174,Mae Reese,00362 Howell Hollow Suite 050,1-519-605-0,Mae.Reese@gmail.com
user00175,Larry Smith,79325 Moore Parkway,505.855.9621,Larry.Smith@gmail.com
user00176,William Averitt,815 Shawn Crescent,783.452.1580,William.Averitt@gmail.com
user00177,Joshua Bryant,446 Daniel Courts,134.555.4698,Joshua.Bryant@gmail.com
user00178,Linda Dubard,621 Jonathan Courts Apt. 290,584.223.0759,Linda.Dubard@gmail.com
user00179,Carol Moses,5188 Shannon Flats Apt. 607,1-402-884-4,Carol.Moses@gmail.com
user00180,David Mclean,6758 Johnson Fort,176.389.5237,David.Mclean@gmail.com
user00181,Amanda William,10893 Stark Land Suite 226,018-968-9162,Amanda.William@gmail.com
user00182,Laura Watson,49362 Dylan Corners,(154)560-420,Laura.Watson@gmail.com
user00183,Phyllis Norton,893 Jessica Run Suite 965,001-968-914-,Phyllis.Norton@gmail.com
user00184,Sally Howard,16863 Michael Corners,001-696-356-,Sally.Howard@gmail.com
user00185,Melissia Ashpole,38736 Maynard Ways Apt. 660,383.554.1462,Melissia.Ashpole@gmail.com
user00186,Joe Evans,6197 Jeffrey Alley Suite 146,6105380137,Joe.Evans@gmail.com
user00187,Wanda Morse,251 Donald Cliffs Suite 711,(501)763-039,Wanda.Morse@gmail.com
user00188,Fred Logan,0630 Murillo Spring,911-458-7534,Fred.Logan@gmail.com
user00189,Linda Michaux,163 Rachel Field Apt. 860,795.515.0081,Linda.Michaux@gmail.com
user00190,Aura Pittman,281 Perry Turnpike,961-720-4462,Aura.Pittman@gmail.com
user00191,Julius Maze,398 Crawford Port Apt. 999,(516)906-289,Julius.Maze@gmail.com
user00192,Christopher Mclaine,7923 Crystal Springs,9512168039,Christopher.Mclaine@gmail.com
user00193,Scott Meyers,14274 Kevin Motorway Apt. 155,823.625.9005,Scott.Meyers@gmail.com
user00194,Ruth Ledesma,65507 Gonzalez Shoals Apt. 921,308-491-3516,Ruth.Ledesma@gmail.com
user00195,Angelina Weiker,6310 Burns Crest,(626)360-893,Angelina.Weiker@gmail.com
user00196,James Boots,57057 Larson Wall,1-668-257-6,James.Boots@gmail.com
user00197,Tom Shope,646 Justin Place,1015296385,Tom.Shope@gmail.com
user00198,Elizabeth Rose,12274 Johnson Mount Suite 613,838.622.5088,Elizabeth.Rose@gmail.com
user00199,Brian Rabago,923 Armstrong Corner,081.848.9533,Brian.Rabago@gmail.com
user00200,David Marrero,7594 Madison Parks,938.949.5055,David.Marrero@gmail.com
user00201,Vernita Paton,985 Davis Prairie,(410)660-796,Vernita.Paton@gmail.com
user00202,Scott Bennett,22361 Joseph Run Apt. 859,366.422.4429,Scott.Bennett@gmail.com
user00203,Linda Dodds,5582 Velez Gateway Apt. 506,7633955963,Linda.Dodds@gmail.com
user00204,Delmer Winfrey,125 Ross Island Suite 650,(242)013-490,Delmer.Winfrey@gmail.com
user00205,Wallace Lee,194 William Green,798.758.6681,Wallace.Lee@gmail.com
user00206,Chris Zamudio,164 Gentry Via Apt. 997,303-405-4838,Chris.Zamudio@gmail.com
user00207,William Williams,14199 Jones Brook,457-300-9962,William.Williams@gmail.com
user00208,Jocelyn Corder,7309 Brittany Gardens,221-098-0707,Jocelyn.Corder@gmail.com
user00209,Shelia Brailey,273 Clark Square Suite 396,305.049.6295,Shelia.Brailey@gmail.com
user00210,Ron Pearson,299 Heather Trail Suite 232,846-782-0590,Ron.Pearson@gmail.com
user00211,Melba Richardson,653 Aaron Center Apt. 392,280-993-9719,Melba.Richardson@gmail.com
user00212,Jeanette Soto,40785 Robertson Plaza,(322)410-493,Jeanette.Soto@gmail.com
user00213,Diane Barker,37269 Pena Ford,917-619-7734,Diane.Barker@gmail.com
user00214,Karl Blair,94101 Smith Trail Apt. 025,2942552723,Karl.Blair@gmail.com
user00215,Deborah Marion,7232 Mendoza Springs Suite 820,535.325.2096,Deborah.Marion@gmail.com
user00216,Willard Lamb,0563 Madison Light Apt. 140,1-388-959-7,Willard.Lamb@gmail.com
user00217,Natasha Scheffler,510 Erik Ranch,(857)206-482,Natasha.Scheffler@gmail.com
user00218,Chester Luong,4059 Kevin View,362-034-9124,Chester.Luong@gmail.com
user00219,Curtis Patterson,69380 Kylie Path Apt. 437,067-323-6126,Curtis.Patterson@gmail.com
user00220,Martha Heald,3671 Walker Alley Apt. 260,1-15-948-6,Martha.Heald@gmail.com
user00221,William Jean,7164 Henry Rue,(069)261-653,William.Jean@gmail.com
user00222,Jared Quintanilla,838 Carroll Cove Suite 759,627-776-8343,Jared.Quintanilla@gmail.com
user00223,Sarah Hall,94355 Sharon Shoals,001-300-177-,Sarah.Hall@gmail.com
user00224,James Harper,864 Park Knoll Suite 244,492.697.4827,James.Harper@gmail.com
user00225,Estela Martinez,4725 Vega Glens,6777990550,Estela.Martinez@gmail.com
user00226,Ann Belt,75930 Mitchell Falls,103-233-2100,Ann.Belt@gmail.com
user00227,Clarence Loving,51022 Whitaker Skyway Apt. 845,001-760-584-,Clarence.Loving@gmail.com
user00228,Lawrence Weinstein,77103 Butler Greens,001-096-429-,Lawrence.Weinstein@gmail.com
user00229,James Miller,7329 Watkins Inlet,1-108-40-2,James.Miller@gmail.com
user00230,Eric Harmon,970 Golden Village,653-657-3858,Eric.Harmon@gmail.com
user00231,Tracey Beauchemin,314 Matthew Spring Suite 534,988-650-5761,Tracey.Beauchemin@gmail.com
user00232,Thomas Shoop,847 Caldwell Ridge,095-551-2177,Thomas.Shoop@gmail.com
user00233,Teresa Tate,76564 Theresa Flat Suite 129,1-170-718-9,Teresa.Tate@gmail.com
user00234,Rebecca Jackson,8046 Kenneth Plains,296-428-0268,Rebecca.Jackson@gmail.com
user00235,Frank Best,72134 Fleming Parkway Suite 038,(180)450-372,Frank.Best@gmail.com
user00236,Janice Provenzano,17477 Laura Mall Apt. 325,(965)765-049,Janice.Provenzano@gmail.com
user00237,Margaret Rann,168 Hill Glen Suite 071,(655)693-198,Margaret.Rann@gmail.com
user00238,Danny Jackson,6846 Nathan Trafficway,776-182-0721,Danny.Jackson@gmail.com
user00239,David Burg,4725 Cynthia Shore,001-747-258-,David.Burg@gmail.com
user00240,Silas Nunez,5023 Evan Mountains,754-610-7289,Silas.Nunez@gmail.com
user00241,Nicole Stjohn,2469 Kimberly Rapid,(236)776-250,Nicole.Stjohn@gmail.com
user00242,Tasha Zambrano,2316 Brett Camp,262-390-8349,Tasha.Zambrano@gmail.com
user00243,Nancy Dykes,5627 Romero Fork Suite 994,818-826-0351,Nancy.Dykes@gmail.com
user00244,Marcia Turner,0624 Schneider Forest Apt. 743,(571)287-709,Marcia.Turner@gmail.com
user00245,April Coulter,24008 Moody Ferry Suite 058,749.990.1395,April.Coulter@gmail.com
user00246,Anita Jones,5399 Mack Ports Apt. 730,001-500-559-,Anita.Jones@gmail.com
user00247,Randall Staats,9157 Ortega Course,436-765-8038,Randall.Staats@gmail.com
user00248,Deadra Lewis,72542 Peter Ridge,148952008,Deadra.Lewis@gmail.com
user00249,Pamela Boyd,927 Johnson Lodge Suite 671,001-232-844-,Pamela.Boyd@gmail.com
user00250,Woodrow Sanchez,910 Vargas Branch,613-865-8332,Woodrow.Sanchez@gmail.com
user00251,Erma Record,393 Jonathan Station Suite 742,836-316-2511,Erma.Record@gmail.com
user00252,Heidi Grev,08455 Dunn Square Suite 264,2462234182,Heidi.Grev@gmail.com
user00253,James Peters,8497 Alan Island,066-086-3221,James.Peters@gmail.com
user00254,Bette Gonzalez,39336 Laura Alley,(451)280-753,Bette.Gonzalez@gmail.com
user00255,Sara Wilson,7317 Mitchell Dam,(678)224-948,Sara.Wilson@gmail.com
user00256,Ivan Ray,7484 Trevino Glen,1-38-148-9,Ivan.Ray@gmail.com
user00257,Temika Bond,190 Gamble Center,(434)011-765,Temika.Bond@gmail.com
user00258,Stephen Sharley,738 Sara Mission,853-491-9096,Stephen.Sharley@gmail.com
user00259,Daniel Kolling,32130 Clark Avenue,(607)595-069,Daniel.Kolling@gmail.com
user00260,Hector Kovach,46920 Mark Vista Suite 516,(680)692-333,Hector.Kovach@gmail.com
user00261,Edward Tointon,16596 Alisha Points,714.724.9052,Edward.Tointon@gmail.com
user00262,William Petersen,444 Joseph Flat Apt. 635,(536)423-477,William.Petersen@gmail.com
user00263,Arlen Worden,81825 Tammy Well Suite 676,874-484-5975,Arlen.Worden@gmail.com
user00264,Joseph Brooks,83834 Sweeney Parkways Apt. 656,326-857-0305,Joseph.Brooks@gmail.com
user00265,Angel Coryell,8129 Lisa Motorway Suite 918,461.991.4059,Angel.Coryell@gmail.com
user00266,Mike Terry,1003 Angela Station,1-419-292-8,Mike.Terry@gmail.com
user00267,Jose Enochs,9134 Wright Crescent Suite 627,1-833-198-5,Jose.Enochs@gmail.com
user00268,Alex Ragin,609 Owen Path,(481)478-334,Alex.Ragin@gmail.com
user00269,Jason Hamilton,048 Mary Circle Suite 083,1-809-441-3,Jason.Hamilton@gmail.com
user00270,Geneva Lucena,35915 Elizabeth Fields Suite 796,856-860-8910,Geneva.Lucena@gmail.com
user00271,Ruby Hobby,7135 Katie Springs,(395)679-172,Ruby.Hobby@gmail.com
user00272,Jackie Smith,47280 Katie Shores,1-87-13-3,Jackie.Smith@gmail.com
user00273,Grace Coleman,3506 Johnson Springs Apt. 703,638-460-9732,Grace.Coleman@gmail.com
user00274,Gerald Radosevich,64014 Randy Ford Suite 506,1-412-854-9,Gerald.Radosevich@gmail.com
user00275,Jesus Crocker,880 Justin Street Suite 956,1-613-455-4,Jesus.Crocker@gmail.com
user00276,Elizabeth Owen,84452 Anthony Grove Apt. 020,817-785-3839,Elizabeth.Owen@gmail.com
user00277,Vicente Lee,0488 Bennett Stream,316-287-5525,Vicente.Lee@gmail.com
user00278,Melissa Gillette,8285 Heather Ramp Apt. 159,1-266-955-9,Melissa.Gillette@gmail.com
user00279,Laurence Stinson,9905 Lara Harbor Apt. 004,001-007-715-,Laurence.Stinson@gmail.com
user00280,Kathy Hammond,77962 Reynolds Underpass Apt. 699,001-328-240-,Kathy.Hammond@gmail.com
user00281,Rita Oconnor,8210 Barry Ranch Apt. 271,808.152.4409,Rita.Oconnor@gmail.com
user00282,John Beard,61303 Roberts Glen Suite 786,697-661-6475,John.Beard@gmail.com
user00283,William Cantu,80439 Keller Ports,1-663-174-7,William.Cantu@gmail.com
user00284,Nathaniel Durham,96099 Chavez Mill Suite 516,001-840-890-,Nathaniel.Durham@gmail.com
user00285,Dean Baker,90798 Keller Station Apt. 223,007.818.7843,Dean.Baker@gmail.com
user00286,James Parsons,674 Brown Ridges,615-759-2523,James.Parsons@gmail.com
user00287,Richard Viloria,722 Matthew Point,001-028-957-,Richard.Viloria@gmail.com
user00288,Laura Houlahan,130 Holland Summit,779-102-4983,Laura.Houlahan@gmail.com
user00289,Robert Jude,024 Linda Forge,001-154-597-,Robert.Jude@gmail.com
user00290,Eula Matesic,963 Brittney Path,419.485.1881,Eula.Matesic@gmail.com
user00291,Consuelo Bailey,9203 Virginia Hills Apt. 384,849901236,Consuelo.Bailey@gmail.com
user00292,Chantel Oiler,768 Morris Gateway Suite 133,9341652758,Chantel.Oiler@gmail.com
user00293,Jeanne Gunter,9461 Amanda Lodge Apt. 499,6963286198,Jeanne.Gunter@gmail.com
user00294,Juanita Smith,39584 Soto Drive Suite 583,996.761.7304,Juanita.Smith@gmail.com
user00295,Charleen Vanleer,07669 Kelly Springs Apt. 710,001-369-163-,Charleen.Vanleer@gmail.com
user00296,Frank Prickett,73674 Davenport Track,760-664-5766,Frank.Prickett@gmail.com
user00297,Scott Mason,914 Sandra Light,001-700-870-,Scott.Mason@gmail.com
user00298,Anthony Hinds,96105 Cobb Spurs,737.216.3276,Anthony.Hinds@gmail.com
user00299,Stephaine Walker,133 Calhoun Spring Apt. 971,105-287-5511,Stephaine.Walker@gmail.com
user00300,John Wedeking,9653 Melissa Union,1-49-373-3,John.Wedeking@gmail.com
user00301,Anne Johnson,62704 Little Light Apt. 522,996-513-1717,Anne.Johnson@gmail.com
user00302,Jordan Terry,5477 Doyle Mews,(865)455-277,Jordan.Terry@gmail.com
user00303,Corine Dufour,7613 Hansen Locks,(026)585-309,Corine.Dufour@gmail.com
user00304,James Washington,85898 Jessica Groves,(026)931-569,James.Washington@gmail.com
user00305,Jessie Randall,5980 Lee Manor,1-883-36-3,Jessie.Randall@gmail.com
user00306,Justin Howell,1780 Lisa Haven,(011)111-018,Justin.Howell@gmail.com
user00307,Buford Money,6254 Hamilton Harbor,1-364-708-1,Buford.Money@gmail.com
user00308,Sharon Santos,4751 Rebecca Summit Apt. 627,001-295-717-,Sharon.Santos@gmail.com
user00309,Barbara Marcy,40535 Amanda Ramp,9909145120,Barbara.Marcy@gmail.com
user00310,Gloria Christ,698 Joseph Port Apt. 427,1-429-975-0,Gloria.Christ@gmail.com
user00311,Sonia Lewis,4014 Samantha Court Suite 650,680.016.8905,Sonia.Lewis@gmail.com
user00312,Robin Westphal,8814 Nicole Roads Apt. 594,451.167.7309,Robin.Westphal@gmail.com
user00313,Debbie Varghese,82197 Gilbert Forks Apt. 971,001-457-958-,Debbie.Varghese@gmail.com
user00314,Rhonda Ready,63973 Brian Trail Apt. 222,699.971.3989,Rhonda.Ready@gmail.com
user00315,Susanne Nolen,513 Elizabeth Turnpike Apt. 058,(977)883-189,Susanne.Nolen@gmail.com
user00316,Theodore Hubertus,16065 Lisa Field,3051895553,Theodore.Hubertus@gmail.com
user00317,Amanda Martinez,044 White Island Apt. 004,(841)392-447,Amanda.Martinez@gmail.com
user00318,Monte Tanimoto,94636 Dixon Station Apt. 768,001-432-419-,Monte.Tanimoto@gmail.com
user00319,Stuart Elmer,0490 White Ramp Suite 619,(236)618-913,Stuart.Elmer@gmail.com
user00320,Winnie Bob,269 Colon Views Apt. 592,254-015-0054,Winnie.Bob@gmail.com
user00321,Peggy Mccoy,099 Henry Road,1-631-436-7,Peggy.Mccoy@gmail.com
user00322,Julia Haywood,084 Cynthia Squares Suite 702,1-794-129-1,Julia.Haywood@gmail.com
user00323,Eddie Morris,67841 Nelson Knolls Suite 082,320-803-8287,Eddie.Morris@gmail.com
user00324,Barbara Cook,953 Waters Stream,001-439-202-,Barbara.Cook@gmail.com
user00325,Scott Forrest,731 Brenda Hills Suite 907,(251)404-735,Scott.Forrest@gmail.com
user00326,Jonathan Hardesty,2684 Lin Underpass Apt. 524,001-561-787-,Jonathan.Hardesty@gmail.com
user00327,Nanette Rice,50159 Michael Grove Apt. 957,330.035.6174,Nanette.Rice@gmail.com
user00328,Tommie Lopez,66563 Sandy Lights Apt. 082,534.011.0613,Tommie.Lopez@gmail.com
user00329,Barbara Williams,78999 Sanford Park,209-858-4700,Barbara.Williams@gmail.com
user00330,Elissa Silago,20313 Walls Meadow,(056)590-746,Elissa.Silago@gmail.com
user00331,Grant Padilla,6139 Anne Square,(552)185-529,Grant.Padilla@gmail.com
user00332,Jennifer Cushman,73699 Johnson Road,658-797-0203,Jennifer.Cushman@gmail.com
user00333,Noella Jones,80081 Anna Burg,1-48-777-0,Noella.Jones@gmail.com
user00334,Susan Nagle,687 Coffey Bridge,1-285-968-8,Susan.Nagle@gmail.com
user00335,Helen Riley,312 Cox Locks Suite 191,897.273.5848,Helen.Riley@gmail.com
user00336,Valerie Hawk,4513 Austin Trace Apt. 987,1-570-449-0,Valerie.Hawk@gmail.com
user00337,Joel Scott,4828 Robert Ports,627-118-1101,Joel.Scott@gmail.com
user00338,John Scott,085 Rodriguez Trafficway,231-559-5316,John.Scott@gmail.com
user00339,Kurt Hatcher,1002 Shannon Points Suite 680,(603)188-747,Kurt.Hatcher@gmail.com
user00340,Pedro Mcgrew,65865 Jasmine Neck Suite 680,5772045571,Pedro.Mcgrew@gmail.com
user00341,Dwayne Ishak,3656 Kathryn Station Suite 939,001-775-616-,Dwayne.Ishak@gmail.com
user00342,Lowell Mathews,272 Raymond Ridge,408-238-7202,Lowell.Mathews@gmail.com
user00343,Lamar Wheeler,5337 Mark Summit Suite 330,885-202-7578,Lamar.Wheeler@gmail.com
user00344,Mary Navarro,43853 Lynch Ridges Apt. 409,1-419-989-4,Mary.Navarro@gmail.com
user00345,Donald Johnson,26862 Kristi Unions,356.591.0037,Donald.Johnson@gmail.com
user00346,Charles Keith,18516 Mcpherson Spring,001-709-259-,Charles.Keith@gmail.com
user00347,Hoyt Taylor,850 Moses Expressway,001-149-151-,Hoyt.Taylor@gmail.com
user00348,Mario Dunlap,0241 Stephanie Throughway,(579)228-621,Mario.Dunlap@gmail.com
user00349,Amanda Hillman,809 Hicks Road Apt. 935,1-826-870-8,Amanda.Hillman@gmail.com
user00350,Michael Edwards,60395 Melanie Lake,1-189-845-3,Michael.Edwards@gmail.com
user00351,Rosie Schmidt,58311 Justin Trafficway Apt. 334,362.782.5118,Rosie.Schmidt@gmail.com
user00352,Harold Hopf,55235 Kayla Freeway,1-567-328-3,Harold.Hopf@gmail.com
user00353,Raymond Moroni,74956 Medina Terrace Suite 103,878.645.2090,Raymond.Moroni@gmail.com
user00354,Celia Cox,90056 Daniel Ranch,1-830-826-1,Celia.Cox@gmail.com
user00355,Cory Torres,1698 Richard Island Apt. 715,535.070.1132,Cory.Torres@gmail.com
user00356,Meghan Ortiz,168 Destiny Creek,102-490-2240,Meghan.Ortiz@gmail.com
user00357,Norman Caccavale,90060 Glenn Junctions,001-928-339-,Norman.Caccavale@gmail.com
user00358,Aaron Coleman,626 Mahoney Spur,3624116778,Aaron.Coleman@gmail.com
user00359,Howard Bridges,828 Robert Radial,(092)351-713,Howard.Bridges@gmail.com
user00360,Thomas Massey,4724 Samantha Junction Suite 019,001-123-475-,Thomas.Massey@gmail.com
user00361,Allen Buzis,43170 Heidi Station,902-078-7236,Allen.Buzis@gmail.com
user00362,Linda Long,25247 Rogers Port Suite 911,001-855-183-,Linda.Long@gmail.com
user00363,Merri Gastelum,241 David Terrace,918.890.6499,Merri.Gastelum@gmail.com
user00364,Christopher Ditullio,9150 Johnson Plaza Suite 407,248.826.9238,Christopher.Ditullio@gmail.com
user00365,Jason Ohare,865 Ashley Ridges,877-922-7556,Jason.Ohare@gmail.com
user00366,David Anaya,8685 Thompson Creek,(285)463-562,David.Anaya@gmail.com
user00367,Mary Drake,4238 Jones Streets Suite 356,016-770-4089,Mary.Drake@gmail.com
user00368,Robert Heath,18724 Monica Vista Suite 561,871-481-8907,Robert.Heath@gmail.com
user00369,Jesus Valdez,005 Davis Drive Suite 052,(307)821-883,Jesus.Valdez@gmail.com
user00370,Gwendolyn Hood,447 Crystal Canyon Suite 833,676-755-7470,Gwendolyn.Hood@gmail.com
user00371,Robert Sherry,3183 Donna Stream Suite 927,616.794.3816,Robert.Sherry@gmail.com
user00372,Richard Vinion,26567 Thomas Land Suite 075,1-365-479-2,Richard.Vinion@gmail.com
user00373,Juan Phelps,568 Stanley Ford Suite 466,282.889.5550,Juan.Phelps@gmail.com
user00374,Sherry Howell,44912 Bartlett Mill Suite 817,1-162-153-8,Sherry.Howell@gmail.com
user00375,Charles Gillett,16805 Black Trace,(921)817-120,Charles.Gillett@gmail.com
user00376,Ronald Allen,10333 Henry Knolls Suite 041,365-590-9912,Ronald.Allen@gmail.com
user00377,Alton Vandeventer,54388 Taylor Cliff Apt. 810,1-504-498-4,Alton.Vandeventer@gmail.com
user00378,Hazel Powell,2340 Thomas Villages Apt. 451,001-848-436-,Hazel.Powell@gmail.com
user00379,Janet Bucher,241 Nathan Ranch,972-874-6775,Janet.Bucher@gmail.com
user00380,Milagros Ferguson,92448 Woods Field Suite 384,088.227.1020,Milagros.Ferguson@gmail.com
user00381,Alfred Flores,563 Trevor Brooks Suite 618,(360)351-757,Alfred.Flores@gmail.com
user00382,Ray Runyan,18530 Chad Shore,9577059678,Ray.Runyan@gmail.com
user00383,Jasper Williams,855 Lyons Courts,(958)785-573,Jasper.Williams@gmail.com
user00384,Maria Ables,862 Richard Harbor Suite 492,(380)836-602,Maria.Ables@gmail.com
user00385,Ralph Hill,7462 Smith Road,1-551-854-4,Ralph.Hill@gmail.com
user00386,Fran Godine,48441 Martinez Drives,1014351371,Fran.Godine@gmail.com
user00387,Charla Dunbar,077 William Cape Suite 563,001-010-103-,Charla.Dunbar@gmail.com
user00388,Joshua Swaney,40944 Gonzalez Underpass,1-100-753-3,Joshua.Swaney@gmail.com
user00389,Shonda Lyon,282 Norma Trail,1-831-818-1,Shonda.Lyon@gmail.com
user00390,Alton Stubbs,81493 Simmons Common,(465)729-459,Alton.Stubbs@gmail.com
user00391,Jimmy Arias,77132 Scott Cape,1404684474,Jimmy.Arias@gmail.com
user00392,Susan Watson,2169 Brenda Roads,6916465482,Susan.Watson@gmail.com
user00393,Phyllis Beckley,74090 Gonzalez Stream,(237)724-100,Phyllis.Beckley@gmail.com
user00394,Stephen Martindale,62603 Rose Plains Apt. 836,001-086-430-,Stephen.Martindale@gmail.com
user00395,Edward Anthony,8243 Kyle Tunnel Suite 074,035-528-2870,Edward.Anthony@gmail.com
user00396,Timothy Anderson,8633 Clark Drives Apt. 541,372.844.6911,Timothy.Anderson@gmail.com
user00397,Anna Bradford,1135 Jeffrey Mills,1-670-835-8,Anna.Bradford@gmail.com
user00398,Allan Breen,4445 Dean Knolls Suite 742,1-637-759-2,Allan.Breen@gmail.com
user00399,Dacia Peter,1894 Cochran River Suite 494,906-694-5679,Dacia.Peter@gmail.com
user00400,Patricia Fransen,8950 West Harbors Apt. 649,1-266-35-1,Patricia.Fransen@gmail.com
user00401,Paul Langley,80299 Kelley Station,(766)735-612,Paul.Langley@gmail.com
user00402,Kevin Mccoy,91415 Mejia Crescent Suite 035,911-850-7646,Kevin.Mccoy@gmail.com
user00403,George Eldridge,500 William Villages,001-085-2168,George.Eldridge@gmail.com
user00404,Susan Hollen,30812 Bishop Spring,(954)232-721,Susan.Hollen@gmail.com
user00405,Lillian Ortiz,390 Christopher Corner Apt. 560,001-369-275-,Lillian.Ortiz@gmail.com
user00406,Nicholas Perez,7364 Rebecca Plaza Suite 911,313-955-8957,Nicholas.Perez@gmail.com
user00407,Dorothy Mirabella,04886 Brown Haven Suite 916,248.130.0325,Dorothy.Mirabella@gmail.com
user00408,Allene Fitzwater,189 Kristopher Spur Apt. 633,001-322-225-,Allene.Fitzwater@gmail.com
user00409,Ella Black,4005 Joshua Mountain Suite 801,(885)708-372,Ella.Black@gmail.com
user00410,David Aguirre,35714 Mitchell Isle Apt. 319,001-982-663-,David.Aguirre@gmail.com
user00411,Cynthia Bolton,88105 Moore Mall,001-644-595-,Cynthia.Bolton@gmail.com
user00412,Micheal Lucena,73560 Jones Parks,(754)714-755,Micheal.Lucena@gmail.com
user00413,Bertha Gaylor,0045 Nolan Meadow Suite 193,(584)741-599,Bertha.Gaylor@gmail.com
user00414,King Pugliese,17512 Scott Freeway Apt. 043,3671635803,King.Pugliese@gmail.com
user00415,Jacob Milar,5109 Aaron Drive Suite 003,261-265-5151,Jacob.Milar@gmail.com
user00416,Sharon Cody,318 Myers Club,192-164-4610,Sharon.Cody@gmail.com
user00417,Karl Easley,1315 Moore Stream Apt. 766,1-607-655-3,Karl.Easley@gmail.com
user00418,Carolyn Azim,01964 Jessica Way,925-836-7613,Carolyn.Azim@gmail.com
user00419,Alice Scott,7887 William Keys,786-143-4635,Alice.Scott@gmail.com
user00420,Manuel Fisher,54838 Amanda Village Suite 416,304.309.3267,Manuel.Fisher@gmail.com
user00421,Edward Scott,609 Phillips Stream Suite 054,3720900114,Edward.Scott@gmail.com
user00422,Bryan Cromwell,737 Teresa Loaf Apt. 281,3083892718,Bryan.Cromwell@gmail.com
user00423,Lydia Walters,4520 Kimberly Flats,6124723685,Lydia.Walters@gmail.com
user00424,Christopher Cormier,72456 Amy Coves Suite 901,9177295300,Christopher.Cormier@gmail.com
user00425,Patrick Arellano,2714 Jessica Greens Suite 582,(136)985-595,Patrick.Arellano@gmail.com
user00426,Melissa Guizar,855 Horton Junction Suite 856,441-029-4010,Melissa.Guizar@gmail.com
user00427,Robert Chong,72815 Gregory Mills Suite 146,180.169.6550,Robert.Chong@gmail.com
user00428,Eugene Boller,4611 Tom Heights Apt. 768,(685)477-734,Eugene.Boller@gmail.com
user00429,Robert Broyles,4993 Carroll Brook Apt. 466,(925)055-585,Robert.Broyles@gmail.com
user00430,William Prado,222 Jessica Viaduct,(019)132-195,William.Prado@gmail.com
user00431,William Dubose,83732 Meadows Hollow Suite 405,(780)170-418,William.Dubose@gmail.com
user00432,Felecia Poynter,453 James Coves Suite 388,028-604-1767,Felecia.Poynter@gmail.com
user00433,Morgan Pate,07089 Hopkins Mission,(502)053-592,Morgan.Pate@gmail.com
user00434,Robert Johnson,3852 Phillip Canyon,861-739-0953,Robert.Johnson@gmail.com
user00435,Jennie Brevell,64097 Victor Pike,1-861-670-8,Jennie.Brevell@gmail.com
user00436,Judy Krane,55274 Briana Viaduct,956.954.6504,Judy.Krane@gmail.com
user00437,Lyla Falconer,906 Smith Turnpike,944.821.3469,Lyla.Falconer@gmail.com
user00438,Michael Gibbs,0212 Brandon Rest Apt. 861,1-73-143-0,Michael.Gibbs@gmail.com
user00439,Cynthia Johnson,3212 Erin Divide,655-841-3484,Cynthia.Johnson@gmail.com
user00440,Cora Fernandez,436 Bates Locks,001-948-870-,Cora.Fernandez@gmail.com
user00441,Janet Johnson,2560 Booker Cliff Apt. 235,001-636-882-,Janet.Johnson@gmail.com
user00442,Paul Ryan,982 Rodriguez Cliffs,(669)199-436,Paul.Ryan@gmail.com
user00443,Jerry Bently,41206 Donald Causeway Apt. 640,(843)739-422,Jerry.Bently@gmail.com
user00444,Nicole Scharf,138 Miller Manor Apt. 572,5587872001,Nicole.Scharf@gmail.com
user00445,Michael Gischer,006 Jackson Via Suite 886,238.962.7090,Michael.Gischer@gmail.com
user00446,Donna Copeland,0969 Catherine Glen Suite 910,001-434-650-,Donna.Copeland@gmail.com
user00447,Herman Padron,23539 Patel Inlet Apt. 303,(249)907-815,Herman.Padron@gmail.com
user00448,Dianne Mccarthy,793 Kristopher Center,187.573.9978,Dianne.Mccarthy@gmail.com
user00449,Miriam Hartman,39918 Michael Isle,001-486-694-,Miriam.Hartman@gmail.com
user00450,Dorothy Williams,127 Ortega Via,498.257.1803,Dorothy.Williams@gmail.com
user00451,Paul Glasser,3320 Vargas Drive Suite 121,686.213.6791,Paul.Glasser@gmail.com
user00452,Robert Tracey,58933 Woods Cliffs,(743)183-038,Robert.Tracey@gmail.com
user00453,Monica Cacy,8955 Moore Falls,001-245-962-,Monica.Cacy@gmail.com
user00454,William Bartlebaugh,885 Michelle Plaza Apt. 273,922.185.5687,William.Bartlebaugh@gmail.com
user00455,Pamela Wall,73321 Kimberly Extensions,001-390-528-,Pamela.Wall@gmail.com
user00456,Manuel Pirman,024 Miller Heights,(842)544-483,Manuel.Pirman@gmail.com
user00457,Jose Smith,586 Patterson Island Suite 267,1-428-84-9,Jose.Smith@gmail.com
user00458,Ahmad Elton,3330 Carroll Walk Apt. 743,425.894.6416,Ahmad.Elton@gmail.com
user00459,James Wood,7149 Barbara Well Apt. 311,873-857-4126,James.Wood@gmail.com
user00460,Brian White,1961 Burgess Fords Apt. 842,865-591-2414,Brian.White@gmail.com
user00461,Benjamin Boyle,7097 Shannon Estate,001-864-492-,Benjamin.Boyle@gmail.com
user00462,Bennie Brooks,709 Yvette Passage,928.809.6186,Bennie.Brooks@gmail.com
user00463,Jay Lewis,879 Steven Motorway Apt. 871,1-236-636-4,Jay.Lewis@gmail.com
user00464,Louise Sinclair,180 William Green,416-216-1092,Louise.Sinclair@gmail.com
user00465,James Bohannon,97222 Juan Center Apt. 938,(205)435-216,James.Bohannon@gmail.com
user00466,Jamie Melville,567 Miller Harbors Apt. 032,001-445-881-,Jamie.Melville@gmail.com
user00467,Gary Cave,91881 Erickson Ways Apt. 085,739.584.8299,Gary.Cave@gmail.com
user00468,Jeff Franich,716 George Heights,146-206-0856,Jeff.Franich@gmail.com
user00469,Johnnie Lynch,315 Cross Brooks Apt. 137,092-763-6309,Johnnie.Lynch@gmail.com
user00470,Allison Smith,42021 Chelsea Station Apt. 772,(283)186-053,Allison.Smith@gmail.com
user00471,Robert Harper,49453 Quinn Port Suite 490,001-680-083-,Robert.Harper@gmail.com
user00472,Billy Hernandez,11356 Amanda River,071-646-1420,Billy.Hernandez@gmail.com
user00473,Nora Walther,95494 Johnson Harbors Suite 461,059.267.0133,Nora.Walther@gmail.com
user00474,Karen Schleicher,65200 Amber Prairie,468-281-1383,Karen.Schleicher@gmail.com
user00475,Corey Woodard,40123 Gail Ford,1-357-129-6,Corey.Woodard@gmail.com
user00476,Willie Wertz,5935 Lisa Creek,1-80-934-6,Willie.Wertz@gmail.com
user00477,Edgar Hilley,5434 Deborah Camp Apt. 136,399.567.2255,Edgar.Hilley@gmail.com
user00478,Dianne White,0831 Melanie Mount Apt. 882,(022)182-193,Dianne.White@gmail.com
user00479,Elsie Collins,1592 Peters Mews Suite 320,(295)353-313,Elsie.Collins@gmail.com
user00480,Wayne Hopper,0915 Colleen Springs,001-158-798-,Wayne.Hopper@gmail.com
user00481,James Gill,56505 Lorraine Isle,392.165.4119,James.Gill@gmail.com
user00482,Jodi Thompson,52356 Angela Flats Apt. 069,(855)142-879,Jodi.Thompson@gmail.com
user00483,Darlene Faison,267 Antonio Well,557.168.8694,Darlene.Faison@gmail.com
user00484,Wendell Fletcher,310 Paul Ramp Suite 238,1-126-86-1,Wendell.Fletcher@gmail.com
user00485,Dennis Silsby,784 Karen Lodge,1-59-491-7,Dennis.Silsby@gmail.com
user00486,William Archer,1006 Tara Mountains,(875)839-984,William.Archer@gmail.com
user00487,Susan Smith,808 Fox Common Apt. 588,927.449.4864,Susan.Smith@gmail.com
user00488,Carolynn Williams,5298 Jones Lodge Apt. 359,(229)978-577,Carolynn.Williams@gmail.com
user00489,Antone Vallejo,121 Matthew Ports,(231)439-873,Antone.Vallejo@gmail.com
user00490,Michael Stevens,1250 Tricia Inlet Suite 656,001-920-895-,Michael.Stevens@gmail.com
user00491,James Henderson,1722 Haley Cove,4829252986,James.Henderson@gmail.com
user00492,Stephanie Bocchi,34210 Vazquez Vista,056-672-7057,Stephanie.Bocchi@gmail.com
user00493,Gary Garett,34426 Shannon Unions Suite 028,1-800-805-5,Gary.Garett@gmail.com
user00494,Michael Welch,2128 Mcdonald Motorway Apt. 984,670-291-4707,Michael.Welch@gmail.com
user00495,Anna Wiegand,272 Jessica Islands Apt. 824,269.193.3813,Anna.Wiegand@gmail.com
user00496,Richard Cantave,1746 Kathryn Ways Suite 329,(177)530-762,Richard.Cantave@gmail.com
user00497,Estela Hurd,7638 Miller Field Apt. 442,732.643.0813,Estela.Hurd@gmail.com
user00498,Rosa Hayden,058 Eric Extension Apt. 615,1-168-343-0,Rosa.Hayden@gmail.com
user00499,Maria Labrie,091 Sandra Canyon Suite 543,(699)818-194,Maria.Labrie@gmail.com
user00500,Lester Rodriguez,40253 Clark Street,630.703.2366,Lester.Rodriguez@gmail.com
user00501,David Davis,659 Payne Mill Apt. 726,001-224-291-,David.Davis@gmail.com
user00502,Lillie Wang,2922 Brooke Port,001-310-753-,Lillie.Wang@gmail.com
user00503,Tammy Miller,1782 Holland Shore Suite 481,064-295-2825,Tammy.Miller@gmail.com
user00504,Jennifer Webster,152 Cynthia Forks Apt. 652,656.570.9969,Jennifer.Webster@gmail.com
user00505,Jeffrey Parke,6652 Holder Islands Suite 555,926.595.4992,Jeffrey.Parke@gmail.com
user00506,Jeanette Brady,4639 Williams Track,1-779-735-4,Jeanette.Brady@gmail.com
user00507,Tabitha Collins,464 Beck Locks,001-403-272-,Tabitha.Collins@gmail.com
user00508,Monica Pratt,139 Brittany Prairie Apt. 078,001-499-104-,Monica.Pratt@gmail.com
user00509,Brandon Rutan,00663 Thomas Mount Apt. 693,(321)513-670,Brandon.Rutan@gmail.com
user00510,Georgia Lockett,42555 Hurley Coves Apt. 529,767.001.6924,Georgia.Lockett@gmail.com
user00511,Cherise Dunlap,90403 Brandi Summit Suite 846,5839884042,Cherise.Dunlap@gmail.com
user00512,April Welch,50922 Hernandez Track,590-024-2334,April.Welch@gmail.com
user00513,Marcus Stanley,880 Woods Radial,936-459-5229,Marcus.Stanley@gmail.com
user00514,Silvia Barnes,392 Walter Mount Apt. 762,7874662870,Silvia.Barnes@gmail.com
user00515,Charles Arnold,3387 Samuel Plains,159.473.7889,Charles.Arnold@gmail.com
user00516,Dorothy Mosley,557 Waller Crossroad Suite 495,307.584.6445,Dorothy.Mosley@gmail.com
user00517,Jennifer Camacho,988 Simpson Mall,(040)915-302,Jennifer.Camacho@gmail.com
user00518,David Pedigo,94210 Hayes Mall Apt. 512,(257)618-223,David.Pedigo@gmail.com
user00519,Michael Davis,84083 Powell Plaza Apt. 569,(041)460-093,Michael.Davis@gmail.com
user00520,Florence Myers,04125 Gabrielle Grove Apt. 677,540-833-2568,Florence.Myers@gmail.com
user00521,Marcus Davis,71408 Myers Crossing,001-951-536-,Marcus.Davis@gmail.com
user00522,Jo Wilson,81371 Daniel Summit Apt. 658,001-427-840-,Jo.Wilson@gmail.com
user00523,Henrietta Aversano,0241 Meghan Track,152-912-7241,Henrietta.Aversano@gmail.com
user00524,Martha Shanker,0288 Simmons Centers,(960)429-739,Martha.Shanker@gmail.com
user00525,Jacquelin Rosenbeck,5273 Krista Route Apt. 820,001-434-434-,Jacquelin.Rosenbeck@gmail.com
user00526,Martha Hodge,94408 Salazar Spring Suite 625,3801373668,Martha.Hodge@gmail.com
user00527,Robert Brace,0064 Wilson Harbors Apt. 812,340-473-9170,Robert.Brace@gmail.com
user00528,Lewis Price,08281 Charles Glens,(707)116-953,Lewis.Price@gmail.com
user00529,Lawrence Figueroa,0298 Simmons Stream Apt. 364,(961)827-288,Lawrence.Figueroa@gmail.com
user00530,Mary Daugherty,564 Patrick Lodge,4473591290,Mary.Daugherty@gmail.com
user00531,David Corona,103 Duane Plains,1-932-624-9,David.Corona@gmail.com
user00532,Angela Batchelder,5843 Carol Club Suite 133,(494)393-490,Angela.Batchelder@gmail.com
user00533,Elizabeth Jones,76481 Price Field Suite 771,050.874.6565,Elizabeth.Jones@gmail.com
user00534,Raymond Bybee,88772 Alvarado Valley,1-394-398-7,Raymond.Bybee@gmail.com
user00535,Cynthia Garrett,37926 Gilmore Meadow,(182)288-674,Cynthia.Garrett@gmail.com
user00536,Anna Lambert,21191 Guerrero Valley,852-575-2087,Anna.Lambert@gmail.com
user00537,Jamie Simmons,0379 Katrina Tunnel,1-117-829-0,Jamie.Simmons@gmail.com
user00538,Donnie Exler,71991 Darlene Parkway Suite 244,(772)755-957,Donnie.Exler@gmail.com
user00539,Ralph Lewis,002 Gonzalez Springs Suite 063,1-447-411-0,Ralph.Lewis@gmail.com
user00540,Kristina Cincotta,8339 Spencer View,158-404-7001,Kristina.Cincotta@gmail.com
user00541,Lisa Helman,9776 Chavez Meadow Apt. 569,640-870-7253,Lisa.Helman@gmail.com
user00542,Bruce Gaynor,0991 Garrison Street Apt. 190,(767)779-509,Bruce.Gaynor@gmail.com
user00543,Moises Peterson,4066 Peter Divide,1-975-354-3,Moises.Peterson@gmail.com
user00544,Manuela Perry,8473 Pennington Islands Apt. 591,001-232-518-,Manuela.Perry@gmail.com
user00545,Kelvin Murphy,5537 Christopher Harbor Apt. 097,(385)182-424,Kelvin.Murphy@gmail.com
user00546,Josephine Munoz,4979 Elizabeth Glens Suite 920,(001)956-790,Josephine.Munoz@gmail.com
user00547,Tomas Allison,0679 Green Street Suite 680,1-994-504-8,Tomas.Allison@gmail.com
user00548,Annette Kuziel,23645 Green Shoal Suite 550,347.958.6317,Annette.Kuziel@gmail.com
user00549,Christopher Washington,607 Anderson Springs,(388)542-311,Christopher.Washington@gmail.com
user00550,Michael Pyon,900 Brewer Track,114-049-0839,Michael.Pyon@gmail.com
user00551,Taylor Roach,71870 Richard River Apt. 163,436-704-1797,Taylor.Roach@gmail.com
user00552,Oliver Rivers,57526 Harvey Vista Suite 279,242-378-0304,Oliver.Rivers@gmail.com
user00553,Melanie Rivera,45189 Christopher Walks,211.105.6097,Melanie.Rivera@gmail.com
user00554,John Nelson,1741 Ashley Landing Suite 728,879-762-6575,John.Nelson@gmail.com
user00555,Lynn Pierce,613 Perez Pike Suite 327,001-944-359-,Lynn.Pierce@gmail.com
user00556,Jeffrey Wimberly,4424 Perkins Trafficway,(545)768-181,Jeffrey.Wimberly@gmail.com
user00557,Howard Burrell,023 Veronica Meadow,001-334-300-,Howard.Burrell@gmail.com
user00558,Shirley Larios,9444 Steven Hill Apt. 081,(965)399-802,Shirley.Larios@gmail.com
user00559,David Nikas,5217 Matthew Spur,274.554.7821,David.Nikas@gmail.com
user00560,Charles Watson,5421 April Hollow,371-673-9816,Charles.Watson@gmail.com
user00561,Ronald Godines,3751 Moody Ramp Suite 890,9870627374,Ronald.Godines@gmail.com
user00562,Joseph Synder,28742 Jennifer Shoal,402.302.5826,Joseph.Synder@gmail.com
user00563,Joseph Phelps,938 Sean Centers,(530)813-636,Joseph.Phelps@gmail.com
user00564,Jeremiah Myers,41958 Zimmerman Junctions,(484)146-570,Jeremiah.Myers@gmail.com
user00565,Edward Dunne,21773 Michael Grove,134.505.6904,Edward.Dunne@gmail.com
user00566,Gabriel Mchenry,8651 Fletcher Tunnel,1-811-457-0,Gabriel.Mchenry@gmail.com
user00567,Fred Lyon,614 Nicolas Tunnel Apt. 450,1-234-427-3,Fred.Lyon@gmail.com
user00568,Shannon Clark,7201 Ryan Cliffs,417772756,Shannon.Clark@gmail.com
user00569,Elizabeth San,6649 Ashley Harbors,547-746-4270,Elizabeth.San@gmail.com
user00570,Susan Garrett,79354 Mary Pine Suite 862,(363)468-900,Susan.Garrett@gmail.com
user00571,Salena Scheller,263 Morales Lodge Suite 348,(638)316-027,Salena.Scheller@gmail.com
user00572,Margaret Erikson,924 Clark Path,(778)740-483,Margaret.Erikson@gmail.com
user00573,Timothy Mcmullen,153 Amanda Meadows,(325)970-112,Timothy.Mcmullen@gmail.com
user00574,Kathleen Baker,7045 Hensley Junctions,988-980-3383,Kathleen.Baker@gmail.com
user00575,Charlene Sargent,6121 Wayne Dale Apt. 280,8676123388,Charlene.Sargent@gmail.com
user00576,Jesse Moreno,50430 Jason Springs Suite 387,(504)885-615,Jesse.Moreno@gmail.com
user00577,Hershel Benham,2230 Bender Spurs Apt. 038,586.663.9386,Hershel.Benham@gmail.com
user00578,Robert Partridge,6797 Vargas Lodge Apt. 636,1635718510,Robert.Partridge@gmail.com
user00579,Natasha Rudolph,93918 Kathleen Forges Apt. 198,723.523.9584,Natasha.Rudolph@gmail.com
user00580,Nathan Faulkner,20155 Williams Branch Apt. 716,076.331.8795,Nathan.Faulkner@gmail.com
user00581,Richard Windmeyer,71542 Randall Cove,1-651-466-3,Richard.Windmeyer@gmail.com
user00582,Guadalupe Richardson,114 Lisa Ports Apt. 606,(335)078-103,Guadalupe.Richardson@gmail.com
user00583,Larry Mason,910 Simmons Drive Apt. 900,055.381.0839,Larry.Mason@gmail.com
user00584,Marian Sanchez,41523 Jonathan Ports,001-886-797-,Marian.Sanchez@gmail.com
user00585,Gayle Jarrette,84713 Jenny Village Apt. 231,225.872.7538,Gayle.Jarrette@gmail.com
user00586,Debra Stebbins,923 Walsh Keys,(004)705-975,Debra.Stebbins@gmail.com
user00587,Jason Hall,7580 Sandra Isle Suite 539,001-616-097-,Jason.Hall@gmail.com
user00588,Angela Williams,396 Garcia Port Apt. 687,976.689.3108,Angela.Williams@gmail.com
user00589,Martha Brading,19174 Johnny Square Suite 675,1111225034,Martha.Brading@gmail.com
user00590,Kevin Kneser,64363 Andrews Pines,1-865-960-4,Kevin.Kneser@gmail.com
user00591,Brett Cahill,4050 Galvan Point Apt. 478,759.279.3896,Brett.Cahill@gmail.com
user00592,Jackie Hernandez,500 Eric Roads Apt. 647,(782)769-170,Jackie.Hernandez@gmail.com
user00593,Paul Russell,430 Espinoza Flat Suite 196,214.094.0640,Paul.Russell@gmail.com
user00594,Joseph Meilleur,809 Thompson Ridge Apt. 912,1-958-521-2,Joseph.Meilleur@gmail.com
user00595,David Nebeker,3551 Jessica Common Suite 828,(956)691-165,David.Nebeker@gmail.com
user00596,William Marine,0495 Eric Route Apt. 701,951.377.6397,William.Marine@gmail.com
user00597,Georgia Hyman,143 John Viaduct,3693227237,Georgia.Hyman@gmail.com
user00598,John Walker,143 Small Streets,001-249-151-,John.Walker@gmail.com
user00599,Mark Dombroski,12256 Solomon Cliffs Apt. 482,001-453-166-,Mark.Dombroski@gmail.com
user00600,Clark Tacy,28880 Walker Freeway,607-381-3797,Clark.Tacy@gmail.com
user00601,Elvis Danley,7903 Ellis Glen Apt. 069,(796)969-566,Elvis.Danley@gmail.com
user00602,Ruth Taylor,2674 Sanford Center Suite 340,1-640-844-0,Ruth.Taylor@gmail.com
user00603,Dina Stevens,80824 Shea Burgs Suite 936,1-743-456-3,Dina.Stevens@gmail.com
user00604,James Fuller,41989 John Throughway,1-570-889-2,James.Fuller@gmail.com
user00605,Audra Roberts,2786 Edgar Plaza Apt. 202,8250259339,Audra.Roberts@gmail.com
user00606,John Eastman,95974 Kenneth Plains,090.120.0354,John.Eastman@gmail.com
user00607,Deborah Pickett,05256 Elizabeth Islands Apt. 055,(401)607-554,Deborah.Pickett@gmail.com
user00608,Albert Whitaker,721 Miguel Fords,(576)416-314,Albert.Whitaker@gmail.com
user00609,Jeffery Kiefer,198 Bowers Corner,001-574-511-,Jeffery.Kiefer@gmail.com
user00610,Michael Watkins,4128 Schwartz Pine,721.548.0033,Michael.Watkins@gmail.com
user00611,Robert Cochran,68146 Gregory Brooks Apt. 918,288.141.9106,Robert.Cochran@gmail.com
user00612,Roland Cope,99267 Ball Gardens,410.859.3039,Roland.Cope@gmail.com
user00613,Andrew Hernandez,562 Katie Streets,(919)218-819,Andrew.Hernandez@gmail.com
user00614,Jack Byron,7887 Harold Mountain,852-219-0754,Jack.Byron@gmail.com
user00615,Susan Freeborn,6540 Brown Spur,165-705-1100,Susan.Freeborn@gmail.com
user00616,Holly Morris,467 Sandy Forges Apt. 491,4270153292,Holly.Morris@gmail.com
user00617,Lee Little,15669 Hunt Forest Suite 151,898-929-8540,Lee.Little@gmail.com
user00618,Jeffrey Rogers,1461 Megan Estate Apt. 875,1-907-585-0,Jeffrey.Rogers@gmail.com
user00619,Opal Tamburri,49124 Reyes Passage,246.914.2924,Opal.Tamburri@gmail.com
user00620,Ronald Russell,844 Thomas Flats Apt. 342,1-655-307-7,Ronald.Russell@gmail.com
user00621,Elbert Hollar,5682 Davis Ports Suite 011,313-294-4492,Elbert.Hollar@gmail.com
user00622,Eugene Muller,5482 Robinson Mill,633-655-7467,Eugene.Muller@gmail.com
user00623,Mark Kuter,41198 Long Radial Suite 608,644.132.6295,Mark.Kuter@gmail.com
user00624,Karin Flores,04485 Lewis Streets,(571)956-772,Karin.Flores@gmail.com
user00625,Migdalia Allen,1221 Jones Estate Suite 931,9700958444,Migdalia.Allen@gmail.com
user00626,Joshua Roseboro,4385 Vaughn Extension,(989)511-319,Joshua.Roseboro@gmail.com
user00627,Giovanni Earley,3214 Turner Valley Suite 109,001-984-553-,Giovanni.Earley@gmail.com
user00628,John Mann,168 Mcknight Highway,001-133-881-,John.Mann@gmail.com
user00629,Daniel Green,220 Heather Landing Apt. 738,001-542-010-,Daniel.Green@gmail.com
user00630,Sarah Cena,62948 Wells Keys Apt. 258,833-354-3883,Sarah.Cena@gmail.com
user00631,Juana Moats,531 Alex Streets Apt. 203,636-279-1759,Juana.Moats@gmail.com
user00632,Brian Harris,8476 Montes Bridge,720.187.4747,Brian.Harris@gmail.com
user00633,Andrew Torres,22962 Baxter Coves Apt. 542,(624)676-849,Andrew.Torres@gmail.com
user00634,Floyd Rutledge,5016 Robin Mills Apt. 679,001-332-356-,Floyd.Rutledge@gmail.com
user00635,William Loya,947 Elaine Harbor,238.489.7194,William.Loya@gmail.com
user00636,Janice Heizman,589 Stacey Junction Apt. 335,509-957-9306,Janice.Heizman@gmail.com
user00637,Richard Hawes,104 Beck Meadows Apt. 889,(652)258-154,Richard.Hawes@gmail.com
user00638,Michael Beach,8072 Emily Mountains,892-269-1616,Michael.Beach@gmail.com
user00639,Roman Knott,245 Jeffrey Trace,(940)847-143,Roman.Knott@gmail.com
user00640,Leroy Papen,3179 Robert Plaza Apt. 875,387-242-7857,Leroy.Papen@gmail.com
user00641,Nancy Estep,6035 Rachel Loaf Apt. 113,(075)764-584,Nancy.Estep@gmail.com
user00642,Todd Read,4564 Emily Street,1201570177,Todd.Read@gmail.com
user00643,Stephen Pierce,01373 Patricia Lights,(982)358-856,Stephen.Pierce@gmail.com
user00644,Penny Ochoa,93793 Stephanie Stravenue Apt. 217,627.380.5708,Penny.Ochoa@gmail.com
user00645,Judy Tapia,595 Lee Ford Apt. 333,369-437-0480,Judy.Tapia@gmail.com
user00646,Melissa Dominique,736 Nelson Club,1-662-340-2,Melissa.Dominique@gmail.com
user00647,Sheryll Mallon,5130 Boyd Loaf,1-293-984-6,Sheryll.Mallon@gmail.com
user00648,Nina Gruber,4572 Myers Way Suite 956,1-369-242-2,Nina.Gruber@gmail.com
user00649,Kevin Jordan,8119 Wheeler Motorway,521-503-7747,Kevin.Jordan@gmail.com
user00650,James Blackwell,63083 Amy Coves,001-088-987-,James.Blackwell@gmail.com
user00651,Marcos Davis,35305 William Pass Apt. 771,401-034-5580,Marcos.Davis@gmail.com
user00652,Robert Ramirez,2755 Andrew Mount Apt. 360,1-844-221-1,Robert.Ramirez@gmail.com
user00653,Kenneth Sumpter,53901 Ramirez Meadow,678.706.1196,Kenneth.Sumpter@gmail.com
user00654,Theresa Stalker,4135 Thomas Summit,371-374-3349,Theresa.Stalker@gmail.com
user00655,Glenda Hartman,6396 Harmon Lock,1-417-693-3,Glenda.Hartman@gmail.com
user00656,Lori Browne,9996 Rachel Manor Suite 061,5825753671,Lori.Browne@gmail.com
user00657,Stephanie Davis,1833 Lane Island Apt. 833,994-154-3562,Stephanie.Davis@gmail.com
user00658,Carmen Warfield,7836 Melissa Mill,149.802.8561,Carmen.Warfield@gmail.com
user00659,Clint Hundley,64352 Amy Hills,234.420.9271,Clint.Hundley@gmail.com
user00660,Rosie Parr,3083 Frank Plaza,376-093-3267,Rosie.Parr@gmail.com
user00661,Glenda Banner,8107 Nathan Station,001-462-046-,Glenda.Banner@gmail.com
user00662,Joe Christian,26111 Brian River,298-664-4132,Joe.Christian@gmail.com
user00663,Joseph Huxtable,64290 Gutierrez Valley Suite 473,1-508-737-2,Joseph.Huxtable@gmail.com
user00664,Sharlene Conner,92683 Vincent Bypass,547.391.4314,Sharlene.Conner@gmail.com
user00665,Jenny Lowe,61431 Carter Divide Suite 003,078-398-1854,Jenny.Lowe@gmail.com
user00666,Michael Levy,544 Gerald Rapids,4089624060,Michael.Levy@gmail.com
user00667,Jamie Jones,692 Perez Squares Suite 293,1-34-372-9,Jamie.Jones@gmail.com
user00668,Debra Holtgrewe,9551 Glenn Prairie,1-37-671-8,Debra.Holtgrewe@gmail.com
user00669,Michelle Hershey,238 Dylan Mill Suite 614,1-644-507-7,Michelle.Hershey@gmail.com
user00670,Tonya Yahna,209 Colon Cove Apt. 983,654-835-9134,Tonya.Yahna@gmail.com
user00671,Betty Powell,58154 Sherry Unions,001-503-068-,Betty.Powell@gmail.com
user00672,June Harris,27074 Rogers Trail,647-077-7784,June.Harris@gmail.com
user00673,Jasper Jones,72970 Linda Shoal Apt. 579,744.351.1277,Jasper.Jones@gmail.com
user00674,Jennifer Linebarger,2100 James Locks Apt. 654,1-544-291-3,Jennifer.Linebarger@gmail.com
user00675,Kelly Moore,3282 Hill Lane,(549)205-916,Kelly.Moore@gmail.com
user00676,Joann Douglas,4499 Emily Ways,2388800297,Joann.Douglas@gmail.com
user00677,Judith Wilson,6761 Winters Coves,(923)423-613,Judith.Wilson@gmail.com
user00678,Martha Woodward,74342 Bailey Rue,(164)271-472,Martha.Woodward@gmail.com
user00679,Dennis Valle,0873 Miller Lights,475.503.1536,Dennis.Valle@gmail.com
user00680,Leigh Oneil,76517 Dean Ville Apt. 244,681-437-8898,Leigh.Oneil@gmail.com
user00681,Jenette Williams,19241 Martin Ridges Apt. 528,060.800.6837,Jenette.Williams@gmail.com
user00682,Darryl Sichler,65099 Jones Circles,8378716849,Darryl.Sichler@gmail.com
user00683,Mary Varner,288 Samantha Wells,1-709-571-3,Mary.Varner@gmail.com
user00684,Gilberto Grundy,744 Jennifer Summit,573-412-6505,Gilberto.Grundy@gmail.com
user00685,Mark Jones,60510 Sabrina Radial,001-246-190-,Mark.Jones@gmail.com
user00686,Elouise Guerette,37932 Little Views Suite 902,001-787-992-,Elouise.Guerette@gmail.com
user00687,Mercedes Estes,18176 Campbell Row Suite 015,449-044-2742,Mercedes.Estes@gmail.com
user00688,Hong Graham,06465 Esparza Spurs,1404867853,Hong.Graham@gmail.com
user00689,Patricia Peavey,8625 Powers Route Apt. 768,001-360-490-,Patricia.Peavey@gmail.com
user00690,Alesha Golson,589 Johnson Inlet Suite 388,1-359-120-4,Alesha.Golson@gmail.com
user00691,Ronald Mccormick,60515 Hill Land Suite 231,001-644-755-,Ronald.Mccormick@gmail.com
user00692,Mark Randall,20493 Susan Alley,256.714.1508,Mark.Randall@gmail.com
user00693,Christi Nolan,53845 Chapman Hollow Suite 436,966.903.7229,Christi.Nolan@gmail.com
user00694,Alice Tuttle,3268 Martinez Tunnel Apt. 274,420-781-4245,Alice.Tuttle@gmail.com
user00695,Brian Rosado,88679 Klein Land,778.027.3145,Brian.Rosado@gmail.com
user00696,Laverne Trejo,9123 Chad Gardens,1-439-801-7,Laverne.Trejo@gmail.com
user00697,Ellen Rogers,2656 Leah Lane Suite 716,001-539-588-,Ellen.Rogers@gmail.com
user00698,Robert Oliphant,785 Brandy Circles Suite 681,1-219-415-9,Robert.Oliphant@gmail.com
user00699,Florencia Cron,5626 Fletcher Road,704.639.0077,Florencia.Cron@gmail.com
user00700,Judy Domingues,8583 Larsen Vista Suite 682,(770)990-802,Judy.Domingues@gmail.com
user00701,Helen Bonnette,43432 Kelley Key Suite 989,380-882-8226,Helen.Bonnette@gmail.com
user00702,Joan Mcduffie,074 Sherman Shores Apt. 713,2802011761,Joan.Mcduffie@gmail.com
user00703,Lucy Walker,047 Patrick Hill Apt. 331,(611)748-959,Lucy.Walker@gmail.com
user00704,James Newburn,9287 Turner Common Suite 006,001-012-730-,James.Newburn@gmail.com
user00705,Shawn Makowski,418 Courtney Stravenue,1-151-74-7,Shawn.Makowski@gmail.com
user00706,Michael Hill,2735 Natalie Dam Apt. 055,488.751.0567,Michael.Hill@gmail.com
user00707,Byron Gailey,0061 Cindy Hill Apt. 880,324-528-8795,Byron.Gailey@gmail.com
user00708,Henry Taylor,26107 Allen Parkways,(570)958-211,Henry.Taylor@gmail.com
user00709,Marjorie Murphy,23723 Denise Branch Apt. 426,899.107.1434,Marjorie.Murphy@gmail.com
user00710,Daisy Whitney,50537 Mosley Views,787.108.5278,Daisy.Whitney@gmail.com
user00711,Virginia Toy,950 Richard Ports Apt. 094,780.887.8315,Virginia.Toy@gmail.com
user00712,Sheila Ace,4625 Nathaniel Track,1-904-340-1,Sheila.Ace@gmail.com
user00713,Alicia Hankin,7622 Ramirez Prairie Apt. 906,730.455.0350,Alicia.Hankin@gmail.com
user00714,Crystal Littlefield,4275 Holland Ford,889.653.9941,Crystal.Littlefield@gmail.com
user00715,Austin Beard,4349 Aaron Forks,1-550-50-7,Austin.Beard@gmail.com
user00716,Paris Melton,962 Hubbard Forks Suite 060,544-614-5443,Paris.Melton@gmail.com
user00717,Brian Jackson,13166 Richard Keys,132.239.0629,Brian.Jackson@gmail.com
user00718,Terri Pendergrass,4354 Jennifer Loaf Apt. 676,(048)594-596,Terri.Pendergrass@gmail.com
user00719,Wesley Serrano,66332 Jason Ridge Suite 300,664.121.1487,Wesley.Serrano@gmail.com
user00720,Gertrude Frailey,671 Ashley Freeway,458-634-3609,Gertrude.Frailey@gmail.com
user00721,Brenda Bettencourt,62966 Hudson Light,(913)322-228,Brenda.Bettencourt@gmail.com
user00722,Roger Phaneuf,416 Taylor Prairie Suite 609,001-000-740-,Roger.Phaneuf@gmail.com
user00723,Nancy Manzano,749 Howell Tunnel Apt. 913,283.298.6187,Nancy.Manzano@gmail.com
user00724,Kristi Kimble,014 Joseph Locks,(982)594-536,Kristi.Kimble@gmail.com
user00725,Dorothy Lastra,129 Lance Streets,130-274-9799,Dorothy.Lastra@gmail.com
user00726,Tana Johnson,0983 Henry Square Apt. 875,887.757.1346,Tana.Johnson@gmail.com
user00727,Edith Prunty,510 William Crescent Suite 200,697-883-7142,Edith.Prunty@gmail.com
user00728,Elizabeth Gross,02873 Ashley Island Apt. 551,769-320-4543,Elizabeth.Gross@gmail.com
user00729,Melissa Baumgarter,27214 Parrish Locks Apt. 634,1-152-714-3,Melissa.Baumgarter@gmail.com
user00730,David Calloway,36579 Chloe Parkway,127.950.7706,David.Calloway@gmail.com
user00731,Donald Harvey,80922 Andrew Pine,826-474-7751,Donald.Harvey@gmail.com
user00732,Harold Hoffman,34681 Matthew Course,001-118-332-,Harold.Hoffman@gmail.com
user00733,Sandra Murry,05290 Benjamin Route Suite 973,001-917-875-,Sandra.Murry@gmail.com
user00734,David Cook,9818 Cruz Keys,026-452-9353,David.Cook@gmail.com
user00735,Rita Baker,776 Angie Stravenue Apt. 074,1-899-721-3,Rita.Baker@gmail.com
user00736,Lue Cox,152 Misty Shoal Apt. 610,799.990.9115,Lue.Cox@gmail.com
user00737,Cynthia Fuente,85234 Gonzalez Glen Apt. 617,664.244.3090,Cynthia.Fuente@gmail.com
user00738,Orville Salazar,70287 Jeremy Square Suite 700,(819)982-436,Orville.Salazar@gmail.com
user00739,Juan Thompson,58655 Thomas Roads Apt. 817,872-313-8095,Juan.Thompson@gmail.com
user00740,Brandon Smail,1402 Donna Forge,(196)360-381,Brandon.Smail@gmail.com
user00741,Patricia Krul,7441 Ryan Underpass Suite 484,782.379.2679,Patricia.Krul@gmail.com
user00742,Sarah Musigdilok,27016 Williams Points Apt. 581,001-475-562-,Sarah.Musigdilok@gmail.com
user00743,Marilyn Francis,1486 Virginia Village Suite 130,001-621-737-,Marilyn.Francis@gmail.com
user00744,Kaye Wicks,4224 Brandon Islands Apt. 595,7128417430,Kaye.Wicks@gmail.com
user00745,Ronald Bathe,5577 Sara Court,044.993.4570,Ronald.Bathe@gmail.com
user00746,Marilyn Cox,979 Lisa Trail Suite 404,(430)496-893,Marilyn.Cox@gmail.com
user00747,Paul Murrietta,6809 Ramirez Springs Apt. 130,(092)516-901,Paul.Murrietta@gmail.com
user00748,Mary Kavanagh,747 Alvarez Walk Suite 821,(706)981-075,Mary.Kavanagh@gmail.com
user00749,Debbie Puffinberger,79274 Taylor Mission Apt. 930,000-589-9787,Debbie.Puffinberger@gmail.com
user00750,Bobbie Knowlton,9208 Scott Street,4673365370,Bobbie.Knowlton@gmail.com
user00751,Olga Yates,0471 Wong Cove,6387420418,Olga.Yates@gmail.com
user00752,Mildred Ennis,532 Scott Center,408-237-9940,Mildred.Ennis@gmail.com
user00753,Matthew Bellows,079 Spencer Glens,909.966.8952,Matthew.Bellows@gmail.com
user00754,Kevin Dube,64833 George Tunnel,1-614-91-4,Kevin.Dube@gmail.com
user00755,Jeff Kruger,957 Anthony Lake,022-306-7409,Jeff.Kruger@gmail.com
user00756,Clara Espinoza,7733 Robert Island,494.616.7266,Clara.Espinoza@gmail.com
user00757,Michael Yousef,168 Kristin Turnpike Apt. 651,9690982836,Michael.Yousef@gmail.com
user00758,Marie Rodgers,542 Gina Track,173.565.7747,Marie.Rodgers@gmail.com
user00759,Vera Mendoza,732 Megan Mountain,793-349-0152,Vera.Mendoza@gmail.com
user00760,David Smith,86291 Joshua Isle Suite 952,1-435-868-7,David.Smith@gmail.com
user00761,Marci Boyle,03114 James Park Apt. 224,(000)614-331,Marci.Boyle@gmail.com
user00762,Roger Surrett,0661 Freeman Green Apt. 099,(899)074-416,Roger.Surrett@gmail.com
user00763,Antonia Mcgee,09122 Michelle Mews,596-473-8194,Antonia.Mcgee@gmail.com
user00764,Debra Smykowski,552 Michael Mountain Suite 746,001-648-996-,Debra.Smykowski@gmail.com
user00765,Marie Giuliano,6652 Richard Ville Suite 694,165-387-6555,Marie.Giuliano@gmail.com
user00766,Ann Mills,1278 Peterson Circles Apt. 609,9651497885,Ann.Mills@gmail.com
user00767,Shelley Robertson,75296 Jonathan Squares Suite 938,001-407-491-,Shelley.Robertson@gmail.com
user00768,Adolfo Shininger,12891 Fields Well,001-773-609-,Adolfo.Shininger@gmail.com
user00769,Lisa Ward,4590 Brenda Gateway Suite 885,381-622-8378,Lisa.Ward@gmail.com
user00770,Barbara Bowen,591 Cheryl Isle Suite 807,1-684-415-4,Barbara.Bowen@gmail.com
user00771,Mai Hadley,930 Teresa Freeway Apt. 059,(687)786-958,Mai.Hadley@gmail.com
user00772,Linda Oglesby,2308 Elizabeth Turnpike Suite 482,1-213-982-3,Linda.Oglesby@gmail.com
user00773,Adrian Wong,58633 Megan Heights Suite 471,207.213.2462,Adrian.Wong@gmail.com
user00774,Leah Sterling,35043 Fernando Course,882.189.5365,Leah.Sterling@gmail.com
user00775,Timmy Robinson,84094 Costa Crest Suite 467,(443)616-539,Timmy.Robinson@gmail.com
user00776,Rebecca Norstrand,860 Obrien Curve,001-081-020-,Rebecca.Norstrand@gmail.com
user00777,Diana Eagan,8628 Daniel Station,1-848-566-0,Diana.Eagan@gmail.com
user00778,Lucille Odonnell,596 Joshua Flats,530-254-1837,Lucille.Odonnell@gmail.com
user00779,Phil Meeter,08015 Chambers Row,755-884-2937,Phil.Meeter@gmail.com
user00780,Chester Tiffany,8944 Harvey Loop Suite 128,1-169-11-7,Chester.Tiffany@gmail.com
user00781,Debra Howell,19077 Good Bridge,622.371.7528,Debra.Howell@gmail.com
user00782,Annie Moffett,7023 Kelly Squares,001-869-092-,Annie.Moffett@gmail.com
user00783,Shirley Petrillo,058 Johnston Greens Suite 346,1-982-442-1,Shirley.Petrillo@gmail.com
user00784,Michael Melvin,628 Carl Place Apt. 814,772-001-2048,Michael.Melvin@gmail.com
user00785,Shannon Domino,2281 Douglas Squares Apt. 795,376.975.6760,Shannon.Domino@gmail.com
user00786,William Haro,180 Roberto Mission Suite 723,144.324.3533,William.Haro@gmail.com
user00787,Anita Washington,61774 Williams Ports Apt. 264,588.638.2727,Anita.Washington@gmail.com
user00788,Ruth Giannakopoulo,3670 Anderson Mountain,001-104-430-,Ruth.Giannakopoulo@gmail.com
user00789,Jerry Sutton,38611 Martinez Fields Apt. 209,175-652-9168,Jerry.Sutton@gmail.com
user00790,Wesley Ott,2768 Joshua Forge,221-314-2993,Wesley.Ott@gmail.com
user00791,Randall Robinson,804 Andrade Cape Apt. 404,175.852.5117,Randall.Robinson@gmail.com
user00792,Blake Edwards,200 Shelton Spurs,001-459-672-,Blake.Edwards@gmail.com
user00793,Angel Talbott,53478 Laura Row Suite 403,1-844-2-2,Angel.Talbott@gmail.com
user00794,Perry Straight,45362 Nixon Trail,711.326.3049,Perry.Straight@gmail.com
user00795,James Ainsworth,943 Hamilton Oval,264-429-7418,James.Ainsworth@gmail.com
user00796,Joanne Cervantes,98903 Erika Club Apt. 346,4529414762,Joanne.Cervantes@gmail.com
user00797,Angel Okelley,5477 Monica Bridge,(762)191-163,Angel.Okelley@gmail.com
user00798,Mamie Smalls,04043 Thomas Landing Suite 863,617-197-6758,Mamie.Smalls@gmail.com
user00799,Thomas Semaan,648 Philip River,001-187-060-,Thomas.Semaan@gmail.com
user00800,Kevin Neves,41302 Jones Expressway,1-678-662-9,Kevin.Neves@gmail.com
user00801,Krista Arena,4984 Duane Prairie,967-938-2471,Krista.Arena@gmail.com
user00802,Kenneth Klein,51903 West Spring,1-889-219-2,Kenneth.Klein@gmail.com
user00803,Richard Soffer,172 Davis Field Apt. 857,(561)331-162,Richard.Soffer@gmail.com
user00804,Louise Lucas,80207 Jeremy Station,549-712-9338,Louise.Lucas@gmail.com
user00805,Andrew Schultz,2269 Hernandez Harbor,(251)536-790,Andrew.Schultz@gmail.com
user00806,Della Pabon,05844 Steven Brook,1-42-761-4,Della.Pabon@gmail.com
user00807,Arlene Gugler,5302 Jackson Roads,1-234-486-7,Arlene.Gugler@gmail.com
user00808,Michael Chamberlain,79570 Warren Way,001-762-422-,Michael.Chamberlain@gmail.com
user00809,Julie Black,831 Monique Square,1-711-824-8,Julie.Black@gmail.com
user00810,Richard Black,25534 Nicholas Island,4338150107,Richard.Black@gmail.com
user00811,Kathy Mcneil,9614 Jeffrey Rue Suite 922,001-314-518-,Kathy.Mcneil@gmail.com
user00812,Joyce Ellis,40867 Barry Path Apt. 399,810374314,Joyce.Ellis@gmail.com
user00813,Peter Burns,945 Williams Place,112.599.1942,Peter.Burns@gmail.com
user00814,Bonnie Toole,4003 Nicole Mills,913.893.2324,Bonnie.Toole@gmail.com
user00815,Tammie Lynn,7067 Mendoza Street Suite 847,828.847.7220,Tammie.Lynn@gmail.com
user00816,Sam Parker,640 Kristen Lock Apt. 893,5655612891,Sam.Parker@gmail.com
user00817,Carolyn Mcmullen,75152 Sheryl Ports,403.212.9699,Carolyn.Mcmullen@gmail.com
user00818,Larry Duckett,51431 Clark Causeway Suite 530,319-095-5401,Larry.Duckett@gmail.com
user00819,Carolyn Sanez,039 Brown Inlet Suite 868,001-038-106-,Carolyn.Sanez@gmail.com
user00820,Margaret Brenner,648 Marilyn Keys,2422106871,Margaret.Brenner@gmail.com
user00821,Stewart Dietzler,370 Hernandez Mountains,899.708.4976,Stewart.Dietzler@gmail.com
user00822,Pearl Blocker,9284 Brown Port,1-476-776-9,Pearl.Blocker@gmail.com
user00823,Walter Taylor,2379 Hickman Light,1-995-618-0,Walter.Taylor@gmail.com
user00824,Heriberto Nguyen,22396 Ramirez Shoals Suite 676,001-073-065-,Heriberto.Nguyen@gmail.com
user00825,Richard Padgett,115 Torres Forges Apt. 462,699-153-1893,Richard.Padgett@gmail.com
user00826,Mable Powell,417 Jessica Tunnel Apt. 410,(507)439-832,Mable.Powell@gmail.com
user00827,Christie Coleman,923 Higgins Drive,001-095-552-,Christie.Coleman@gmail.com
user00828,Bertha Boucher,4942 Riddle Center,3397157864,Bertha.Boucher@gmail.com
user00829,Carl Fletcher,9770 Mary Falls,001-181-452-,Carl.Fletcher@gmail.com
user00830,Nellie Pak,75560 Serrano Row Suite 242,(636)338-387,Nellie.Pak@gmail.com
user00831,Douglas Jusino,4474 Mark Inlet Suite 778,1-62-463-1,Douglas.Jusino@gmail.com
user00832,James Rock,715 Schmidt View,877.334.6905,James.Rock@gmail.com
user00833,Elizabeth Cohen,5436 Allen Wells Suite 574,001-407-916-,Elizabeth.Cohen@gmail.com
user00834,Kirk Cook,403 Arroyo Cliffs Suite 850,328-930-3635,Kirk.Cook@gmail.com
user00835,Lucinda Fabry,4106 Anthony Road,(968)261-423,Lucinda.Fabry@gmail.com
user00836,Nicole Young,78179 Espinoza Green Apt. 978,(492)521-803,Nicole.Young@gmail.com
user00837,Kevin Rankin,454 Anna Motorway,750.181.4527,Kevin.Rankin@gmail.com
user00838,Michael Larson,5576 William Turnpike Suite 312,(511)522-109,Michael.Larson@gmail.com
user00839,Joel Goings,16270 Evans Prairie Suite 858,750.129.6942,Joel.Goings@gmail.com
user00840,Cynthia Williams,4962 Danielle Corner,(109)896-752,Cynthia.Williams@gmail.com
user00841,Maritza Myers,892 Reynolds Skyway,799-264-6570,Maritza.Myers@gmail.com
user00842,David Walker,66540 Parker Radial,6610103079,David.Walker@gmail.com
user00843,Jermaine Richards,05173 Kathy Coves Suite 886,001-042-991-,Jermaine.Richards@gmail.com
user00844,Christopher Crawford,452 Schmidt Shore Suite 739,001-403-712-,Christopher.Crawford@gmail.com
user00845,Rita Hubbard,012 Scott Center Apt. 690,(058)657-230,Rita.Hubbard@gmail.com
user00846,Kathleen Bergseng,07654 Kelli Creek,622.217.5258,Kathleen.Bergseng@gmail.com
user00847,Velma Lewis,074 Lauren Crescent Apt. 157,056.194.3109,Velma.Lewis@gmail.com
user00848,Denice Flores,1806 Ryan Crest,001-231-894-,Denice.Flores@gmail.com
user00849,Nancy Hansen,92016 Kelsey Mission,001-540-509-,Nancy.Hansen@gmail.com
user00850,June Gentry,9126 Robert Hollow Suite 114,571-863-7049,June.Gentry@gmail.com
user00851,Louise Robinson,20042 Smith Shore Suite 429,800-318-3708,Louise.Robinson@gmail.com
user00852,Carolina Beitz,55285 Spencer Overpass,549.575.0468,Carolina.Beitz@gmail.com
user00853,Michelle Bates,67578 Samantha Corners Apt. 737,5724406375,Michelle.Bates@gmail.com
user00854,Joanna Houchens,9215 Erin Plains,(398)730-778,Joanna.Houchens@gmail.com
user00855,Francis Lance,88623 Barr Stream,064-820-1508,Francis.Lance@gmail.com
user00856,Scott Laud,2737 Frost Via Apt. 905,1019436341,Scott.Laud@gmail.com
user00857,John Alvarez,706 Debra Pine Suite 994,(999)198-391,John.Alvarez@gmail.com
user00858,Larry Ulibarri,925 Hall Land Apt. 529,1-750-132-2,Larry.Ulibarri@gmail.com
user00859,Rodney Hein,594 Michael Stravenue,9234374132,Rodney.Hein@gmail.com
user00860,Della King,8568 Zimmerman Burg Suite 737,276.116.0220,Della.King@gmail.com
user00861,Rita Plotner,4076 Adams Lodge Suite 289,057.066.1432,Rita.Plotner@gmail.com
user00862,George Reece,0456 Nicole Highway Apt. 929,001-864-999-,George.Reece@gmail.com
user00863,Desmond Ramsey,157 Timothy Meadows Apt. 514,(227)410-386,Desmond.Ramsey@gmail.com
user00864,Julie Carino,5966 Jaime Meadows,346-123-6537,Julie.Carino@gmail.com
user00865,George Speaks,12423 Rhodes Courts Apt. 577,106-870-6067,George.Speaks@gmail.com
user00866,James Booker,637 Curtis Haven Apt. 112,(372)503-649,James.Booker@gmail.com
user00867,Newton Young,2176 April Club,(745)885-531,Newton.Young@gmail.com
user00868,Joy Johnson,1744 Kellie Oval Suite 540,024-187-4034,Joy.Johnson@gmail.com
user00869,Sylvia Adrian,4522 Lane Square,994.067.4455,Sylvia.Adrian@gmail.com
user00870,Elizabeth Davidson,8530 Deborah Walks Apt. 771,353.055.2426,Elizabeth.Davidson@gmail.com
user00871,Willie Tarnowski,05173 Alan Overpass,829.411.9313,Willie.Tarnowski@gmail.com
user00872,Robert Stephen,0027 Danielle Port Suite 732,833.742.2926,Robert.Stephen@gmail.com
user00873,Rusty Trammel,46702 Ronald Islands,1-77-587-6,Rusty.Trammel@gmail.com
user00874,Freddie Skill,93802 Nicholas Course,(041)852-868,Freddie.Skill@gmail.com
user00875,Katherine Pruitt,5191 Rachel Brook,622-190-8485,Katherine.Pruitt@gmail.com
user00876,William Quinones,972 Li Stravenue Apt. 069,(041)729-053,William.Quinones@gmail.com
user00877,Terry Bethel,80718 Brooke Motorway,1-610-534-7,Terry.Bethel@gmail.com
user00878,Calvin Green,5739 Alexander Hills Apt. 468,947.340.2135,Calvin.Green@gmail.com
user00879,Joseph Dunaway,163 Leonard Place Suite 766,001-197-521-,Joseph.Dunaway@gmail.com
user00880,Richard Jackson,90798 John Crescent Suite 908,854-220-3347,Richard.Jackson@gmail.com
user00881,Christine Simmons,337 Mathews Roads Apt. 775,585.283.2264,Christine.Simmons@gmail.com
user00882,Roger Goodsell,3666 Daniel Knoll Suite 807,001-222-236-,Roger.Goodsell@gmail.com
user00883,Eva Mosby,61252 Mackenzie Vista,328.436.2635,Eva.Mosby@gmail.com
user00884,Robert Dickinson,33776 Mary Road,420-204-5360,Robert.Dickinson@gmail.com
user00885,Thomas Houpe,42957 Mary Squares,368.623.2725,Thomas.Houpe@gmail.com
user00886,Mary Robertson,281 Justin Skyway,1-766-987-4,Mary.Robertson@gmail.com
user00887,Steven Grosse,6526 Jeffery Street,001-834-815-,Steven.Grosse@gmail.com
user00888,Mark Sanders,68628 Elizabeth Valley,001-419-604-,Mark.Sanders@gmail.com
user00889,Anita Russell,9394 Perez Vista,6937306231,Anita.Russell@gmail.com
user00890,Sandra Haas,533 Wilson Mission Suite 129,(756)765-074,Sandra.Haas@gmail.com
user00891,Jessie Axel,097 Hahn Way Apt. 604,639.088.5232,Jessie.Axel@gmail.com
user00892,Debra Valverde,55503 Marc Pass,1-473-178-6,Debra.Valverde@gmail.com
user00893,Brandon Bellocchio,85619 William Hollow Suite 728,001-284-239-,Brandon.Bellocchio@gmail.com
user00894,Joshua Butler,773 Michael Camp,788-705-9775,Joshua.Butler@gmail.com
user00895,Kayla Trevethan,541 Davies Estate Apt. 830,624-084-5047,Kayla.Trevethan@gmail.com
user00896,Ann Mccarty,9448 Hayden Center,299.808.8235,Ann.Mccarty@gmail.com
user00897,David Cox,86163 Garner Prairie Suite 102,1-504-605-5,David.Cox@gmail.com
user00898,Glenn Patterson,9301 Lewis Locks,396.825.2811,Glenn.Patterson@gmail.com
user00899,Ralph Young,9902 Bruce Gateway,1-641-502-4,Ralph.Young@gmail.com
user00900,Joan Westerheide,77575 Judy Hills,001-106-784-,Joan.Westerheide@gmail.com
user00901,Rebecca Bunton,05362 White Bypass Suite 101,(388)499-476,Rebecca.Bunton@gmail.com
user00902,Edgar Sedgwick,97903 Goodwin Flats,1-874-756-8,Edgar.Sedgwick@gmail.com
user00903,Joanne Detweiler,40355 Regina Rest Suite 569,1-352-760-6,Joanne.Detweiler@gmail.com
user00904,Ralph Martindale,4787 Elizabeth Rapid Apt. 560,001-849-040-,Ralph.Martindale@gmail.com
user00905,Bryan Saad,266 Justin Port,(861)379-316,Bryan.Saad@gmail.com
user00906,Harry Calhoun,79522 Ingram Freeway,(117)185-138,Harry.Calhoun@gmail.com
user00907,James Patterson,1421 Hill Pike,5544996833,James.Patterson@gmail.com
user00908,Lisa Hutton,8475 Donna Field,805-761-5147,Lisa.Hutton@gmail.com
user00909,Howard Ferguson,085 Smith Estates Apt. 737,001-614-125-,Howard.Ferguson@gmail.com
user00910,John Franck,731 Miller Trace Suite 584,219-008-4257,John.Franck@gmail.com
user00911,David Kimmer,18085 Barton Harbor Suite 743,(902)299-224,David.Kimmer@gmail.com
user00912,Mary Snow,49504 Danielle Lake Apt. 682,1-482-321-2,Mary.Snow@gmail.com
user00913,Kimberly Rose,80114 Sean Plain,252068066,Kimberly.Rose@gmail.com
user00914,Andrea Brown,3543 Timothy Trail,449.890.8614,Andrea.Brown@gmail.com
user00915,Jesse Allen,260 Park Circles Suite 901,1-21-10-0,Jesse.Allen@gmail.com
user00916,Alberta Young,8934 Garcia Lakes,(218)494-417,Alberta.Young@gmail.com
user00917,Pennie Thomas,3197 Harvey Stravenue,001-918-497-,Pennie.Thomas@gmail.com
user00918,Regina Menzies,98881 Natasha Ranch Apt. 824,1-254-417-1,Regina.Menzies@gmail.com
user00919,Todd Johnke,7585 Ellen Road,775-163-1290,Todd.Johnke@gmail.com
user00920,Connie Weidler,6623 Jennifer Springs Suite 490,602-494-1002,Connie.Weidler@gmail.com
user00921,James Long,178 Kerry Flat Suite 933,121-590-2935,James.Long@gmail.com
user00922,Tina Joseph,6156 Sandra Mountain,904-396-6964,Tina.Joseph@gmail.com
user00923,Brett Rives,604 Nixon Heights,001-719-099-,Brett.Rives@gmail.com
user00924,Vicki Stokes,93149 Campbell Station Suite 679,(460)604-948,Vicki.Stokes@gmail.com
user00925,Dorothy Coates,9772 Jennifer Brook Suite 285,1-594-95-0,Dorothy.Coates@gmail.com
user00926,Edward Rodriguez,657 Adam Fields Apt. 906,3326685751,Edward.Rodriguez@gmail.com
user00927,Mary Zerbe,116 Flores Extensions Suite 456,775.565.7686,Mary.Zerbe@gmail.com
user00928,Frieda Lazenby,6576 Leblanc Terrace,1-876-969-3,Frieda.Lazenby@gmail.com
user00929,Cheryl Dancy,252 Amanda Greens Suite 086,1-628-114-3,Cheryl.Dancy@gmail.com
user00930,Gene Espinoza,0698 Kevin Port Apt. 403,554.505.4182,Gene.Espinoza@gmail.com
user00931,Willa Mcgee,08128 Courtney Squares Suite 162,(982)029-411,Willa.Mcgee@gmail.com
user00932,Alex Rivera,760 Scott Canyon Suite 026,187-420-6054,Alex.Rivera@gmail.com
user00933,James Branch,23072 Garrett Skyway,5483111238,James.Branch@gmail.com
user00934,Patricia Serrano,145 Kelly Valley,001-640-097-,Patricia.Serrano@gmail.com
user00935,Maxine Ducksworth,371 Salinas Mews Suite 852,(201)004-352,Maxine.Ducksworth@gmail.com
user00936,Brett Lonergan,5470 Lauren Throughway Suite 848,705-698-6365,Brett.Lonergan@gmail.com
user00937,Julie Mowles,35376 Jason Place,3433179382,Julie.Mowles@gmail.com
user00938,Donald Hunking,6228 Odonnell Mission Suite 106,358.870.9695,Donald.Hunking@gmail.com
user00939,Ami Chouteau,92471 Kenneth Plaza,001-192-407-,Ami.Chouteau@gmail.com
user00940,Michael Houston,3112 Juarez Junction Suite 189,320.390.6395,Michael.Houston@gmail.com
user00941,Pauline Geist,9253 Turner Forks,452-430-8305,Pauline.Geist@gmail.com
user00942,Denise Ciaburri,833 Peck Ville,001-518-222-,Denise.Ciaburri@gmail.com
user00943,Helen Wilkerson,84391 Lane Pine Suite 609,400.055.7999,Helen.Wilkerson@gmail.com
user00944,John Knight,356 Riley Plains,208.753.7755,John.Knight@gmail.com
user00945,Barbara Smith,573 Lori Station Apt. 839,3412931835,Barbara.Smith@gmail.com
user00946,Gertrude Dumas,384 Henry Fall Apt. 780,001-513-139-,Gertrude.Dumas@gmail.com
user00947,Mike George,499 Timothy Landing Suite 923,(974)101-806,Mike.George@gmail.com
user00948,Patricia Klein,27721 Finley Junction Suite 018,105-596-8957,Patricia.Klein@gmail.com
user00949,Glenda Holohan,465 Campbell Bypass,(974)446-257,Glenda.Holohan@gmail.com
user00950,Marita Baldwin,797 Jennifer Pine Apt. 458,799-490-8766,Marita.Baldwin@gmail.com
user00951,Martha Price,11156 Timothy Inlet Suite 750,6865029538,Martha.Price@gmail.com
user00952,Errol Woodruff,945 Fisher Land Suite 876,645.267.7040,Errol.Woodruff@gmail.com
user00953,Matthew Sims,6899 Jennifer Shores,236.772.0385,Matthew.Sims@gmail.com
user00954,Daniel Burke,76838 Charles Villages Suite 303,635.459.0718,Daniel.Burke@gmail.com
user00955,David Burris,215 Miller Camp Apt. 048,522-932-1167,David.Burris@gmail.com
user00956,Maria Williams,2536 Joel Glen Apt. 684,(422)290-045,Maria.Williams@gmail.com
user00957,Betty Williams,4028 Andrew Grove Suite 510,(429)893-706,Betty.Williams@gmail.com
user00958,John Hockenberry,70763 Ann Drive,1182710652,John.Hockenberry@gmail.com
user00959,Stanley Maglio,30178 Mccoy Parkways Suite 784,(659)432-139,Stanley.Maglio@gmail.com
user00960,Marion Johnson,826 Roy Fork Suite 790,1-724-805-5,Marion.Johnson@gmail.com
user00961,Susan Prothro,303 Ryan Roads,751-082-0187,Susan.Prothro@gmail.com
user00962,Kelly Lewis,433 Moreno Haven,567-574-9204,Kelly.Lewis@gmail.com
user00963,Fredrick Ford,579 Rebecca Trail,080.219.6976,Fredrick.Ford@gmail.com
user00964,Antonio Garmon,99935 Ariana Pike,607929587,Antonio.Garmon@gmail.com
user00965,Monica Jones,0259 Galvan Mountains Apt. 823,1-302-290-1,Monica.Jones@gmail.com
user00966,George Stahlberg,5360 Anderson Court Apt. 360,(813)964-642,George.Stahlberg@gmail.com
user00967,Kerstin Christner,4968 Baker Junctions Suite 215,(674)303-179,Kerstin.Christner@gmail.com
user00968,Edward Lee,3389 Sanchez Point,1-47-735-9,Edward.Lee@gmail.com
user00969,Brian Hines,69030 Eric Place,778.777.3635,Brian.Hines@gmail.com
user00970,Edna Anderson,2113 Garcia Summit,618.530.3743,Edna.Anderson@gmail.com
user00971,Stacia Jennings,1784 Austin Drive,001-717-816-,Stacia.Jennings@gmail.com
user00972,Ronda Turnquist,53209 Sarah Greens,1-217-540-0,Ronda.Turnquist@gmail.com
user00973,Christopher Martin,7098 Dominguez Light Apt. 876,1-211-0-1,Christopher.Martin@gmail.com
user00974,James Keyes,37603 Zhang Cape Apt. 102,400.057.3717,James.Keyes@gmail.com
user00975,Veronica King,2232 Nicole Wells,1-713-728-2,Veronica.King@gmail.com
user00976,Donna Silvernail,8454 Aaron Crossroad,(499)908-138,Donna.Silvernail@gmail.com
user00977,Patricia Eastman,0359 Rodriguez Burgs Apt. 493,(676)368-854,Patricia.Eastman@gmail.com
user00978,Carol Scott,2192 Robinson Tunnel Apt. 937,(188)560-711,Carol.Scott@gmail.com
user00979,Carla Stephens,863 Carter Throughway Apt. 410,905.497.4735,Carla.Stephens@gmail.com
user00980,Shirley Reeves,972 Marshall Meadow,1-566-149-3,Shirley.Reeves@gmail.com
user00981,Vincent Harris,2762 Keith Forges Suite 808,037.686.5482,Vincent.Harris@gmail.com
user00982,Raymond Haza,63505 Christopher Parkways Apt. 521,184-002-5626,Raymond.Haza@gmail.com
user00983,David Spruill,84714 Kimberly Heights,060.649.4623,David.Spruill@gmail.com
user00984,Ashley Barrett,04175 Cook Coves,001-991-358-,Ashley.Barrett@gmail.com
user00985,Sallie Clark,43311 Miller Light,512-923-2246,Sallie.Clark@gmail.com
user00986,James Bringle,29589 Suzanne Mountains,387.877.1622,James.Bringle@gmail.com
user00987,Hershel Melendez,68483 Odonnell Glen,088.124.3697,Hershel.Melendez@gmail.com
user00988,James Gage,6924 Cory Isle Apt. 019,910.432.5263,James.Gage@gmail.com
user00989,Kristian Davis,4856 Eric Fields Apt. 105,(364)978-065,Kristian.Davis@gmail.com
user00990,Anthony Schmidt,4969 Winters Street,604-685-1627,Anthony.Schmidt@gmail.com
user00991,Charles Beavers,264 Robert Points Suite 107,001-969-947-,Charles.Beavers@gmail.com
user00992,Diana Vergari,6575 Brandy Underpass Apt. 337,996.597.2705,Diana.Vergari@gmail.com
user00993,Stanley Haward,825 Mccoy Mountain Apt. 258,001-805-837-,Stanley.Haward@gmail.com
user00994,Jerry Bowers,49439 David Ferry,327.029.4501,Jerry.Bowers@gmail.com
user00995,Kathryn Hayden,7638 Jennifer Views Suite 754,1-108-828-0,Kathryn.Hayden@gmail.com
user00996,Irma Porter,800 Christian Gateway Suite 510,020.735.5788,Irma.Porter@gmail.com
user00997,James Boyer,8436 Palmer Dale Suite 356,001-114-828-,James.Boyer@gmail.com
user00998,Becky Holmes,940 Mcknight Points Apt. 887,(823)645-384,Becky.Holmes@gmail.com
user00999,Amanda Carter,9787 Martin Extension Suite 699,6705985593,Amanda.Carter@gmail.com
user01000,Jon Cobb,858 Hernandez Ports Suite 124,1-300-188-3,Jon.Cobb@gmail.com
